ISO-10303-21;
HEADER;
FILE_DESCRIPTION (( 'STEP AP214' ),
    '1' );
FILE_NAME ('User Library-NMJ6HCD2.STEP',
    '2026-06-07T15:13:06',
    ( '' ),
    ( '' ),
    'SwSTEP 2.0',
    'SolidWorks 2022',
    '' );
FILE_SCHEMA (( 'AUTOMOTIVE_DESIGN' ));
ENDSEC;

DATA;
#1 = VECTOR ( 'NONE', #1172, 39.37007874015748143 ) ;
#2 = B_SPLINE_CURVE_WITH_KNOTS ( 'NONE', 3,
 ( #241, #2394, #4546, #2423, #4581, #1907, #4053, #3092, #3163, #3053, #2675, #5267, #386, #2568, #3628, #4719, #6329, #4687, #6365, #2533, #2637, #3129 ),
 .UNSPECIFIED., .F., .F.,
 ( 4, 2, 2, 2, 2, 2, 2, 2, 2, 2, 4 ),
 ( 3.054917147457148704E-19, 0.001104802995194114398, 0.001657204492791171596, 0.002209605990388228795, 0.003314408985582343193, 0.004419211980776456723, 0.005524014975970569820, 0.006628817971164682916, 0.007181219468761740332, 0.007733620966358797748, 0.008838423961552911712 ),
 .UNSPECIFIED. ) ;
#3 = ORIENTED_EDGE ( 'NONE', *, *, #4088, .F. ) ;
#4 = DIRECTION ( 'NONE',  ( -0.0000000000000000000, 1.000000000000000000, 0.0000000000000000000 ) ) ;
#5 = EDGE_LOOP ( 'NONE', ( #4412, #6965 ) ) ;
#6 = AXIS2_PLACEMENT_3D ( 'NONE', #1392, #4666, #2480 ) ;
#7 = EDGE_CURVE ( 'NONE', #3638, #791, #1045, .T. ) ;
#8 = EDGE_CURVE ( 'NONE', #1744, #640, #6824, .T. ) ;
#9 = CARTESIAN_POINT ( 'NONE',  ( 0.2352362204714992522, 0.2273686271854815644, 2.663551793822656786E-15 ) ) ;
#10 = ORIENTED_EDGE ( 'NONE', *, *, #419, .F. ) ;
#11 = VERTEX_POINT ( 'NONE', #6296 ) ;
#12 = ORIENTED_EDGE ( 'NONE', *, *, #4957, .F. ) ;
#13 = CARTESIAN_POINT ( 'NONE',  ( 0.3297244094704998019, 0.3285433070852992188, 2.664535259100375303E-15 ) ) ;
#14 = ORIENTED_EDGE ( 'NONE', *, *, #6986, .F. ) ;
#15 = CARTESIAN_POINT ( 'NONE',  ( 1.205321214387282037E-18, 0.3582677165339993031, -0.2921259842507990534 ) ) ;
#16 = DIRECTION ( 'NONE',  ( 1.000000000000000000, 0.0000000000000000000, 0.0000000000000000000 ) ) ;
#17 = DIRECTION ( 'NONE',  ( -1.000000000000000000, 0.0000000000000000000, 0.0000000000000000000 ) ) ;
#18 = FILL_AREA_STYLE_COLOUR ( '', #6409 ) ;
#19 = LINE ( 'NONE', #3151, #4487 ) ;
#20 = ORIENTED_EDGE ( 'NONE', *, *, #5026, .F. ) ;
#21 = DIRECTION ( 'NONE',  ( 0.0000000000000000000, -0.7071067811865443531, -0.7071067811865507924 ) ) ;
#22 = CARTESIAN_POINT ( 'NONE',  ( 0.3148038521911556975, -0.2722930320583651920, 0.1172306448981628724 ) ) ;
#23 = CARTESIAN_POINT ( 'NONE',  ( -0.7387937305823458756, 0.1940232554672477461, 0.1007386291075061113 ) ) ;
#24 = APPLICATION_CONTEXT ( 'automotive_design' ) ;
#25 = CARTESIAN_POINT ( 'NONE',  ( 0.3148038585660071220, -0.2722930320583651920, 0.1172304988566748030 ) ) ;
#26 = CARTESIAN_POINT ( 'NONE',  ( 0.1574803149599999230, -0.3285433070852992188, -0.4543307086595991251 ) ) ;
#27 = EDGE_LOOP ( 'NONE', ( #6612, #3422, #880, #5681 ) ) ;
#28 = EDGE_CURVE ( 'NONE', #1303, #6629, #4192, .T. ) ;
#29 = EDGE_CURVE ( 'NONE', #2545, #1632, #5911, .T. ) ;
#30 = VECTOR ( 'NONE', #5531, 39.37007874015748143 ) ;
#31 = ORIENTED_EDGE ( 'NONE', *, *, #1858, .F. ) ;
#32 = LINE ( 'NONE', #3763, #2584 ) ;
#33 = DIRECTION ( 'NONE',  ( 0.0000000000000000000, 1.000000000000000000, 0.0000000000000000000 ) ) ;
#34 = CARTESIAN_POINT ( 'NONE',  ( 0.3524547350064634599, -0.3285433070852991633, -0.3204724409435995014 ) ) ;
#35 = DIRECTION ( 'NONE',  ( 0.0000000000000000000, 0.0000000000000000000, 1.000000000000000000 ) ) ;
#36 = DIRECTION ( 'NONE',  ( 1.000000000000000000, 0.0000000000000000000, 0.0000000000000000000 ) ) ;
#37 = EDGE_CURVE ( 'NONE', #3382, #2918, #3557, .T. ) ;
#38 = EDGE_CURVE ( 'NONE', #574, #5240, #1450, .T. ) ;
#39 = VECTOR ( 'NONE', #6245, 39.37007874015748143 ) ;
#40 = ORIENTED_EDGE ( 'NONE', *, *, #1454, .F. ) ;
#41 = AXIS2_PLACEMENT_3D ( 'NONE', #6209, #3439, #763 ) ;
#42 = DIRECTION ( 'NONE',  ( -6.123031769111886291E-17, -1.000000000000000000, 0.0000000000000000000 ) ) ;
#43 = ORIENTED_EDGE ( 'NONE', *, *, #2278, .F. ) ;
#44 = ADVANCED_FACE ( 'NONE', ( #694 ), #2905, .F. ) ;
#45 =( NAMED_UNIT ( * ) SI_UNIT ( $, .STERADIAN. ) SOLID_ANGLE_UNIT ( ) );
#46 = EDGE_CURVE ( 'NONE', #3224, #74, #4605, .T. ) ;
#47 = EDGE_LOOP ( 'NONE', ( #1661, #6333, #155, #2608 ) ) ;
#48 = LINE ( 'NONE', #3283, #3776 ) ;
#49 = ORIENTED_EDGE ( 'NONE', *, *, #3992, .F. ) ;
#50 = FACE_OUTER_BOUND ( 'NONE', #5452, .T. ) ;
#51 = CARTESIAN_POINT ( 'NONE',  ( 0.0000000000000000000, -0.3285433070852992188, -0.3118110236207991548 ) ) ;
#52 = CARTESIAN_POINT ( 'NONE',  ( 0.4852362204704991910, -0.2559938388666496145, 0.1835730902654524599 ) ) ;
#53 = EDGE_LOOP ( 'NONE', ( #624, #2148, #1520, #3418 ) ) ;
#54 = ORIENTED_EDGE ( 'NONE', *, *, #6136, .T. ) ;
#55 = DIRECTION ( 'NONE',  ( 0.0000000000000000000, -1.000000000000000000, 6.123031769111886291E-17 ) ) ;
#56 = VECTOR ( 'NONE', #3034, 39.37007874015748143 ) ;
#57 = DIRECTION ( 'NONE',  ( 0.03489949670263183673, -0.0000000000000000000, -0.9993908270190912102 ) ) ;
#58 = DIRECTION ( 'NONE',  ( 0.0000000000000000000, 1.000000000000000000, -6.123031769111886291E-17 ) ) ;
#59 = LINE ( 'NONE', #2409, #4123 ) ;
#60 = EDGE_LOOP ( 'NONE', ( #5833, #1892, #5853, #639, #2403, #1589, #1284, #3709, #3341, #6240 ) ) ;
#61 = VECTOR ( 'NONE', #2878, 39.37007874015748143 ) ;
#62 = CIRCLE ( 'NONE', #963, 0.04999999999980000998 ) ;
#63 = DIRECTION ( 'NONE',  ( 2.651350529933818450E-17, 1.000000000000000000, -1.530757941964097993E-17 ) ) ;
#64 = ORIENTED_EDGE ( 'NONE', *, *, #5037, .T. ) ;
#65 = DIRECTION ( 'NONE',  ( 6.123031769111886291E-17, -1.000000000000000000, 6.123031769111886291E-17 ) ) ;
#66 = CIRCLE ( 'NONE', #6499, 0.1261811023500000184 ) ;
#67 = FACE_OUTER_BOUND ( 'NONE', #6639, .T. ) ;
#68 = AXIS2_PLACEMENT_3D ( 'NONE', #1241, #1910, #4550 ) ;
#69 = DIRECTION ( 'NONE',  ( 1.000000000000000000, -0.0000000000000000000, -0.0000000000000000000 ) ) ;
#70 = CARTESIAN_POINT ( 'NONE',  ( 0.5001567777274592563, -0.2722931342309194980, 0.1172306266429770094 ) ) ;
#71 = ORIENTED_EDGE ( 'NONE', *, *, #2183, .F. ) ;
#72 = ADVANCED_FACE ( 'NONE', ( #6178 ), #2448, .F. ) ;
#73 = CARTESIAN_POINT ( 'NONE',  ( 0.4311023622030001334, -0.3285433070852992188, -0.4543307086595991251 ) ) ;
#74 = VERTEX_POINT ( 'NONE', #158 ) ;
#75 = VERTEX_POINT ( 'NONE', #3900 ) ;
#76 = EDGE_LOOP ( 'NONE', ( #182, #6955, #1458, #4973 ) ) ;
#77 =( BOUNDED_CURVE ( )  B_SPLINE_CURVE ( 3, ( #3924, #2849, #1846, #789 ),
 .UNSPECIFIED., .F., .T. ) 
 B_SPLINE_CURVE_WITH_KNOTS ( ( 4, 4 ),
 ( 1.570796326794895004, 4.712388980384687898 ),
 .UNSPECIFIED. ) 
 CURVE ( )  GEOMETRIC_REPRESENTATION_ITEM ( )  RATIONAL_B_SPLINE_CURVE ( ( 1.000000000000000000, 0.3333333333333333703, 0.3333333333333333703, 1.000000000000000000 ) ) 
 REPRESENTATION_ITEM ( '' )  );
#78 = CIRCLE ( 'NONE', #3112, 0.04999999999980000998 ) ;
#79 = DIRECTION ( 'NONE',  ( 0.0000000000000000000, -6.123031769111886291E-17, -1.000000000000000000 ) ) ;
#80 = ORIENTED_EDGE ( 'NONE', *, *, #287, .F. ) ;
#81 = EDGE_CURVE ( 'NONE', #1758, #2917, #2833, .T. ) ;
#82 = DIRECTION ( 'NONE',  ( -1.000000000000000000, 6.123031769111886291E-17, -3.749151804555343599E-33 ) ) ;
#83 = CARTESIAN_POINT ( 'NONE',  ( 0.2125058949125353536, -0.3285433070852991633, -0.3204724409435995014 ) ) ;
#84 = DIRECTION ( 'NONE',  ( -0.03489949669734759841, 0.0000000000000000000, -0.9993908270192757293 ) ) ;
#85 = EDGE_CURVE ( 'NONE', #213, #6298, #1839, .T. ) ;
#86 = EDGE_CURVE ( 'NONE', #701, #5073, #2416, .T. ) ;
#87 = EDGE_CURVE ( 'NONE', #6541, #5073, #5000, .T. ) ;
#88 = FACE_OUTER_BOUND ( 'NONE', #5485, .T. ) ;
#89 = CARTESIAN_POINT ( 'NONE',  ( 0.4675065665337347909, 0.3285433070852991633, -0.3118110236207990438 ) ) ;
#90 = DIRECTION ( 'NONE',  ( -1.000000000000000000, 0.0000000000000000000, 0.0000000000000000000 ) ) ;
#91 = PLANE ( 'NONE',  #2681 ) ;
#92 = ORIENTED_EDGE ( 'NONE', *, *, #5964, .F. ) ;
#93 = VECTOR ( 'NONE', #4183, 39.37007874015748143 ) ;
#94 = PLANE ( 'NONE',  #826 ) ;
#95 = ORIENTED_EDGE ( 'NONE', *, *, #107, .F. ) ;
#96 = CARTESIAN_POINT ( 'NONE',  ( 0.4074803149589998341, -0.3104330708652991433, -0.4543307086595991251 ) ) ;
#97 = CARTESIAN_POINT ( 'NONE',  ( -8.881784197001252323E-16, -0.3385826771639992572, -0.3118110236207991548 ) ) ;
#98 = DIRECTION ( 'NONE',  ( 0.0000000000000000000, 0.0000000000000000000, -1.000000000000000000 ) ) ;
#99 = DIRECTION ( 'NONE',  ( -0.4999999999487388935, 0.0000000000000000000, -0.8660254038140342558 ) ) ;
#100 = VECTOR ( 'NONE', #6146, 39.37007874015748143 ) ;
#101 = ORIENTED_EDGE ( 'NONE', *, *, #5414, .F. ) ;
#102 = ORIENTED_EDGE ( 'NONE', *, *, #6662, .T. ) ;
#103 = VECTOR ( 'NONE', #4144, 39.37007874015748143 ) ;
#104 = CARTESIAN_POINT ( 'NONE',  ( 0.1338582677159996237, -0.3285433070852992188, -0.3283464566915989535 ) ) ;
#105 = AXIS2_PLACEMENT_3D ( 'NONE', #6010, #65, #6533 ) ;
#106 = ORIENTED_EDGE ( 'NONE', *, *, #6865, .T. ) ;
#107 = EDGE_CURVE ( 'NONE', #4449, #6804, #6467, .T. ) ;
#108 = VERTEX_POINT ( 'NONE', #303 ) ;
#109 = CARTESIAN_POINT ( 'NONE',  ( 0.3515748031481994440, -0.3582677165339996916, -0.09999999999959906238 ) ) ;
#110 = DIMENSIONAL_EXPONENTS ( 1.000000000000000000, 0.0000000000000000000, 0.0000000000000000000, 0.0000000000000000000, 0.0000000000000000000, 0.0000000000000000000, 0.0000000000000000000 ) ;
#111 = VERTEX_POINT ( 'NONE', #6675 ) ;
#112 = DIRECTION ( 'NONE',  ( 0.0000000000000000000, 1.000000000000000000, -6.123031769111886291E-17 ) ) ;
#113 = DIRECTION ( 'NONE',  ( -1.000000000000000000, -6.123031769111886291E-17, 3.749151804555343599E-33 ) ) ;
#114 = CARTESIAN_POINT ( 'NONE',  ( 0.3759842519670000272, 0.3285433070852992188, -0.3204724409435995014 ) ) ;
#115 = ORIENTED_EDGE ( 'NONE', *, *, #5672, .T. ) ;
#116 = FACE_BOUND ( 'NONE', #4996, .T. ) ;
#117 = CARTESIAN_POINT ( 'NONE',  ( -0.7158535582041731793, 0.0000000000000000000, 0.0000000000000000000 ) ) ;
#118 = DIRECTION ( 'NONE',  ( 1.000000000000000000, 0.0000000000000000000, 0.0000000000000000000 ) ) ;
#119 = LINE ( 'NONE', #2794, #635 ) ;
#120 = CARTESIAN_POINT ( 'NONE',  ( 0.5797244094694997685, -0.2273686271854815366, 2.663551793822656786E-15 ) ) ;
#121 = VERTEX_POINT ( 'NONE', #4572 ) ;
#122 = EDGE_CURVE ( 'NONE', #1878, #6360, #5078, .T. ) ;
#123 = ORIENTED_EDGE ( 'NONE', *, *, #645, .T. ) ;
#124 = EDGE_CURVE ( 'NONE', #4466, #2744, #1829, .T. ) ;
#125 = DIRECTION ( 'NONE',  ( 0.0000000000000000000, 6.123031769111886291E-17, 1.000000000000000000 ) ) ;
#126 = ORIENTED_EDGE ( 'NONE', *, *, #5804, .F. ) ;
#127 =( CONVERSION_BASED_UNIT ( 'INCH', #6597 ) LENGTH_UNIT ( ) NAMED_UNIT ( #3306 ) );
#128 = LINE ( 'NONE', #4895, #1913 ) ;
#129 = LINE ( 'NONE', #5624, #4042 ) ;
#130 = CARTESIAN_POINT ( 'NONE',  ( -0.6181102362200001643, 0.0000000000000000000, 0.0000000000000000000 ) ) ;
#131 = CARTESIAN_POINT ( 'NONE',  ( -0.6181102362200001643, 0.0000000000000000000, 0.0000000000000000000 ) ) ;
#132 = VECTOR ( 'NONE', #1928, 39.37007874015748143 ) ;
#133 = ADVANCED_FACE ( 'NONE', ( #6116 ), #5548, .T. ) ;
#134 = ORIENTED_EDGE ( 'NONE', *, *, #5702, .T. ) ;
#135 = ORIENTED_EDGE ( 'NONE', *, *, #1559, .F. ) ;
#136 = DIRECTION ( 'NONE',  ( 0.0000000000000000000, 1.000000000000000000, 0.0000000000000000000 ) ) ;
#137 = CARTESIAN_POINT ( 'NONE',  ( 0.2125058949125353536, -0.3285433070852992188, -0.3204724409435995014 ) ) ;
#138 = ORIENTED_EDGE ( 'NONE', *, *, #4659, .F. ) ;
#139 = AXIS2_PLACEMENT_3D ( 'NONE', #1332, #3481, #6212 ) ;
#140 = VERTEX_POINT ( 'NONE', #5623 ) ;
#141 = CARTESIAN_POINT ( 'NONE',  ( 0.6889763779499995522, -0.3285433070852992188, -0.3283464566915989535 ) ) ;
#142 = VECTOR ( 'NONE', #1223, 39.37007874015748143 ) ;
#143 = LINE ( 'NONE', #2291, #4585 ) ;
#144 = DIRECTION ( 'NONE',  ( 0.0000000000000000000, -6.123031769111886291E-17, -1.000000000000000000 ) ) ;
#145 = DIRECTION ( 'NONE',  ( 0.0000000000000000000, 0.0000000000000000000, 1.000000000000000000 ) ) ;
#146 = VERTEX_POINT ( 'NONE', #2386 ) ;
#147 = CARTESIAN_POINT ( 'NONE',  ( 0.0000000000000000000, 0.3582677165339997472, 4.440892098500626162E-16 ) ) ;
#148 = AXIS2_PLACEMENT_3D ( 'NONE', #3117, #942, #2595 ) ;
#149 = LINE ( 'NONE', #5102, #5710 ) ;
#150 = DIRECTION ( 'NONE',  ( 0.0000000000000000000, -6.123031769111886291E-17, -1.000000000000000000 ) ) ;
#151 = LINE ( 'NONE', #3434, #5954 ) ;
#152 = CARTESIAN_POINT ( 'NONE',  ( 0.2125058949125353536, 0.3285433070852991633, -0.3204724409435995014 ) ) ;
#153 = ORIENTED_EDGE ( 'NONE', *, *, #3446, .F. ) ;
#154 = CYLINDRICAL_SURFACE ( 'NONE', #3524, 0.007874015748000031539 ) ;
#155 = ORIENTED_EDGE ( 'NONE', *, *, #2590, .T. ) ;
#156 = CYLINDRICAL_SURFACE ( 'NONE', #1420, 0.2519685039360020085 ) ;
#157 = DIRECTION ( 'NONE',  ( 0.0000000000000000000, 0.0000000000000000000, 1.000000000000000000 ) ) ;
#158 = CARTESIAN_POINT ( 'NONE',  ( 0.2352362204714992244, 0.3285433070852991633, 1.554894430232841664E-15 ) ) ;
#159 = CARTESIAN_POINT ( 'NONE',  ( 0.3188976377939989892, 0.2722930975535922116, 1.049413158155591385E-15 ) ) ;
#160 = EDGE_CURVE ( 'NONE', #4654, #1707, #4538, .T. ) ;
#161 = DIRECTION ( 'NONE',  ( 1.000000000000000000, 6.123031769111886291E-17, -3.749151804555343599E-33 ) ) ;
#162 = PLANE ( 'NONE',  #2565 ) ;
#163 = ORIENTED_EDGE ( 'NONE', *, *, #1749, .T. ) ;
#164 = VECTOR ( 'NONE', #4898, 39.37007874015748143 ) ;
#165 = VERTEX_POINT ( 'NONE', #5864 ) ;
#166 = CIRCLE ( 'NONE', #6724, 0.1556775442178812696 ) ;
#167 = LINE ( 'NONE', #2318, #2127 ) ;
#168 = EDGE_CURVE ( 'NONE', #6613, #4920, #5113, .T. ) ;
#169 = DIRECTION ( 'NONE',  ( -1.000000000000000000, 0.0000000000000000000, 0.0000000000000000000 ) ) ;
#170 = EDGE_CURVE ( 'NONE', #4295, #1757, #3065, .T. ) ;
#171 = LINE ( 'NONE', #4225, #3507 ) ;
#172 = CIRCLE ( 'NONE', #4111, 0.01968503937000001119 ) ;
#173 = VERTEX_POINT ( 'NONE', #6810 ) ;
#174 = ORIENTED_EDGE ( 'NONE', *, *, #4384, .T. ) ;
#175 = VECTOR ( 'NONE', #3596, 39.37007874015748143 ) ;
#176 = ORIENTED_EDGE ( 'NONE', *, *, #2986, .T. ) ;
#177 = CARTESIAN_POINT ( 'NONE',  ( 0.1338582677159996237, -0.3285433070852992188, -0.3283464566915989535 ) ) ;
#178 = VERTEX_POINT ( 'NONE', #4180 ) ;
#179 = CARTESIAN_POINT ( 'NONE',  ( 0.3297244094704998019, -0.2431879680263148991, 0.1963789611057866480 ) ) ;
#180 = CYLINDRICAL_SURFACE ( 'NONE', #1893, 0.2964566929122000039 ) ;
#181 = DIRECTION ( 'NONE',  ( 0.0000000000000000000, -6.123031769111886291E-17, -1.000000000000000000 ) ) ;
#182 = ORIENTED_EDGE ( 'NONE', *, *, #1587, .F. ) ;
#183 = CARTESIAN_POINT ( 'NONE',  ( 0.6015748031471988000, 0.3582677165339996916, -0.09999999999959906238 ) ) ;
#184 = CARTESIAN_POINT ( 'NONE',  ( 0.3759842519670000272, -0.3104330708652991433, -0.3204724409435995014 ) ) ;
#185 = CARTESIAN_POINT ( 'NONE',  ( 0.2133858267707999523, 0.3582677165339995806, -0.2921259842507990534 ) ) ;
#186 = CARTESIAN_POINT ( 'NONE',  ( -7.312282033949526069E-18, -0.3582677165339996916, 4.586044999982150795E-16 ) ) ;
#187 = CARTESIAN_POINT ( 'NONE',  ( 0.07972440947149994628, -0.2785433070854992366, 0.1610236220466032264 ) ) ;
#188 = ORIENTED_EDGE ( 'NONE', *, *, #6165, .F. ) ;
#189 = ORIENTED_EDGE ( 'NONE', *, *, #842, .T. ) ;
#190 = EDGE_CURVE ( 'NONE', #6111, #3727, #453, .T. ) ;
#191 = DIRECTION ( 'NONE',  ( 1.000000000000000000, 6.123031769111886291E-17, -3.749151804555343599E-33 ) ) ;
#192 = ADVANCED_FACE ( 'NONE', ( #944 ), #6923, .F. ) ;
#193 = ORIENTED_EDGE ( 'NONE', *, *, #2496, .T. ) ;
#194 = CARTESIAN_POINT ( 'NONE',  ( 0.7352362204694999903, -0.3285433070852991633, 1.575011241300965445E-15 ) ) ;
#195 = DIRECTION ( 'NONE',  ( -0.0000000000000000000, -1.000000000000000000, 6.123031769111886291E-17 ) ) ;
#196 = CARTESIAN_POINT ( 'NONE',  ( 0.6015748031471988000, -0.3285433070852991633, -0.3118110236207990438 ) ) ;
#197 = AXIS2_PLACEMENT_3D ( 'NONE', #4509, #3484, #3375 ) ;
#198 = PLANE ( 'NONE',  #1976 ) ;
#199 = CARTESIAN_POINT ( 'NONE',  ( 0.1024547350074636043, -0.3285433070852992188, -0.3204724409435995014 ) ) ;
#200 = DIMENSIONAL_EXPONENTS ( 1.000000000000000000, 0.0000000000000000000, 0.0000000000000000000, 0.0000000000000000000, 0.0000000000000000000, 0.0000000000000000000, 0.0000000000000000000 ) ;
#201 = ADVANCED_FACE ( 'NONE', ( #4075 ), #6888, .T. ) ;
#202 = AXIS2_PLACEMENT_3D ( 'NONE', #5246, #403, #1534 ) ;
#203 = ORIENTED_EDGE ( 'NONE', *, *, #1344, .F. ) ;
#204 = VERTEX_POINT ( 'NONE', #6846 ) ;
#205 = DIRECTION ( 'NONE',  ( 0.0000000000000000000, 0.0000000000000000000, -1.000000000000000000 ) ) ;
#206 = CARTESIAN_POINT ( 'NONE',  ( -0.6929133858260003720, -0.2518175308232993292, -0.008721132140003709510 ) ) ;
#207 = DIRECTION ( 'NONE',  ( 0.0000000000000000000, 1.000000000000000000, -6.123031769111886291E-17 ) ) ;
#208 = VECTOR ( 'NONE', #6495, 39.37007874015748143 ) ;
#209 = AXIS2_PLACEMENT_3D ( 'NONE', #4271, #1599, #1564 ) ;
#210 = VERTEX_POINT ( 'NONE', #4105 ) ;
#211 = VERTEX_POINT ( 'NONE', #1475 ) ;
#212 = EDGE_CURVE ( 'NONE', #4967, #1042, #4143, .T. ) ;
#213 = VERTEX_POINT ( 'NONE', #3010 ) ;
#214 = ADVANCED_FACE ( 'NONE', ( #2038 ), #2558, .T. ) ;
#215 = LINE ( 'NONE', #3457, #4003 ) ;
#216 = EDGE_LOOP ( 'NONE', ( #5813, #5006, #390, #5242, #3463, #2464, #536, #5215, #2075, #188 ) ) ;
#217 = VECTOR ( 'NONE', #1722, 39.37007874015748143 ) ;
#218 = VECTOR ( 'NONE', #1191, 39.37007874015748143 ) ;
#219 = FACE_OUTER_BOUND ( 'NONE', #5488, .T. ) ;
#220 = PLANE ( 'NONE',  #307 ) ;
#221 = CARTESIAN_POINT ( 'NONE',  ( 0.6889763779499995522, -0.3285433070852992188, -0.3204724409435995014 ) ) ;
#222 = CARTESIAN_POINT ( 'NONE',  ( -0.7387937305823458756, 1.707404996040164512E-17, -0.2185039370069999376 ) ) ;
#223 = VECTOR ( 'NONE', #2417, 39.37007874015748143 ) ;
#224 = VERTEX_POINT ( 'NONE', #2630 ) ;
#225 = CARTESIAN_POINT ( 'NONE',  ( 0.1259842519680001161, 0.3285433070852992188, -0.3283464566915989535 ) ) ;
#226 = LINE ( 'NONE', #1359, #2297 ) ;
#227 = CARTESIAN_POINT ( 'NONE',  ( 0.5797244094694997685, -0.2785433070854992366, 0.1610236220466032264 ) ) ;
#228 = CARTESIAN_POINT ( 'NONE',  ( -0.6889763779520006182, -0.2518175308232990517, 0.008721132140004694833 ) ) ;
#229 = CARTESIAN_POINT ( 'NONE',  ( 0.3515748031481988889, -0.3285433070852992188, -0.3118110236207991548 ) ) ;
#230 = ORIENTED_EDGE ( 'NONE', *, *, #4179, .T. ) ;
#231 = ORIENTED_EDGE ( 'NONE', *, *, #2948, .T. ) ;
#232 = LINE ( 'NONE', #3509, #3298 ) ;
#233 = CARTESIAN_POINT ( 'NONE',  ( 0.4675065665337347909, -0.3385826771640010335, -0.3118110236207991548 ) ) ;
#234 = CARTESIAN_POINT ( 'NONE',  ( 0.3515748031481992775, -0.3582677165339994141, -0.2921259842507990534 ) ) ;
#235 = DIRECTION ( 'NONE',  ( 0.0000000000000000000, 1.000000000000000000, 0.0000000000000000000 ) ) ;
#236 = CARTESIAN_POINT ( 'NONE',  ( 0.4852362204704992465, -0.04680900692053275441, 1.818171591584580393E-15 ) ) ;
#237 = EDGE_CURVE ( 'NONE', #3400, #4193, #5185, .T. ) ;
#238 = FACE_OUTER_BOUND ( 'NONE', #2343, .T. ) ;
#239 = EDGE_LOOP ( 'NONE', ( #5628, #4064 ) ) ;
#240 = FACE_OUTER_BOUND ( 'NONE', #2216, .T. ) ;
#241 = CARTESIAN_POINT ( 'NONE',  ( -0.7387937305823458756, 1.707404996040164512E-17, -0.2185039370069999376 ) ) ;
#242 = EDGE_CURVE ( 'NONE', #6373, #6615, #3618, .T. ) ;
#243 = CIRCLE ( 'NONE', #4525, 0.04999999999980000998 ) ;
#244 = CARTESIAN_POINT ( 'NONE',  ( 0.3297244094704998019, 0.2559938388666496145, 0.1835730902654524599 ) ) ;
#245 = EDGE_LOOP ( 'NONE', ( #6070, #231, #4612, #3222, #6688, #380, #2171, #4520, #1761, #4274, #584, #474, #3085, #5072 ) ) ;
#246 = ORIENTED_EDGE ( 'NONE', *, *, #3489, .F. ) ;
#247 = ORIENTED_EDGE ( 'NONE', *, *, #2369, .T. ) ;
#248 = FACE_OUTER_BOUND ( 'NONE', #53, .T. ) ;
#249 = ORIENTED_EDGE ( 'NONE', *, *, #3905, .F. ) ;
#250 = LINE ( 'NONE', #6098, #5408 ) ;
#251 = EDGE_CURVE ( 'NONE', #2918, #2594, #5827, .T. ) ;
#252 = EDGE_CURVE ( 'NONE', #3517, #5338, #1397, .T. ) ;
#253 = CARTESIAN_POINT ( 'NONE',  ( 0.5797244094694997685, -0.2559938388666494480, 0.1835730902654522656 ) ) ;
#254 = VECTOR ( 'NONE', #1378, 39.37007874015748143 ) ;
#255 = LENGTH_MEASURE_WITH_UNIT ( LENGTH_MEASURE( 0.02539999999999999897 ), #398 );
#256 = ORIENTED_EDGE ( 'NONE', *, *, #3837, .T. ) ;
#257 = ORIENTED_EDGE ( 'NONE', *, *, #6011, .F. ) ;
#258 = FACE_OUTER_BOUND ( 'NONE', #3108, .T. ) ;
#259 = AXIS2_PLACEMENT_3D ( 'NONE', #4674, #912, #3043 ) ;
#260 = FACE_OUTER_BOUND ( 'NONE', #4647, .T. ) ;
#261 = FACE_OUTER_BOUND ( 'NONE', #5514, .T. ) ;
#262 = DIRECTION ( 'NONE',  ( -0.0000000000000000000, -1.000000000000000000, -0.0000000000000000000 ) ) ;
#263 = VECTOR ( 'NONE', #2662, 39.37007874015748143 ) ;
#264 = EDGE_LOOP ( 'NONE', ( #3508, #824, #6871, #3348, #6720 ) ) ;
#265 = DIRECTION ( 'NONE',  ( 0.0000000000000000000, 1.000000000000000000, 0.0000000000000000000 ) ) ;
#266 = DIRECTION ( 'NONE',  ( -0.03489949670263183673, 0.0000000000000000000, 0.9993908270190912102 ) ) ;
#267 = LINE ( 'NONE', #3071, #3244 ) ;
#268 = CARTESIAN_POINT ( 'NONE',  ( 0.07972440947149994628, -0.2431879680263148991, 0.1963789611057866480 ) ) ;
#269 = LINE ( 'NONE', #3482, #103 ) ;
#270 = LINE ( 'NONE', #876, #3780 ) ;
#271 = DIRECTION ( 'NONE',  ( 0.0000000000000000000, 1.000000000000000000, 0.0000000000000000000 ) ) ;
#272 = ORIENTED_EDGE ( 'NONE', *, *, #5740, .T. ) ;
#273 = ORIENTED_EDGE ( 'NONE', *, *, #6814, .F. ) ;
#274 = CARTESIAN_POINT ( 'NONE',  ( 0.6015748031471988000, 0.3385826771639992017, -0.2921259842507990534 ) ) ;
#275 = VECTOR ( 'NONE', #1466, 39.37007874015748143 ) ;
#276 = DIRECTION ( 'NONE',  ( -6.123031769111886291E-17, -1.000000000000000000, 6.123031769111886291E-17 ) ) ;
#277 = CIRCLE ( 'NONE', #3431, 0.007874015748000031539 ) ;
#278 = LINE ( 'NONE', #845, #3437 ) ;
#279 = DIRECTION ( 'NONE',  ( 1.000000000000000000, 3.749151804555343599E-33, -2.295617560651552647E-49 ) ) ;
#280 = VERTEX_POINT ( 'NONE', #977 ) ;
#281 = ORIENTED_EDGE ( 'NONE', *, *, #5562, .F. ) ;
#282 = VECTOR ( 'NONE', #809, 39.37007874015748854 ) ;
#283 = ORIENTED_EDGE ( 'NONE', *, *, #1627, .F. ) ;
#284 = DIRECTION ( 'NONE',  ( 0.0000000000000000000, 1.000000000000000000, -6.123031769111886291E-17 ) ) ;
#285 = EDGE_CURVE ( 'NONE', #1707, #4847, #6026, .T. ) ;
#286 = ORIENTED_EDGE ( 'NONE', *, *, #6136, .F. ) ;
#287 = EDGE_CURVE ( 'NONE', #6374, #6126, #3541, .T. ) ;
#288 = LINE ( 'NONE', #179, #1449 ) ;
#289 = VECTOR ( 'NONE', #1583, 39.37007874015748143 ) ;
#290 = VERTEX_POINT ( 'NONE', #5291 ) ;
#291 = CARTESIAN_POINT ( 'NONE',  ( 0.7352362204694999903, -0.2559938388666496145, 0.1835730902654524599 ) ) ;
#292 = LENGTH_MEASURE_WITH_UNIT ( LENGTH_MEASURE( 0.02539999999999999897 ), #1354 );
#293 = ORIENTED_EDGE ( 'NONE', *, *, #467, .T. ) ;
#294 = DIRECTION ( 'NONE',  ( 0.0000000000000000000, 0.0000000000000000000, 1.000000000000000000 ) ) ;
#295 = DIRECTION ( 'NONE',  ( 0.0000000000000000000, 0.0000000000000000000, -1.000000000000000000 ) ) ;
#296 = CARTESIAN_POINT ( 'NONE',  ( -0.7280307559071865775, 0.2485774696688784757, -0.03890081666792353371 ) ) ;
#297 = CARTESIAN_POINT ( 'NONE',  ( 0.1259842519680001161, -0.3285433070852992188, -0.3283464566915989535 ) ) ;
#298 = ORIENTED_EDGE ( 'NONE', *, *, #382, .F. ) ;
#299 = LINE ( 'NONE', #2446, #6699 ) ;
#300 = DIRECTION ( 'NONE',  ( 0.0000000000000000000, 1.000000000000000000, -6.123031769111886291E-17 ) ) ;
#301 = ADVANCED_FACE ( 'NONE', ( #6282 ), #6697, .T. ) ;
#302 = EDGE_CURVE ( 'NONE', #2928, #6473, #5933, .T. ) ;
#303 = CARTESIAN_POINT ( 'NONE',  ( 0.2352362204714993354, -0.07242074860119956936, 1.751278501458924885E-15 ) ) ;
#304 = CARTESIAN_POINT ( 'NONE',  ( 0.0000000000000000000, 0.0000000000000000000, -0.2165354330750000056 ) ) ;
#305 = PLANE ( 'NONE',  #1308 ) ;
#306 = CARTESIAN_POINT ( 'NONE',  ( 0.6259842519659999382, 0.3104330708652991433, -0.3204724409435992794 ) ) ;
#307 = AXIS2_PLACEMENT_3D ( 'NONE', #1353, #3500, #4414 ) ;
#308 = VERTEX_POINT ( 'NONE', #2173 ) ;
#309 = ORIENTED_EDGE ( 'NONE', *, *, #3336, .F. ) ;
#310 = VECTOR ( 'NONE', #4746, 39.37007874015748143 ) ;
#311 = CARTESIAN_POINT ( 'NONE',  ( -0.6889763779520006182, 0.1334614873917839006, -0.2137198127430360306 ) ) ;
#312 = DIRECTION ( 'NONE',  ( -6.123031769111881361E-17, 1.000000000000000000, 0.0000000000000000000 ) ) ;
#313 = CARTESIAN_POINT ( 'NONE',  ( 0.1015748031491998660, 0.3582677165339997472, -0.2921259842507990534 ) ) ;
#314 = CARTESIAN_POINT ( 'NONE',  ( 7.312282033949489092E-18, 0.3582677165339996916, 4.439799359303160705E-16 ) ) ;
#315 = ORIENTED_EDGE ( 'NONE', *, *, #2310, .F. ) ;
#316 = VECTOR ( 'NONE', #6513, 39.37007874015748143 ) ;
#317 = ORIENTED_EDGE ( 'NONE', *, *, #337, .F. ) ;
#318 = VECTOR ( 'NONE', #3221, 39.37007874015748143 ) ;
#319 = ORIENTED_EDGE ( 'NONE', *, *, #4522, .T. ) ;
#320 = DIRECTION ( 'NONE',  ( 0.0000000000000000000, 0.0000000000000000000, 1.000000000000000000 ) ) ;
#321 = VERTEX_POINT ( 'NONE', #3227 ) ;
#322 = VECTOR ( 'NONE', #3090, 39.37007874015748143 ) ;
#323 = DIRECTION ( 'NONE',  ( 0.0000000000000000000, 0.0000000000000000000, -1.000000000000000000 ) ) ;
#324 = VECTOR ( 'NONE', #5117, 39.37007874015748143 ) ;
#325 = ORIENTED_EDGE ( 'NONE', *, *, #3039, .F. ) ;
#326 = EDGE_CURVE ( 'NONE', #3126, #6541, #6929, .T. ) ;
#327 = EDGE_CURVE ( 'NONE', #3527, #1601, #5367, .T. ) ;
#328 = ORIENTED_EDGE ( 'NONE', *, *, #3713, .F. ) ;
#329 = VECTOR ( 'NONE', #6676, 39.37007874015748143 ) ;
#330 = ORIENTED_EDGE ( 'NONE', *, *, #302, .F. ) ;
#331 = VECTOR ( 'NONE', #3588, 39.37007874015748143 ) ;
#332 = CARTESIAN_POINT ( 'NONE',  ( 0.3838582677149995348, -0.3285433070852992188, -0.3283464566915989535 ) ) ;
#333 = CARTESIAN_POINT ( 'NONE',  ( -0.7425406134733346653, -0.1482364680832973514, -0.1553618157022552126 ) ) ;
#334 = CARTESIAN_POINT ( 'NONE',  ( 0.1024547350074636043, -0.3285433070852992188, -0.3204724409435995014 ) ) ;
#335 = CIRCLE ( 'NONE', #6638, 0.007874015748000031539 ) ;
#336 = FACE_OUTER_BOUND ( 'NONE', #1904, .T. ) ;
#337 = EDGE_CURVE ( 'NONE', #2251, #1805, #5499, .T. ) ;
#338 = PLANE ( 'NONE',  #6984 ) ;
#339 = EDGE_CURVE ( 'NONE', #5634, #4565, #1614, .T. ) ;
#340 = VERTEX_POINT ( 'NONE', #3756 ) ;
#341 = EDGE_CURVE ( 'NONE', #3153, #5634, #2989, .T. ) ;
#342 = VERTEX_POINT ( 'NONE', #2664 ) ;
#343 = DIRECTION ( 'NONE',  ( 0.0000000000000000000, -1.000000000000000000, 0.0000000000000000000 ) ) ;
#344 = CARTESIAN_POINT ( 'NONE',  ( 0.4633858267697990030, -0.3285433070852992188, -0.09999999999959907626 ) ) ;
#345 = CARTESIAN_POINT ( 'NONE',  ( 0.8114173228314003339, 0.3582677165339997472, -0.06594492574901833493 ) ) ;
#346 = LINE ( 'NONE', #6179, #3367 ) ;
#347 = CARTESIAN_POINT ( 'NONE',  ( 0.7175065665327347020, -0.3385826771640010335, -0.3118110236207991548 ) ) ;
#348 = PLANE ( 'NONE',  #3803 ) ;
#349 = ADVANCED_FACE ( 'NONE', ( #88 ), #550, .F. ) ;
#350 = EDGE_CURVE ( 'NONE', #3525, #1730, #6487, .T. ) ;
#351 = ORIENTED_EDGE ( 'NONE', *, *, #5487, .F. ) ;
#352 = DIRECTION ( 'NONE',  ( 0.0000000000000000000, -1.000000000000000000, 0.0000000000000000000 ) ) ;
#353 = PLANE ( 'NONE',  #1684 ) ;
#354 = CARTESIAN_POINT ( 'NONE',  ( -0.4452755905514003132, 2.296212748382153535E-17, -0.1874999999984376109 ) ) ;
#355 = CARTESIAN_POINT ( 'NONE',  ( -1.815213748867245359E-17, 1.111461145204282972E-33, 4.440892098500626162E-16 ) ) ;
#356 = VERTEX_POINT ( 'NONE', #2102 ) ;
#357 = ORIENTED_EDGE ( 'NONE', *, *, #3916, .T. ) ;
#358 = DIRECTION ( 'NONE',  ( 1.000000000000000000, 0.0000000000000000000, 0.0000000000000000000 ) ) ;
#359 = ORIENTED_EDGE ( 'NONE', *, *, #4944, .T. ) ;
#360 = DIRECTION ( 'NONE',  ( 1.000000000000000000, 0.0000000000000000000, -0.0000000000000000000 ) ) ;
#361 = VERTEX_POINT ( 'NONE', #6988 ) ;
#362 = ORIENTED_EDGE ( 'NONE', *, *, #2813, .T. ) ;
#363 = ORIENTED_EDGE ( 'NONE', *, *, #375, .T. ) ;
#364 = CARTESIAN_POINT ( 'NONE',  ( 0.2125058949125353536, 0.3285433070852992188, -0.3204724409435995014 ) ) ;
#365 =( GEOMETRIC_REPRESENTATION_CONTEXT ( 3 ) GLOBAL_UNCERTAINTY_ASSIGNED_CONTEXT ( ( #2071 ) ) GLOBAL_UNIT_ASSIGNED_CONTEXT ( ( #4305, #5920, #3175 ) ) REPRESENTATION_CONTEXT ( 'NONE', 'WORKASPACE' ) );
#366 = PLANE ( 'NONE',  #3424 ) ;
#367 = CARTESIAN_POINT ( 'NONE',  ( -0.7719201090001630572, 0.02091610740770145568, -0.1612999239632438575 ) ) ;
#368 = CYLINDRICAL_SURFACE ( 'NONE', #4358, 0.007874015748000031539 ) ;
#369 = CARTESIAN_POINT ( 'NONE',  ( 0.0000000000000000000, -0.07242074860119984692, 4.704604013961912921E-16 ) ) ;
#370 = ORIENTED_EDGE ( 'NONE', *, *, #6428, .F. ) ;
#371 = VERTEX_POINT ( 'NONE', #3723 ) ;
#372 = CARTESIAN_POINT ( 'NONE',  ( 0.6574803149579997452, 0.3285433070852992188, -0.4543307086595991251 ) ) ;
#373 = VECTOR ( 'NONE', #6003, 39.37007874015748143 ) ;
#374 = EDGE_CURVE ( 'NONE', #707, #3574, #5902, .T. ) ;
#375 = EDGE_CURVE ( 'NONE', #1911, #5343, #5229, .T. ) ;
#376 = DIRECTION ( 'NONE',  ( -1.000000000000000000, 0.0000000000000000000, 0.0000000000000000000 ) ) ;
#377 = DIRECTION ( 'NONE',  ( 6.123031769111886291E-17, -1.000000000000000000, 6.123031769111886291E-17 ) ) ;
#378 = DIRECTION ( 'NONE',  ( 1.000000000000000000, 6.123031769111886291E-17, -3.749151804555343599E-33 ) ) ;
#379 = PLANE ( 'NONE',  #538 ) ;
#380 = ORIENTED_EDGE ( 'NONE', *, *, #1433, .T. ) ;
#381 = VERTEX_POINT ( 'NONE', #586 ) ;
#382 = EDGE_CURVE ( 'NONE', #2594, #3928, #2205, .T. ) ;
#383 = DIRECTION ( 'NONE',  ( 1.000000000000000000, 6.123031769111886291E-17, -3.749151804555343599E-33 ) ) ;
#384 = EDGE_CURVE ( 'NONE', #1058, #3831, #2736, .T. ) ;
#385 = CARTESIAN_POINT ( 'NONE',  ( 0.5797244094694997685, -0.3285433070852992188, 2.664535259100375303E-15 ) ) ;
#386 = CARTESIAN_POINT ( 'NONE',  ( -0.7387937305823457645, 0.1759276265446425014, -0.1304181334508434653 ) ) ;
#387 = CARTESIAN_POINT ( 'NONE',  ( 0.09745408495806598403, -0.3104330708652991433, -0.3118110423033926271 ) ) ;
#388 = ORIENTED_EDGE ( 'NONE', *, *, #3992, .T. ) ;
#389 = LINE ( 'NONE', #2541, #6053 ) ;
#390 = ORIENTED_EDGE ( 'NONE', *, *, #5084, .F. ) ;
#391 = ADVANCED_FACE ( 'NONE', ( #1581 ), #3855, .F. ) ;
#392 = EDGE_CURVE ( 'NONE', #5545, #6484, #2530, .T. ) ;
#393 = ADVANCED_FACE ( 'NONE', ( #3293 ), #5467, .T. ) ;
#394 = DIRECTION ( 'NONE',  ( 1.000000000000000000, 0.0000000000000000000, -0.0000000000000000000 ) ) ;
#395 = AXIS2_PLACEMENT_3D ( 'NONE', #5773, #2047, #3590 ) ;
#396 = ORIENTED_EDGE ( 'NONE', *, *, #4735, .T. ) ;
#397 = CARTESIAN_POINT ( 'NONE',  ( 0.1024547350074636043, -0.3104330708652991433, -0.3204724409435995014 ) ) ;
#398 =( LENGTH_UNIT ( ) NAMED_UNIT ( * ) SI_UNIT ( $, .METRE. ) );
#399 = ORIENTED_EDGE ( 'NONE', *, *, #4906, .T. ) ;
#400 = EDGE_LOOP ( 'NONE', ( #4266, #4382, #6230, #6445, #5141, #2333, #1808, #1855, #2846 ) ) ;
#401 = DIRECTION ( 'NONE',  ( 0.0000000000000000000, 0.0000000000000000000, 1.000000000000000000 ) ) ;
#402 = ORIENTED_EDGE ( 'NONE', *, *, #1321, .T. ) ;
#403 = DIRECTION ( 'NONE',  ( 1.000000000000000000, -0.0000000000000000000, -0.0000000000000000000 ) ) ;
#404 = VECTOR ( 'NONE', #1732, 39.37007874015748143 ) ;
#405 = CYLINDRICAL_SURFACE ( 'NONE', #2640, 0.2125984251960000293 ) ;
#406 = CARTESIAN_POINT ( 'NONE',  ( -0.6929133858260003720, -0.1254757207119674700, 0.2185039370070008258 ) ) ;
#407 = DIRECTION ( 'NONE',  ( 0.0000000000000000000, 1.000000000000000000, 0.0000000000000000000 ) ) ;
#408 = ORIENTED_EDGE ( 'NONE', *, *, #2298, .F. ) ;
#409 = CIRCLE ( 'NONE', #4793, 0.2165354330750000056 ) ;
#410 = ORIENTED_EDGE ( 'NONE', *, *, #822, .T. ) ;
#411 = AXIS2_PLACEMENT_3D ( 'NONE', #3369, #6673, #1190 ) ;
#412 = FACE_OUTER_BOUND ( 'NONE', #2201, .T. ) ;
#413 = DIRECTION ( 'NONE',  ( 0.0000000000000000000, 1.000000000000000000, -6.123031769111886291E-17 ) ) ;
#414 = CARTESIAN_POINT ( 'NONE',  ( 0.1338582677159996237, 0.3104330708652991433, -0.3720363413119387452 ) ) ;
#415 = LINE ( 'NONE', #946, #3095 ) ;
#416 = DIRECTION ( 'NONE',  ( 0.0000000000000000000, 0.0000000000000000000, 1.000000000000000000 ) ) ;
#417 = EDGE_CURVE ( 'NONE', #3727, #5775, #2189, .T. ) ;
#418 = B_SPLINE_CURVE_WITH_KNOTS ( 'NONE', 3,
 ( #3462, #6583, #648, #6658, #1735, #1175, #4381, #222 ),
 .UNSPECIFIED., .F., .F.,
 ( 4, 2, 2, 4 ),
 ( 0.01456775786220535461, 0.01526288728545829171, 0.01595801670871123054, 0.01734827555521710474 ),
 .UNSPECIFIED. ) ;
#419 = EDGE_CURVE ( 'NONE', #4080, #5343, #6590, .T. ) ;
#420 = VERTEX_POINT ( 'NONE', #2376 ) ;
#421 = EDGE_LOOP ( 'NONE', ( #4022, #6155, #2286, #821 ) ) ;
#422 = CARTESIAN_POINT ( 'NONE',  ( 0.3759842519670000272, -0.3104330708652991433, -0.3283464566915989535 ) ) ;
#423 = DIRECTION ( 'NONE',  ( 1.000000000000000000, 0.0000000000000000000, 0.0000000000000000000 ) ) ;
#424 = CARTESIAN_POINT ( 'NONE',  ( 0.5797244094694997685, -0.07242074860119947222, 1.748586742467691882E-15 ) ) ;
#425 = DIRECTION ( 'NONE',  ( 0.0000000000000000000, 0.0000000000000000000, -1.000000000000000000 ) ) ;
#426 = EDGE_CURVE ( 'NONE', #420, #6859, #757, .T. ) ;
#427 = DIRECTION ( 'NONE',  ( 0.0000000000000000000, 1.000000000000000000, 0.0000000000000000000 ) ) ;
#428 = EDGE_LOOP ( 'NONE', ( #642, #3176, #6190, #6208, #3314, #3937 ) ) ;
#429 = VECTOR ( 'NONE', #1022, 39.37007874015748854 ) ;
#430 = CARTESIAN_POINT ( 'NONE',  ( -0.7653543307074652802, 0.0000000000000000000, 0.0000000000000000000 ) ) ;
#431 = VERTEX_POINT ( 'NONE', #184 ) ;
#432 = DIRECTION ( 'NONE',  ( 0.0000000000000000000, 0.0000000000000000000, 1.000000000000000000 ) ) ;
#433 = AXIS2_PLACEMENT_3D ( 'NONE', #1371, #3122, #877 ) ;
#434 = LINE ( 'NONE', #2122, #5065 ) ;
#435 = FILL_AREA_STYLE_COLOUR ( '', #2264 ) ;
#436 = VERTEX_POINT ( 'NONE', #3396 ) ;
#437 = EDGE_CURVE ( 'NONE', #1505, #3016, #4033, .T. ) ;
#438 = VERTEX_POINT ( 'NONE', #4457 ) ;
#439 = CARTESIAN_POINT ( 'NONE',  ( 0.5648038585650070331, -0.2722930320583651920, 0.1172304988566748030 ) ) ;
#440 = VERTEX_POINT ( 'NONE', #1851 ) ;
#441 = AXIS2_PLACEMENT_3D ( 'NONE', #1759, #6049, #205 ) ;
#442 = PLANE ( 'NONE',  #900 ) ;
#443 = FACE_OUTER_BOUND ( 'NONE', #2118, .T. ) ;
#444 = DIRECTION ( 'NONE',  ( -0.0000000000000000000, 1.000000000000000000, -6.123031769111886291E-17 ) ) ;
#445 = PLANE ( 'NONE',  #4922 ) ;
#446 = CARTESIAN_POINT ( 'NONE',  ( 0.1015748031491998660, 0.3285433070852992188, -0.09999999999959906238 ) ) ;
#447 = VECTOR ( 'NONE', #570, 39.37007874015748143 ) ;
#448 = ORIENTED_EDGE ( 'NONE', *, *, #6130, .T. ) ;
#449 = AXIS2_PLACEMENT_3D ( 'NONE', #2053, #961, #1528 ) ;
#450 = ORIENTED_EDGE ( 'NONE', *, *, #3827, .T. ) ;
#451 = CARTESIAN_POINT ( 'NONE',  ( 0.2352362204714993354, -0.2431879680263148991, 0.1963789611057866480 ) ) ;
#452 = AXIS2_PLACEMENT_3D ( 'NONE', #1720, #1156, #1691 ) ;
#453 = LINE ( 'NONE', #874, #4761 ) ;
#454 = CARTESIAN_POINT ( 'NONE',  ( 0.5797244094694997685, -0.3104330708648994075, 1.755255986805086099E-15 ) ) ;
#455 = CARTESIAN_POINT ( 'NONE',  ( 0.5797244094694997685, -0.3104330708648994075, 0.1610236220466032264 ) ) ;
#456 = VECTOR ( 'NONE', #2559, 39.37007874015748143 ) ;
#457 = EDGE_LOOP ( 'NONE', ( #3063, #5993, #4942, #1810 ) ) ;
#458 = DIRECTION ( 'NONE',  ( 0.0000000000000000000, -1.000000000000000000, 0.0000000000000000000 ) ) ;
#459 = CIRCLE ( 'NONE', #4394, 0.1261811023500000184 ) ;
#460 = PLANE ( 'NONE',  #2578 ) ;
#461 = CARTESIAN_POINT ( 'NONE',  ( -0.3901574803154005955, 1.545272831058120945E-17, -0.1261811023500000184 ) ) ;
#462 = LINE ( 'NONE', #990, #936 ) ;
#463 = DIRECTION ( 'NONE',  ( 0.0000000000000000000, 0.0000000000000000000, -1.000000000000000000 ) ) ;
#464 = ORIENTED_EDGE ( 'NONE', *, *, #1202, .F. ) ;
#465 = EDGE_CURVE ( 'NONE', #4544, #5594, #6203, .T. ) ;
#466 = DIRECTION ( 'NONE',  ( -0.0000000000000000000, -0.0000000000000000000, 1.000000000000000000 ) ) ;
#467 = EDGE_CURVE ( 'NONE', #5227, #2545, #149, .T. ) ;
#468 = ORIENTED_EDGE ( 'NONE', *, *, #4482, .T. ) ;
#469 = DIRECTION ( 'NONE',  ( 4.329637285359677707E-17, -0.7071067811865475727, -0.7071067811865475727 ) ) ;
#470 = FILL_AREA_STYLE ('',( #435 ) ) ;
#471 = VERTEX_POINT ( 'NONE', #1250 ) ;
#472 = ORIENTED_EDGE ( 'NONE', *, *, #3099, .F. ) ;
#473 = DIRECTION ( 'NONE',  ( -0.03489949670296078887, 0.0000000000000000000, 0.9993908270190796639 ) ) ;
#474 = ORIENTED_EDGE ( 'NONE', *, *, #2392, .F. ) ;
#475 = EDGE_CURVE ( 'NONE', #1384, #3016, #6736, .T. ) ;
#476 = LINE ( 'NONE', #6309, #2138 ) ;
#477 = DIRECTION ( 'NONE',  ( 0.0000000000000000000, 6.123031769111886291E-17, 1.000000000000000000 ) ) ;
#478 = FACE_OUTER_BOUND ( 'NONE', #3234, .T. ) ;
#479 = CARTESIAN_POINT ( 'NONE',  ( 0.7352362204694999903, 0.2785433070854992366, 0.1610236220466032264 ) ) ;
#480 = FACE_OUTER_BOUND ( 'NONE', #530, .T. ) ;
#481 = ORIENTED_EDGE ( 'NONE', *, *, #3956, .F. ) ;
#482 = EDGE_LOOP ( 'NONE', ( #3761, #6227, #2612, #6225 ) ) ;
#483 = DIRECTION ( 'NONE',  ( 0.0000000000000000000, 0.0000000000000000000, 1.000000000000000000 ) ) ;
#484 = EDGE_CURVE ( 'NONE', #4440, #574, #827, .T. ) ;
#485 = DIRECTION ( 'NONE',  ( 0.0000000000000000000, -6.123031769111886291E-17, -1.000000000000000000 ) ) ;
#486 = LINE ( 'NONE', #2631, #5423 ) ;
#487 = DIRECTION ( 'NONE',  ( -6.123031769111886291E-17, -1.000000000000000000, 0.0000000000000000000 ) ) ;
#488 = ORIENTED_EDGE ( 'NONE', *, *, #3752, .T. ) ;
#489 = EDGE_LOOP ( 'NONE', ( #1538, #1381, #4432, #5480 ) ) ;
#490 = CYLINDRICAL_SURFACE ( 'NONE', #2910, 0.1874999999992503497 ) ;
#491 = VECTOR ( 'NONE', #3789, 39.37007874015748143 ) ;
#492 = CIRCLE ( 'NONE', #1621, 0.04999999999980000998 ) ;
#493 = CARTESIAN_POINT ( 'NONE',  ( 0.4389763779509996411, 0.3285433070852992188, -0.3283464566915989535 ) ) ;
#494 = CARTESIAN_POINT ( 'NONE',  ( 0.5797244094694997685, 0.07242074860119984692, 2.664535259100375303E-15 ) ) ;
#495 = FACE_OUTER_BOUND ( 'NONE', #2190, .T. ) ;
#496 = ORIENTED_EDGE ( 'NONE', *, *, #6002, .T. ) ;
#497 = CARTESIAN_POINT ( 'NONE',  ( 0.1259842519680001161, 0.3104330708652991433, -0.3204724409435992794 ) ) ;
#498 = ORIENTED_EDGE ( 'NONE', *, *, #374, .F. ) ;
#499 = DIRECTION ( 'NONE',  ( -0.0000000000000000000, -0.0000000000000000000, -1.000000000000000000 ) ) ;
#500 = ORIENTED_EDGE ( 'NONE', *, *, #6438, .T. ) ;
#501 = DIRECTION ( 'NONE',  ( -1.000000000000000000, -6.123031769111886291E-17, 3.749151804555343599E-33 ) ) ;
#502 = SURFACE_SIDE_STYLE ('',( #3247 ) ) ;
#503 = EDGE_LOOP ( 'NONE', ( #315, #6912, #6764, #1138 ) ) ;
#504 = EDGE_CURVE ( 'NONE', #11, #5227, #226, .T. ) ;
#505 = ORIENTED_EDGE ( 'NONE', *, *, #1688, .T. ) ;
#506 = FACE_OUTER_BOUND ( 'NONE', #4814, .T. ) ;
#507 = VERTEX_POINT ( 'NONE', #794 ) ;
#508 = CARTESIAN_POINT ( 'NONE',  ( -0.7387937305823457645, -0.02424131035152554681, 0.2185039370070002152 ) ) ;
#509 = CARTESIAN_POINT ( 'NONE',  ( 0.7352362204694999903, 0.2273686271854815644, 0.1038228542632961826 ) ) ;
#510 = CARTESIAN_POINT ( 'NONE',  ( 0.1259842519680001161, -0.3104330708652991433, -0.3283464566915989535 ) ) ;
#511 = AXIS2_PLACEMENT_3D ( 'NONE', #1426, #5610, #861 ) ;
#512 = CARTESIAN_POINT ( 'NONE',  ( -0.6929133858260003720, -0.1334614873947936042, 0.2137198127411589765 ) ) ;
#513 = LINE ( 'NONE', #1609, #4371 ) ;
#514 = ADVANCED_FACE ( 'NONE', ( #260 ), #5539, .F. ) ;
#515 = ORIENTED_EDGE ( 'NONE', *, *, #6700, .F. ) ;
#516 = VECTOR ( 'NONE', #1447, 39.37007874015748143 ) ;
#517 = DIRECTION ( 'NONE',  ( 0.8187678620687113273, 0.3940083789250145019, 0.4175842254926709907 ) ) ;
#518 = CARTESIAN_POINT ( 'NONE',  ( 0.2175065665347348798, -0.3385826771640010335, -0.3118110236207991548 ) ) ;
#519 = CARTESIAN_POINT ( 'NONE',  ( 0.7125058949105342876, -0.3104330708652991433, -0.3204724409435995014 ) ) ;
#520 = LINE ( 'NONE', #3229, #1429 ) ;
#521 = PLANE ( 'NONE',  #6752 ) ;
#522 = EDGE_LOOP ( 'NONE', ( #700, #4691, #370, #6941 ) ) ;
#523 = ADVANCED_FACE ( 'NONE', ( #719 ), #2893, .T. ) ;
#524 = EDGE_CURVE ( 'NONE', #4613, #869, #3084, .T. ) ;
#525 = ORIENTED_EDGE ( 'NONE', *, *, #2112, .F. ) ;
#526 = LINE ( 'NONE', #1550, #5184 ) ;
#527 = CARTESIAN_POINT ( 'NONE',  ( 0.4852362204704991355, -0.3104330708648994075, 1.573132787227468748E-15 ) ) ;
#528 = LINE ( 'NONE', #5340, #5604 ) ;
#529 = LINE ( 'NONE', #2676, #6972 ) ;
#530 = EDGE_LOOP ( 'NONE', ( #3766, #1232, #2600, #2889, #6829 ) ) ;
#531 = LINE ( 'NONE', #4839, #3813 ) ;
#532 = PLANE ( 'NONE',  #4940 ) ;
#533 = EDGE_LOOP ( 'NONE', ( #600, #5564, #4986, #1631 ) ) ;
#534 = VECTOR ( 'NONE', #4299, 39.37007874015748143 ) ;
#535 = DIRECTION ( 'NONE',  ( 0.0000000000000000000, -1.000000000000000000, 6.123031769111886291E-17 ) ) ;
#536 = ORIENTED_EDGE ( 'NONE', *, *, #375, .F. ) ;
#537 = CARTESIAN_POINT ( 'NONE',  ( 0.07972440947149994628, -0.3285433070852992188, 2.664535259100375303E-15 ) ) ;
#538 = AXIS2_PLACEMENT_3D ( 'NONE', #4078, #3545, #4714 ) ;
#539 = EDGE_CURVE ( 'NONE', #5388, #6156, #4421, .T. ) ;
#540 = DIRECTION ( 'NONE',  ( 2.651350529933818450E-17, 1.000000000000000000, -1.530757941964097993E-17 ) ) ;
#541 = DIRECTION ( 'NONE',  ( 0.0000000000000000000, 1.000000000000000000, -6.123031769111886291E-17 ) ) ;
#542 = DIRECTION ( 'NONE',  ( -0.4999999999487388935, 0.0000000000000000000, -0.8660254038140342558 ) ) ;
#543 = FACE_OUTER_BOUND ( 'NONE', #5, .T. ) ;
#544 = EDGE_LOOP ( 'NONE', ( #3753, #4112, #1643, #2815 ) ) ;
#545 = CIRCLE ( 'NONE', #5768, 0.007874015748000031539 ) ;
#546 = EDGE_LOOP ( 'NONE', ( #605, #4478, #965, #676, #6663 ) ) ;
#547 = VECTOR ( 'NONE', #3399, 39.37007874015748143 ) ;
#548 = DIRECTION ( 'NONE',  ( -0.1818138394791641854, -0.5119632431738804224, 0.8395459281139578955 ) ) ;
#549 = EDGE_CURVE ( 'NONE', #1384, #4902, #6138, .T. ) ;
#550 = PLANE ( 'NONE',  #601 ) ;
#551 = ADVANCED_FACE ( 'NONE', ( #3930 ), #4493, .T. ) ;
#552 = DIRECTION ( 'NONE',  ( 1.000000000000000000, -3.061515884555943146E-17, 3.061515884555943146E-17 ) ) ;
#553 = AXIS2_PLACEMENT_3D ( 'NONE', #3018, #1405, #312 ) ;
#554 = DIRECTION ( 'NONE',  ( -1.000000000000000000, -6.123031769111886291E-17, 3.749151804555343599E-33 ) ) ;
#555 = DIRECTION ( 'NONE',  ( 0.0000000000000000000, 0.0000000000000000000, 1.000000000000000000 ) ) ;
#556 = ORIENTED_EDGE ( 'NONE', *, *, #677, .F. ) ;
#557 = VECTOR ( 'NONE', #6117, 39.37007874015748143 ) ;
#558 = ORIENTED_EDGE ( 'NONE', *, *, #2037, .F. ) ;
#559 = VECTOR ( 'NONE', #6785, 39.37007874015748854 ) ;
#560 = LINE ( 'NONE', #6958, #1351 ) ;
#561 = EDGE_CURVE ( 'NONE', #2381, #1058, #1286, .T. ) ;
#562 = CARTESIAN_POINT ( 'NONE',  ( 0.0000000000000000000, 0.3285433070852992188, 4.459092448837873977E-16 ) ) ;
#563 = EDGE_CURVE ( 'NONE', #3105, #4613, #4068, .T. ) ;
#564 = LINE ( 'NONE', #3374, #6947 ) ;
#565 = CARTESIAN_POINT ( 'NONE',  ( 0.09745410653086672426, -0.3104330708652991433, -0.3118110983511730439 ) ) ;
#566 = AXIS2_PLACEMENT_3D ( 'NONE', #4025, #712, #6196 ) ;
#567 = ORIENTED_EDGE ( 'NONE', *, *, #4737, .T. ) ;
#568 = EDGE_LOOP ( 'NONE', ( #408, #3023, #6544, #2094, #1729, #3138, #1871, #6649 ) ) ;
#569 = AXIS2_PLACEMENT_3D ( 'NONE', #3184, #4315, #6915 ) ;
#570 = DIRECTION ( 'NONE',  ( -0.0000000000000000000, -1.000000000000000000, 6.123031769111886291E-17 ) ) ;
#571 = EDGE_CURVE ( 'NONE', #6484, #5977, #6236, .T. ) ;
#572 = ORIENTED_EDGE ( 'NONE', *, *, #3614, .F. ) ;
#573 = CARTESIAN_POINT ( 'NONE',  ( 0.0000000000000000000, 0.0000000000000000000, 0.0000000000000000000 ) ) ;
#574 = VERTEX_POINT ( 'NONE', #1956 ) ;
#575 = ORIENTED_EDGE ( 'NONE', *, *, #2392, .T. ) ;
#576 = LINE ( 'NONE', #4309, #1304 ) ;
#577 = ORIENTED_EDGE ( 'NONE', *, *, #5974, .T. ) ;
#578 = FACE_OUTER_BOUND ( 'NONE', #5419, .T. ) ;
#579 = DIRECTION ( 'NONE',  ( -0.0000000000000000000, 6.123031769111886291E-17, 1.000000000000000000 ) ) ;
#580 = CARTESIAN_POINT ( 'NONE',  ( 0.06889763779499968877, -0.2964566929121998928, 4.641337016453230828E-16 ) ) ;
#581 = DIRECTION ( 'NONE',  ( -0.0000000000000000000, 1.000000000000000000, -6.123031769111886291E-17 ) ) ;
#582 = CARTESIAN_POINT ( 'NONE',  ( -0.7387937305823458756, 0.1254757207119661933, 0.2185039370070001041 ) ) ;
#583 = ORIENTED_EDGE ( 'NONE', *, *, #467, .F. ) ;
#584 = ORIENTED_EDGE ( 'NONE', *, *, #5304, .F. ) ;
#585 = LINE ( 'NONE', #4857, #1739 ) ;
#586 = CARTESIAN_POINT ( 'NONE',  ( -0.7387937305823458756, 1.707404996040164512E-17, -0.2185039370069999376 ) ) ;
#587 = CARTESIAN_POINT ( 'NONE',  ( -0.7387937305823462086, 0.1714956159118371792, 0.1361181186535708187 ) ) ;
#588 = LINE ( 'NONE', #2738, #3226 ) ;
#589 = CARTESIAN_POINT ( 'NONE',  ( -0.7387937305823458756, -0.1254757207119674700, 0.2185039370070008258 ) ) ;
#590 = EDGE_LOOP ( 'NONE', ( #3953, #6217, #2044, #606 ) ) ;
#591 = CARTESIAN_POINT ( 'NONE',  ( -0.6929133858260003720, 1.404634042604552466E-18, -8.600618866843732746E-35 ) ) ;
#592 = CIRCLE ( 'NONE', #810, 0.2165354330750000056 ) ;
#593 = ADVANCED_FACE ( 'NONE', ( #2438 ), #3498, .T. ) ;
#594 = ORIENTED_EDGE ( 'NONE', *, *, #3447, .F. ) ;
#595 = CARTESIAN_POINT ( 'NONE',  ( 0.5797244094694997685, 0.2785433070854992366, 0.1610236220466032264 ) ) ;
#596 = DIRECTION ( 'NONE',  ( -1.000000000000000000, 6.123031769111886291E-17, -3.749151804555343599E-33 ) ) ;
#597 = CARTESIAN_POINT ( 'NONE',  ( 0.4852362204704991910, 0.3104330708648994630, 0.1610236220466032264 ) ) ;
#598 = DIRECTION ( 'NONE',  ( 0.0000000000000000000, 1.000000000000000000, 0.0000000000000000000 ) ) ;
#599 = ADVANCED_FACE ( 'NONE', ( #2060 ), #5856, .F. ) ;
#600 = ORIENTED_EDGE ( 'NONE', *, *, #5223, .F. ) ;
#601 = AXIS2_PLACEMENT_3D ( 'NONE', #2707, #4818, #4319 ) ;
#602 = EDGE_LOOP ( 'NONE', ( #4800, #928, #6094, #3560, #567 ) ) ;
#603 = AXIS2_PLACEMENT_3D ( 'NONE', #2485, #2900, #5144 ) ;
#604 = CYLINDRICAL_SURFACE ( 'NONE', #6195, 0.03188976377939998358 ) ;
#605 = ORIENTED_EDGE ( 'NONE', *, *, #4178, .F. ) ;
#606 = ORIENTED_EDGE ( 'NONE', *, *, #3795, .F. ) ;
#607 = ADVANCED_FACE ( 'NONE', ( #6346 ), #405, .T. ) ;
#608 = VERTEX_POINT ( 'NONE', #2963 ) ;
#609 = ADVANCED_FACE ( 'NONE', ( #903, #4203 ), #6379, .T. ) ;
#610 = CARTESIAN_POINT ( 'NONE',  ( 0.3515748031481988889, -0.3285433070852991633, -0.09999999999959906238 ) ) ;
#611 = EDGE_CURVE ( 'NONE', #6272, #761, #6839, .T. ) ;
#612 = ORIENTED_EDGE ( 'NONE', *, *, #5701, .T. ) ;
#613 = PLANE ( 'NONE',  #6417 ) ;
#614 = DIRECTION ( 'NONE',  ( 0.0000000000000000000, 0.0000000000000000000, 1.000000000000000000 ) ) ;
#615 = LINE ( 'NONE', #6582, #1451 ) ;
#616 = ORIENTED_EDGE ( 'NONE', *, *, #4718, .T. ) ;
#617 = ORIENTED_EDGE ( 'NONE', *, *, #6182, .T. ) ;
#618 = LINE ( 'NONE', #5434, #1640 ) ;
#619 = VECTOR ( 'NONE', #3643, 39.37007874015748143 ) ;
#620 = CARTESIAN_POINT ( 'NONE',  ( 0.0000000000000000000, 0.3385826771639992572, -0.2921259842507990534 ) ) ;
#621 = DIRECTION ( 'NONE',  ( 0.4999999999486984259, -0.0000000000000000000, -0.8660254038140575705 ) ) ;
#622 = LINE ( 'NONE', #1119, #2100 ) ;
#623 = PLANE ( 'NONE',  #6872 ) ;
#624 = ORIENTED_EDGE ( 'NONE', *, *, #4948, .F. ) ;
#625 = AXIS2_PLACEMENT_3D ( 'NONE', #5008, #169, #2319 ) ;
#626 = DIRECTION ( 'NONE',  ( 1.000000000000000000, 6.123031769111886291E-17, -3.749151804555343599E-33 ) ) ;
#627 = ORIENTED_EDGE ( 'NONE', *, *, #4763, .T. ) ;
#628 = DIRECTION ( 'NONE',  ( 0.0000000000000000000, 0.0000000000000000000, 1.000000000000000000 ) ) ;
#629 = CARTESIAN_POINT ( 'NONE',  ( 0.8114173228314003339, 0.3582677165339997472, 4.440892098500626162E-16 ) ) ;
#630 = AXIS2_PLACEMENT_3D ( 'NONE', #6176, #1396, #266 ) ;
#631 = CARTESIAN_POINT ( 'NONE',  ( 0.3297244094704998019, -0.2273686271854815366, 0.1038228542632961826 ) ) ;
#632 = EDGE_CURVE ( 'NONE', #669, #4237, #4217, .T. ) ;
#633 = DIRECTION ( 'NONE',  ( 0.0000000000000000000, -1.000000000000000000, 6.123031769111886291E-17 ) ) ;
#634 = ADVANCED_FACE ( 'NONE', ( #443 ), #366, .T. ) ;
#635 = VECTOR ( 'NONE', #6067, 39.37007874015748143 ) ;
#636 = ORIENTED_EDGE ( 'NONE', *, *, #1041, .T. ) ;
#637 = ORIENTED_EDGE ( 'NONE', *, *, #5325, .F. ) ;
#638 = EDGE_CURVE ( 'NONE', #3777, #5545, #4631, .T. ) ;
#639 = ORIENTED_EDGE ( 'NONE', *, *, #4821, .F. ) ;
#640 = VERTEX_POINT ( 'NONE', #2513 ) ;
#641 = LINE ( 'NONE', #4411, #1746 ) ;
#642 = ORIENTED_EDGE ( 'NONE', *, *, #4966, .F. ) ;
#643 = PLANE ( 'NONE',  #4593 ) ;
#644 = CIRCLE ( 'NONE', #4816, 0.01968503937000001119 ) ;
#645 = EDGE_CURVE ( 'NONE', #3522, #6371, #4665, .T. ) ;
#646 = DIRECTION ( 'NONE',  ( -3.580479360669075243E-29, 0.0000000000000000000, -1.000000000000000000 ) ) ;
#647 = DIRECTION ( 'NONE',  ( 0.0000000000000000000, 6.123031769111886291E-17, 1.000000000000000000 ) ) ;
#648 = CARTESIAN_POINT ( 'NONE',  ( -0.7387937305823456535, -0.08919239677367417352, -0.1996817851990270731 ) ) ;
#649 = EDGE_LOOP ( 'NONE', ( #6684, #6047, #3141, #4927 ) ) ;
#650 = EDGE_LOOP ( 'NONE', ( #293, #2256, #1282, #4090 ) ) ;
#651 = DIRECTION ( 'NONE',  ( 1.000000000000000000, -6.123031769111886291E-17, 3.749151804555343599E-33 ) ) ;
#652 = CIRCLE ( 'NONE', #4826, 0.2519685039360020085 ) ;
#653 = DIRECTION ( 'NONE',  ( -0.0000000000000000000, -1.000000000000000000, -0.0000000000000000000 ) ) ;
#654 = DIRECTION ( 'NONE',  ( -1.000000000000000000, -0.0000000000000000000, -0.0000000000000000000 ) ) ;
#655 = CARTESIAN_POINT ( 'NONE',  ( 0.3838582677149995348, 0.3285433070852992188, -0.3283464566915989535 ) ) ;
#656 = DIRECTION ( 'NONE',  ( 0.0000000000000000000, 0.0000000000000000000, -1.000000000000000000 ) ) ;
#657 = EDGE_LOOP ( 'NONE', ( #2144, #2466, #3449, #5329 ) ) ;
#658 = ORIENTED_EDGE ( 'NONE', *, *, #6011, .T. ) ;
#659 = LINE ( 'NONE', #1748, #142 ) ;
#660 = EDGE_LOOP ( 'NONE', ( #1310, #859, #4903, #1630, #3104, #2501, #1786, #6910 ) ) ;
#661 = LINE ( 'NONE', #2800, #6614 ) ;
#662 = CIRCLE ( 'NONE', #5866, 0.2519685039360020085 ) ;
#663 = CARTESIAN_POINT ( 'NONE',  ( 0.09745410653086672426, -0.3285433070852992188, -0.3118110983511730439 ) ) ;
#664 = CARTESIAN_POINT ( 'NONE',  ( -0.6889763779520006182, -0.1254757207119654994, -0.2185039370069996600 ) ) ;
#665 = LINE ( 'NONE', #2274, #6494 ) ;
#666 = DIRECTION ( 'NONE',  ( 1.000000000000000000, 0.0000000000000000000, 0.0000000000000000000 ) ) ;
#667 = VECTOR ( 'NONE', #695, 39.37007874015748143 ) ;
#668 = ORIENTED_EDGE ( 'NONE', *, *, #1195, .T. ) ;
#669 = VERTEX_POINT ( 'NONE', #6978 ) ;
#670 = AXIS2_PLACEMENT_3D ( 'NONE', #5980, #1126, #2601 ) ;
#671 = VERTEX_POINT ( 'NONE', #1104 ) ;
#672 = ORIENTED_EDGE ( 'NONE', *, *, #3926, .T. ) ;
#673 = CIRCLE ( 'NONE', #4615, 0.2125984251960000293 ) ;
#674 = ORIENTED_EDGE ( 'NONE', *, *, #6825, .T. ) ;
#675 = DIRECTION ( 'NONE',  ( 1.000000000000000000, 3.749151804555343599E-33, -2.295617560651552647E-49 ) ) ;
#676 = ORIENTED_EDGE ( 'NONE', *, *, #5760, .T. ) ;
#677 = EDGE_CURVE ( 'NONE', #210, #2728, #2620, .T. ) ;
#678 = CARTESIAN_POINT ( 'NONE',  ( -0.7387937305823458756, -0.1949538239912785853, 0.09939743182215343698 ) ) ;
#679 = CARTESIAN_POINT ( 'NONE',  ( -0.1181102362200006223, 1.906500062255488377E-17, 0.1556775442178812696 ) ) ;
#680 = LINE ( 'NONE', #2820, #3843 ) ;
#681 = CARTESIAN_POINT ( 'NONE',  ( 0.6015748031471988000, -0.3285433070852992188, -0.3118110236207991548 ) ) ;
#682 = EDGE_CURVE ( 'NONE', #4511, #895, #5958, .T. ) ;
#683 = DIRECTION ( 'NONE',  ( -1.000000000000000000, 3.061515884555970879E-17, -3.061515884555943146E-17 ) ) ;
#684 = CARTESIAN_POINT ( 'NONE',  ( -0.3901574803154005955, 1.545272831058120945E-17, -0.1261811023500000184 ) ) ;
#685 = CARTESIAN_POINT ( 'NONE',  ( 0.2133858267707999523, 0.3285433070852992188, -0.09999999999959907626 ) ) ;
#686 = DIRECTION ( 'NONE',  ( -1.000000000000000000, 0.0000000000000000000, 0.0000000000000000000 ) ) ;
#687 = VERTEX_POINT ( 'NONE', #4769 ) ;
#688 = DIRECTION ( 'NONE',  ( 0.0000000000000000000, -0.7071067811865443531, 0.7071067811865507924 ) ) ;
#689 = EDGE_CURVE ( 'NONE', #6262, #5271, #1636, .T. ) ;
#690 = ORIENTED_EDGE ( 'NONE', *, *, #4821, .T. ) ;
#691 = FILL_AREA_STYLE ('',( #5035 ) ) ;
#692 = EDGE_CURVE ( 'NONE', #2430, #4453, #6450, .T. ) ;
#693 = DIRECTION ( 'NONE',  ( 0.0000000000000000000, 1.000000000000000000, 0.0000000000000000000 ) ) ;
#694 = FACE_OUTER_BOUND ( 'NONE', #1401, .T. ) ;
#695 = DIRECTION ( 'NONE',  ( -0.0000000000000000000, 0.7071067811865443531, 0.7071067811865507924 ) ) ;
#696 = DIRECTION ( 'NONE',  ( 6.123031769111886291E-17, -1.000000000000000000, 0.0000000000000000000 ) ) ;
#697 = FACE_OUTER_BOUND ( 'NONE', #1523, .T. ) ;
#698 = VECTOR ( 'NONE', #1281, 39.37007874015748143 ) ;
#699 = DIMENSIONAL_EXPONENTS ( 1.000000000000000000, 0.0000000000000000000, 0.0000000000000000000, 0.0000000000000000000, 0.0000000000000000000, 0.0000000000000000000, 0.0000000000000000000 ) ;
#700 = ORIENTED_EDGE ( 'NONE', *, *, #341, .F. ) ;
#701 = VERTEX_POINT ( 'NONE', #3911 ) ;
#702 = VECTOR ( 'NONE', #888, 39.37007874015748143 ) ;
#703 = LINE ( 'NONE', #808, #4370 ) ;
#704 = DIRECTION ( 'NONE',  ( 4.329637285359677707E-17, 0.7071067811865475727, -0.7071067811865475727 ) ) ;
#705 = DIRECTION ( 'NONE',  ( 0.0000000000000000000, 1.000000000000000000, -6.123031769111886291E-17 ) ) ;
#706 = ORIENTED_EDGE ( 'NONE', *, *, #4508, .T. ) ;
#707 = VERTEX_POINT ( 'NONE', #3746 ) ;
#708 = AXIS2_PLACEMENT_3D ( 'NONE', #1368, #6710, #1260 ) ;
#709 = EDGE_LOOP ( 'NONE', ( #3152, #3820, #3868, #6325 ) ) ;
#710 = LINE ( 'NONE', #2952, #5259 ) ;
#711 = ORIENTED_EDGE ( 'NONE', *, *, #1710, .F. ) ;
#712 = DIRECTION ( 'NONE',  ( 1.000000000000000000, 0.0000000000000000000, 0.0000000000000000000 ) ) ;
#713 = DIRECTION ( 'NONE',  ( -1.000000000000000000, -0.0000000000000000000, -0.0000000000000000000 ) ) ;
#714 = EDGE_CURVE ( 'NONE', #2967, #6604, #5390, .T. ) ;
#715 = B_SPLINE_CURVE_WITH_KNOTS ( 'NONE', 3,
 ( #5359, #508, #2653, #4805, #1605, #1070, #4850, #2165, #4311, #6131, #678, #5677, #6654, #5565, #2954, #1244, #1278, #3423, #4521, #3987, #6762, #5128, #1770, #2847, #1844, #5016, #4450, #1914, #5603, #6618 ),
 .UNSPECIFIED., .F., .F.,
 ( 4, 2, 2, 2, 2, 2, 2, 2, 2, 2, 2, 2, 2, 2, 4 ),
 ( 4.941861318679745647E-18, 0.001820969732775673229, 0.003641939465551341255, 0.004552424331939176894, 0.005462909198327011231, 0.006373394064714846437, 0.007283878931102681642, 0.008194363797490515980, 0.009104848663878350318, 0.01001533353026618466, 0.01092581839665401726, 0.01183630326304185160, 0.01274678812942968593, 0.01365727299581752027, 0.01456775786220535461 ),
 .UNSPECIFIED. ) ;
#716 = ADVANCED_FACE ( 'NONE', ( #2097 ), #3380, .T. ) ;
#717 = ORIENTED_EDGE ( 'NONE', *, *, #3446, .T. ) ;
#718 = DIRECTION ( 'NONE',  ( -0.0000000000000000000, -0.7071067811865474617, -0.7071067811865474617 ) ) ;
#719 = FACE_OUTER_BOUND ( 'NONE', #650, .T. ) ;
#720 = CARTESIAN_POINT ( 'NONE',  ( -0.6889763779520012843, 0.0000000000000000000, -0.2519685039359994549 ) ) ;
#721 = CARTESIAN_POINT ( 'NONE',  ( -8.881784197001252323E-16, -0.3104330708652991433, -0.3118110236207991548 ) ) ;
#722 = LINE ( 'NONE', #229, #4146 ) ;
#723 = EDGE_CURVE ( 'NONE', #995, #671, #5557, .T. ) ;
#724 = ORIENTED_EDGE ( 'NONE', *, *, #6128, .T. ) ;
#725 = ORIENTED_EDGE ( 'NONE', *, *, #1292, .F. ) ;
#726 = DIRECTION ( 'NONE',  ( 1.000000000000000000, 0.0000000000000000000, 0.0000000000000000000 ) ) ;
#727 = DIRECTION ( 'NONE',  ( -1.000000000000000000, -0.0000000000000000000, 0.0000000000000000000 ) ) ;
#728 = CARTESIAN_POINT ( 'NONE',  ( -0.6929133858260003720, 0.1334614873917828182, -0.2137198127430383343 ) ) ;
#729 = AXIS2_PLACEMENT_3D ( 'NONE', #3110, #5138, #2553 ) ;
#730 = DIRECTION ( 'NONE',  ( -1.000000000000000000, 0.0000000000000000000, 0.0000000000000000000 ) ) ;
#731 = DIRECTION ( 'NONE',  ( 6.123031769111886291E-17, -1.000000000000000000, 0.0000000000000000000 ) ) ;
#732 = EDGE_CURVE ( 'NONE', #640, #4071, #3949, .T. ) ;
#733 = CIRCLE ( 'NONE', #4447, 0.03188976377939998358 ) ;
#734 = EDGE_CURVE ( 'NONE', #2911, #2744, #1572, .T. ) ;
#735 = ORIENTED_EDGE ( 'NONE', *, *, #6566, .F. ) ;
#736 = AXIS2_PLACEMENT_3D ( 'NONE', #130, #5002, #98 ) ;
#737 = ORIENTED_EDGE ( 'NONE', *, *, #1721, .T. ) ;
#738 = VECTOR ( 'NONE', #5783, 39.37007874015748143 ) ;
#739 = DIRECTION ( 'NONE',  ( 6.123031769111886291E-17, 1.000000000000000000, -0.0000000000000000000 ) ) ;
#740 = CARTESIAN_POINT ( 'NONE',  ( 0.3838582677149995348, 0.3104330708652991433, -0.4543307086595991251 ) ) ;
#741 = DIRECTION ( 'NONE',  ( 0.0000000000000000000, 0.0000000000000000000, -1.000000000000000000 ) ) ;
#742 = CIRCLE ( 'NONE', #6952, 0.007874015748000031539 ) ;
#743 = EDGE_LOOP ( 'NONE', ( #1067, #2799, #6510, #4627 ) ) ;
#744 = VERTEX_POINT ( 'NONE', #1760 ) ;
#745 = VECTOR ( 'NONE', #3669, 39.37007874015748143 ) ;
#746 = VERTEX_POINT ( 'NONE', #3716 ) ;
#747 = CARTESIAN_POINT ( 'NONE',  ( 0.3297244094704998019, 0.2273686271854815644, 2.663551793822656786E-15 ) ) ;
#748 = ORIENTED_EDGE ( 'NONE', *, *, #4590, .T. ) ;
#749 = CARTESIAN_POINT ( 'NONE',  ( 0.2133858267707999523, 0.3285433070852992188, -0.09999999999959907626 ) ) ;
#750 = FACE_OUTER_BOUND ( 'NONE', #4584, .T. ) ;
#751 = DIRECTION ( 'NONE',  ( -3.749151804555343599E-33, 1.000000000000000000, -6.123031769111886291E-17 ) ) ;
#752 = PLANE ( 'NONE',  #3284 ) ;
#753 = CIRCLE ( 'NONE', #6508, 0.03188976377939998358 ) ;
#754 = DIRECTION ( 'NONE',  ( -0.0000000000000000000, -1.000000000000000000, -0.0000000000000000000 ) ) ;
#755 = EDGE_CURVE ( 'NONE', #5309, #4845, #6088, .T. ) ;
#756 = AXIS2_PLACEMENT_3D ( 'NONE', #1853, #262, #1252 ) ;
#757 = LINE ( 'NONE', #2300, #5372 ) ;
#758 = CYLINDRICAL_SURFACE ( 'NONE', #3260, 0.2165354330750000056 ) ;
#759 = CARTESIAN_POINT ( 'NONE',  ( -0.7653543307074652802, 0.0000000000000000000, 0.1261811023500000184 ) ) ;
#760 = LINE ( 'NONE', #2268, #2897 ) ;
#761 = VERTEX_POINT ( 'NONE', #1071 ) ;
#762 = ORIENTED_EDGE ( 'NONE', *, *, #4957, .T. ) ;
#763 = DIRECTION ( 'NONE',  ( 0.8187678620687113273, 0.3940083789250145019, 0.4175842254926709907 ) ) ;
#764 = LINE ( 'NONE', #3972, #5380 ) ;
#765 = ADVANCED_FACE ( 'NONE', ( #5894 ), #1035, .T. ) ;
#766 = DIRECTION ( 'NONE',  ( 0.0000000000000000000, 0.0000000000000000000, 1.000000000000000000 ) ) ;
#767 = EDGE_CURVE ( 'NONE', #5890, #6156, #3182, .T. ) ;
#768 = DIRECTION ( 'NONE',  ( 2.651350529933675469E-17, -1.000000000000000000, 1.530757941963850550E-17 ) ) ;
#769 = CYLINDRICAL_SURFACE ( 'NONE', #3932, 0.04999999999980000998 ) ;
#770 = DIRECTION ( 'NONE',  ( 0.0000000000000000000, 0.0000000000000000000, 1.000000000000000000 ) ) ;
#771 = CARTESIAN_POINT ( 'NONE',  ( -0.1181102362200006084, 0.0000000000000000000, -0.2165354330750000056 ) ) ;
#772 = ORIENTED_EDGE ( 'NONE', *, *, #5233, .F. ) ;
#773 = VECTOR ( 'NONE', #4669, 39.37007874015748143 ) ;
#774 = VERTEX_POINT ( 'NONE', #5360 ) ;
#775 = DIRECTION ( 'NONE',  ( 0.0000000000000000000, 0.0000000000000000000, 1.000000000000000000 ) ) ;
#776 = DIRECTION ( 'NONE',  ( -0.0000000000000000000, 0.7071067811865443531, -0.7071067811865507924 ) ) ;
#777 = LINE ( 'NONE', #6090, #2042 ) ;
#778 = AXIS2_PLACEMENT_3D ( 'NONE', #2914, #6571, #6152 ) ;
#779 = ORIENTED_EDGE ( 'NONE', *, *, #1107, .F. ) ;
#780 = VERTEX_POINT ( 'NONE', #4443 ) ;
#781 = VERTEX_POINT ( 'NONE', #2842 ) ;
#782 = CARTESIAN_POINT ( 'NONE',  ( 0.6889763779499995522, 0.3285433070852992188, -0.3283464566915989535 ) ) ;
#783 = EDGE_LOOP ( 'NONE', ( #5273, #1124, #402, #724 ) ) ;
#784 = ADVANCED_FACE ( 'NONE', ( #3783 ), #1237, .F. ) ;
#785 = CIRCLE ( 'NONE', #3021, 0.2519685039360020085 ) ;
#786 = ADVANCED_FACE ( 'NONE', ( #4476 ), #4851, .F. ) ;
#787 = LINE ( 'NONE', #3920, #2468 ) ;
#788 = DIRECTION ( 'NONE',  ( 0.0000000000000000000, 1.000000000000000000, 0.0000000000000000000 ) ) ;
#789 = CARTESIAN_POINT ( 'NONE',  ( 0.7460629921242362128, -0.2964566929121998928, 4.841781934405836480E-16 ) ) ;
#790 = VECTOR ( 'NONE', #6107, 39.37007874015748143 ) ;
#791 = VERTEX_POINT ( 'NONE', #2654 ) ;
#792 = ORIENTED_EDGE ( 'NONE', *, *, #6350, .F. ) ;
#793 = CARTESIAN_POINT ( 'NONE',  ( -0.6889763779520006182, 1.422279032976999228E-17, 0.2322834645660005748 ) ) ;
#794 = CARTESIAN_POINT ( 'NONE',  ( 0.6811023622020000445, -0.3104330708652991433, -0.4543307086595991251 ) ) ;
#795 = LINE ( 'NONE', #2999, #3710 ) ;
#796 = CARTESIAN_POINT ( 'NONE',  ( -8.881784197001252323E-16, 0.3385826771639992572, -0.3118110236207992103 ) ) ;
#797 = ORIENTED_EDGE ( 'NONE', *, *, #3047, .F. ) ;
#798 = ORIENTED_EDGE ( 'NONE', *, *, #4300, .T. ) ;
#799 = DIRECTION ( 'NONE',  ( 3.749151804555343599E-33, 1.000000000000000000, -6.123031769111886291E-17 ) ) ;
#800 = CYLINDRICAL_SURFACE ( 'NONE', #5640, 0.1874999999992503497 ) ;
#801 = DIRECTION ( 'NONE',  ( -0.0000000000000000000, -6.123031769111886291E-17, -1.000000000000000000 ) ) ;
#802 = DIRECTION ( 'NONE',  ( 2.651350529933818450E-17, 1.000000000000000000, -1.530757941964097993E-17 ) ) ;
#803 = DIRECTION ( 'NONE',  ( -0.8660254038027190848, 0.0000000000000000000, 0.4999999999683371610 ) ) ;
#804 = DIRECTION ( 'NONE',  ( -1.000000000000000000, 6.123031769111886291E-17, -3.749151804555343599E-33 ) ) ;
#805 = EDGE_LOOP ( 'NONE', ( #6651, #1496 ) ) ;
#806 = EDGE_LOOP ( 'NONE', ( #3869, #1847, #815, #2953 ) ) ;
#807 = LINE ( 'NONE', #311, #324 ) ;
#808 = CARTESIAN_POINT ( 'NONE',  ( 0.0000000000000000000, 0.04680900692053314299, 4.631599255873611091E-16 ) ) ;
#809 = DIRECTION ( 'NONE',  ( -0.4999999999488567437, 0.0000000000000000000, -0.8660254038139660882 ) ) ;
#810 = AXIS2_PLACEMENT_3D ( 'NONE', #3042, #4074, #6244 ) ;
#811 = CARTESIAN_POINT ( 'NONE',  ( 0.2133858267707999523, 0.3285433070852992188, -0.09999999999959907626 ) ) ;
#812 = ORIENTED_EDGE ( 'NONE', *, *, #4215, .F. ) ;
#813 = ADVANCED_FACE ( 'NONE', ( #4807, #4279 ), #1376, .T. ) ;
#814 = ORIENTED_EDGE ( 'NONE', *, *, #1646, .T. ) ;
#815 = ORIENTED_EDGE ( 'NONE', *, *, #4730, .F. ) ;
#816 = CARTESIAN_POINT ( 'NONE',  ( 0.4389763779509996411, -0.3104330708652991433, -0.3204724409435995014 ) ) ;
#817 = ORIENTED_EDGE ( 'NONE', *, *, #6608, .T. ) ;
#818 = SURFACE_STYLE_USAGE ( .BOTH. , #3883 ) ;
#819 = EDGE_CURVE ( 'NONE', #847, #3487, #3019, .T. ) ;
#820 = CIRCLE ( 'NONE', #1950, 0.03188976377939998358 ) ;
#821 = ORIENTED_EDGE ( 'NONE', *, *, #4901, .T. ) ;
#822 = EDGE_CURVE ( 'NONE', #5748, #290, #5155, .T. ) ;
#823 = EDGE_CURVE ( 'NONE', #3600, #2126, #3520, .T. ) ;
#824 = ORIENTED_EDGE ( 'NONE', *, *, #4086, .F. ) ;
#825 = LINE ( 'NONE', #2436, #3996 ) ;
#826 = AXIS2_PLACEMENT_3D ( 'NONE', #1153, #5585, #6039 ) ;
#827 = LINE ( 'NONE', #3997, #6151 ) ;
#828 = PLANE ( 'NONE',  #569 ) ;
#829 = DIRECTION ( 'NONE',  ( 1.000000000000000000, -0.0000000000000000000, -0.0000000000000000000 ) ) ;
#830 = AXIS2_PLACEMENT_3D ( 'NONE', #4672, #975, #2136 ) ;
#831 = ORIENTED_EDGE ( 'NONE', *, *, #4735, .F. ) ;
#832 = CARTESIAN_POINT ( 'NONE',  ( 0.3148038575701820885, 0.2722931376724760377, 0.1172305273733906944 ) ) ;
#833 = LINE ( 'NONE', #2969, #1711 ) ;
#834 = DIRECTION ( 'NONE',  ( 0.0000000000000000000, 0.0000000000000000000, 1.000000000000000000 ) ) ;
#835 = LINE ( 'NONE', #6746, #2699 ) ;
#836 = CARTESIAN_POINT ( 'NONE',  ( -0.7387937305823458756, -0.1334614873947921887, -0.2137198127411606419 ) ) ;
#837 = CARTESIAN_POINT ( 'NONE',  ( 0.7352362204694999903, 0.3285433070852992188, 0.1610236220466032264 ) ) ;
#838 = EDGE_LOOP ( 'NONE', ( #5424, #5486, #71, #4283 ) ) ;
#839 = EDGE_LOOP ( 'NONE', ( #6561, #3049, #3828, #3308 ) ) ;
#840 = DIRECTION ( 'NONE',  ( 0.0000000000000000000, -1.000000000000000000, 0.0000000000000000000 ) ) ;
#841 = ADVANCED_FACE ( 'NONE', ( #5197 ), #1875, .T. ) ;
#842 = EDGE_CURVE ( 'NONE', #4219, #2961, #278, .T. ) ;
#843 = FACE_OUTER_BOUND ( 'NONE', #2863, .T. ) ;
#844 = CIRCLE ( 'NONE', #2196, 0.007874015748000031539 ) ;
#845 = CARTESIAN_POINT ( 'NONE',  ( 0.07972440947149994628, -0.3104330708648994075, 0.1610236220466032264 ) ) ;
#846 = CARTESIAN_POINT ( 'NONE',  ( 0.6338582677140000010, 0.3285433070852992188, -0.3283464566915989535 ) ) ;
#847 = VERTEX_POINT ( 'NONE', #4617 ) ;
#848 = ORIENTED_EDGE ( 'NONE', *, *, #896, .F. ) ;
#849 = VECTOR ( 'NONE', #4261, 39.37007874015748143 ) ;
#850 = ORIENTED_EDGE ( 'NONE', *, *, #4899, .F. ) ;
#851 = VECTOR ( 'NONE', #1453, 39.37007874015748143 ) ;
#852 = CARTESIAN_POINT ( 'NONE',  ( -0.6181102362200001643, 0.0000000000000000000, -0.2165354330699997554 ) ) ;
#853 = ORIENTED_EDGE ( 'NONE', *, *, #1987, .T. ) ;
#854 = EDGE_CURVE ( 'NONE', #5713, #1816, #6821, .T. ) ;
#855 = DIRECTION ( 'NONE',  ( -0.0000000000000000000, 6.123031769111886291E-17, 1.000000000000000000 ) ) ;
#856 = VECTOR ( 'NONE', #6848, 39.37007874015748143 ) ;
#857 = EDGE_LOOP ( 'NONE', ( #5581, #4882, #1018, #6120 ) ) ;
#858 = DIRECTION ( 'NONE',  ( 1.000000000000000000, 6.123031769111886291E-17, -3.749151804555343599E-33 ) ) ;
#859 = ORIENTED_EDGE ( 'NONE', *, *, #5826, .F. ) ;
#860 = ORIENTED_EDGE ( 'NONE', *, *, #3190, .F. ) ;
#861 = DIRECTION ( 'NONE',  ( 0.0000000000000000000, 0.0000000000000000000, -1.000000000000000000 ) ) ;
#862 = VERTEX_POINT ( 'NONE', #206 ) ;
#863 = ADVANCED_FACE ( 'NONE', ( #4082 ), #1973, .T. ) ;
#864 = DIRECTION ( 'NONE',  ( 0.0000000000000000000, 0.0000000000000000000, -1.000000000000000000 ) ) ;
#865 = LINE ( 'NONE', #6773, #6778 ) ;
#866 = VECTOR ( 'NONE', #1685, 39.37007874015748143 ) ;
#867 = DIRECTION ( 'NONE',  ( 0.0000000000000000000, 0.0000000000000000000, 1.000000000000000000 ) ) ;
#868 = PLANE ( 'NONE',  #3012 ) ;
#869 = VERTEX_POINT ( 'NONE', #884 ) ;
#870 = ORIENTED_EDGE ( 'NONE', *, *, #2159, .T. ) ;
#871 = CARTESIAN_POINT ( 'NONE',  ( 0.09745410383426662826, 0.3285433070852991633, -0.3118110687704000461 ) ) ;
#872 = LINE ( 'NONE', #344, #1311 ) ;
#873 = AXIS2_PLACEMENT_3D ( 'NONE', #5462, #4853, #614 ) ;
#874 = CARTESIAN_POINT ( 'NONE',  ( 0.6811023622019997115, 0.3285433070852992188, -0.4543307086595991251 ) ) ;
#875 = DIRECTION ( 'NONE',  ( 1.000000000000000000, -0.0000000000000000000, -0.0000000000000000000 ) ) ;
#876 = CARTESIAN_POINT ( 'NONE',  ( 0.0000000000000000000, 0.04680900692053314299, 4.631599255873611091E-16 ) ) ;
#877 = DIRECTION ( 'NONE',  ( -0.4999999999487388935, 0.0000000000000000000, -0.8660254038140342558 ) ) ;
#878 = STYLED_ITEM ( 'NONE', ( #6692 ), #2009 ) ;
#879 = APPLICATION_CONTEXT ( 'automotive_design' ) ;
#880 = ORIENTED_EDGE ( 'NONE', *, *, #4819, .F. ) ;
#881 = VECTOR ( 'NONE', #5511, 39.37007874015748854 ) ;
#882 = CARTESIAN_POINT ( 'NONE',  ( 0.07972440947149994628, -0.07242074860119984692, 2.664535259100375303E-15 ) ) ;
#883 = CARTESIAN_POINT ( 'NONE',  ( 0.8114173228314003339, 8.881784197001252323E-16, -0.06594492574901833493 ) ) ;
#884 = CARTESIAN_POINT ( 'NONE',  ( 0.4852362204704992465, -0.2431879680263150656, 0.1963789611057868423 ) ) ;
#885 = DIRECTION ( 'NONE',  ( 0.0000000000000000000, 0.0000000000000000000, -1.000000000000000000 ) ) ;
#886 = ORIENTED_EDGE ( 'NONE', *, *, #242, .T. ) ;
#887 = VECTOR ( 'NONE', #1947, 39.37007874015748143 ) ;
#888 = DIRECTION ( 'NONE',  ( 0.0000000000000000000, 0.0000000000000000000, 1.000000000000000000 ) ) ;
#889 = VECTOR ( 'NONE', #1537, 39.37007874015748143 ) ;
#890 = ORIENTED_EDGE ( 'NONE', *, *, #2527, .F. ) ;
#891 = CARTESIAN_POINT ( 'NONE',  ( 0.1811023622039999170, 0.3285433070852992188, -0.4543307086595991251 ) ) ;
#892 = VERTEX_POINT ( 'NONE', #740 ) ;
#893 = VECTOR ( 'NONE', #466, 39.37007874015748143 ) ;
#894 = CARTESIAN_POINT ( 'NONE',  ( 0.0000000000000000000, 0.07242074860119984692, 4.615917105076310658E-16 ) ) ;
#895 = VERTEX_POINT ( 'NONE', #354 ) ;
#896 = EDGE_CURVE ( 'NONE', #2700, #213, #5668, .T. ) ;
#897 = ADVANCED_FACE ( 'NONE', ( #4514 ), #4651, .F. ) ;
#898 = VECTOR ( 'NONE', #802, 39.37007874015748143 ) ;
#899 = ORIENTED_EDGE ( 'NONE', *, *, #5314, .F. ) ;
#900 = AXIS2_PLACEMENT_3D ( 'NONE', #2028, #4238, #4736 ) ;
#901 = DIRECTION ( 'NONE',  ( 0.03489949670263685355, 0.0000000000000000000, -0.9993908270190908771 ) ) ;
#902 = ORIENTED_EDGE ( 'NONE', *, *, #6733, .F. ) ;
#903 = FACE_OUTER_BOUND ( 'NONE', #6369, .T. ) ;
#904 = CARTESIAN_POINT ( 'NONE',  ( -0.7628208702605824287, 0.03356211493164563964, -0.1910730725034542610 ) ) ;
#905 = CIRCLE ( 'NONE', #1355, 0.03188976377939998358 ) ;
#906 = DIRECTION ( 'NONE',  ( 1.000000000000000000, 6.123031769111886291E-17, -3.749151804555343599E-33 ) ) ;
#907 = LINE ( 'NONE', #2933, #6418 ) ;
#908 = ORIENTED_EDGE ( 'NONE', *, *, #6880, .F. ) ;
#909 = EDGE_CURVE ( 'NONE', #5309, #1434, #3416, .T. ) ;
#910 = DIRECTION ( 'NONE',  ( -0.4999999999486983704, 0.0000000000000000000, 0.8660254038140575705 ) ) ;
#911 = CARTESIAN_POINT ( 'NONE',  ( 0.5797244094694997685, 0.2431879680263149268, 0.1963789611057866480 ) ) ;
#912 = DIRECTION ( 'NONE',  ( 1.000000000000000000, 6.123031769111886291E-17, -3.749151804555343599E-33 ) ) ;
#913 = DIRECTION ( 'NONE',  ( -1.000000000000000000, -6.123031769111886291E-17, 3.749151804555343599E-33 ) ) ;
#914 = LINE ( 'NONE', #2000, #4479 ) ;
#915 = EDGE_CURVE ( 'NONE', #6694, #1878, #5051, .T. ) ;
#916 = EDGE_CURVE ( 'NONE', #4613, #2781, #5088, .T. ) ;
#917 = EDGE_CURVE ( 'NONE', #2371, #5923, #5631, .T. ) ;
#918 = ORIENTED_EDGE ( 'NONE', *, *, #5932, .F. ) ;
#919 = ORIENTED_EDGE ( 'NONE', *, *, #5760, .F. ) ;
#920 = FACE_OUTER_BOUND ( 'NONE', #743, .T. ) ;
#921 = LINE ( 'NONE', #6080, #4451 ) ;
#922 = LINE ( 'NONE', #4189, #3044 ) ;
#923 = ORIENTED_EDGE ( 'NONE', *, *, #6646, .F. ) ;
#924 = ORIENTED_EDGE ( 'NONE', *, *, #6290, .T. ) ;
#925 = DIRECTION ( 'NONE',  ( -1.000000000000000000, -0.0000000000000000000, 0.0000000000000000000 ) ) ;
#926 = ORIENTED_EDGE ( 'NONE', *, *, #4435, .T. ) ;
#927 = LINE ( 'NONE', #2543, #2896 ) ;
#928 = ORIENTED_EDGE ( 'NONE', *, *, #934, .F. ) ;
#929 = ORIENTED_EDGE ( 'NONE', *, *, #3964, .F. ) ;
#930 = ORIENTED_EDGE ( 'NONE', *, *, #5926, .T. ) ;
#931 = CARTESIAN_POINT ( 'NONE',  ( 0.3297244094704998019, 0.2785433070854992366, 0.1929133858260032308 ) ) ;
#932 = VERTEX_POINT ( 'NONE', #2915 ) ;
#933 = CARTESIAN_POINT ( 'NONE',  ( -0.6929133858260003720, 1.404634042604552466E-18, -8.600618866843732746E-35 ) ) ;
#934 = EDGE_CURVE ( 'NONE', #381, #5788, #2, .T. ) ;
#935 = CARTESIAN_POINT ( 'NONE',  ( -0.6909448818890004951, 0.0000000000000000000, 0.0000000000000000000 ) ) ;
#936 = VECTOR ( 'NONE', #6257, 39.37007874015748143 ) ;
#937 = CARTESIAN_POINT ( 'NONE',  ( -0.7409645359770533624, 0.1681313150633259590, -0.1855160968583942360 ) ) ;
#938 = CARTESIAN_POINT ( 'NONE',  ( 0.6811023622020000445, -0.3285433070852992188, -0.4543307086595991251 ) ) ;
#939 = DIRECTION ( 'NONE',  ( 0.0000000000000000000, 0.7071067811865474617, -0.7071067811865474617 ) ) ;
#940 = ORIENTED_EDGE ( 'NONE', *, *, #3172, .T. ) ;
#941 = ORIENTED_EDGE ( 'NONE', *, *, #2525, .F. ) ;
#942 = DIRECTION ( 'NONE',  ( -1.000000000000000000, 0.0000000000000000000, 0.0000000000000000000 ) ) ;
#943 = VECTOR ( 'NONE', #727, 39.37007874015748143 ) ;
#944 = FACE_OUTER_BOUND ( 'NONE', #5433, .T. ) ;
#945 = CARTESIAN_POINT ( 'NONE',  ( 0.1015748031491998660, -0.3285433070852992188, -0.09999999999959907626 ) ) ;
#946 = CARTESIAN_POINT ( 'NONE',  ( 0.2125058949125353536, 0.3104330708652991433, -0.3204724409435995014 ) ) ;
#947 = CARTESIAN_POINT ( 'NONE',  ( 0.8114173228313994457, 0.3285433070852992188, 4.439252989704427977E-16 ) ) ;
#948 = ORIENTED_EDGE ( 'NONE', *, *, #4553, .F. ) ;
#949 = ORIENTED_EDGE ( 'NONE', *, *, #4699, .T. ) ;
#950 = CARTESIAN_POINT ( 'NONE',  ( 0.2352362204714992522, 0.3285433070852992188, 0.1610236220466032264 ) ) ;
#951 = EDGE_CURVE ( 'NONE', #4130, #4237, #528, .T. ) ;
#952 = LINE ( 'NONE', #385, #2903 ) ;
#953 = ADVANCED_FACE ( 'NONE', ( #5377 ), #6853, .T. ) ;
#954 = CARTESIAN_POINT ( 'NONE',  ( -0.6889763779520012843, 0.0000000000000000000, 0.0000000000000000000 ) ) ;
#955 = ORIENTED_EDGE ( 'NONE', *, *, #160, .T. ) ;
#956 = CARTESIAN_POINT ( 'NONE',  ( 0.07972440947149996016, 0.2785433070854992366, 0.1610236220466032264 ) ) ;
#957 = VERTEX_POINT ( 'NONE', #424 ) ;
#958 = DIRECTION ( 'NONE',  ( 0.0000000000000000000, -1.000000000000000000, 6.123031769111886291E-17 ) ) ;
#959 = VECTOR ( 'NONE', #2497, 39.37007874015748143 ) ;
#960 = ORIENTED_EDGE ( 'NONE', *, *, #6249, .T. ) ;
#961 = DIRECTION ( 'NONE',  ( 1.000000000000000000, 0.0000000000000000000, 0.0000000000000000000 ) ) ;
#962 = EDGE_LOOP ( 'NONE', ( #6385, #6530, #4577, #92 ) ) ;
#963 = AXIS2_PLACEMENT_3D ( 'NONE', #3032, #5354, #1462 ) ;
#964 = DIRECTION ( 'NONE',  ( 0.0000000000000000000, 1.000000000000000000, 0.0000000000000000000 ) ) ;
#965 = ORIENTED_EDGE ( 'NONE', *, *, #5170, .F. ) ;
#966 = VECTOR ( 'NONE', #5693, 39.37007874015748143 ) ;
#967 = DIRECTION ( 'NONE',  ( -1.000000000000000000, 6.123031769111886291E-17, -3.749151804555343599E-33 ) ) ;
#968 = VECTOR ( 'NONE', #5675, 39.37007874015748143 ) ;
#969 = DIRECTION ( 'NONE',  ( 1.000000000000000000, 0.0000000000000000000, 0.0000000000000000000 ) ) ;
#970 = CARTESIAN_POINT ( 'NONE',  ( 0.3297244094704998019, 0.2785433070854992366, 0.1610236220466032264 ) ) ;
#971 = CYLINDRICAL_SURFACE ( 'NONE', #4580, 0.2165354330750000056 ) ;
#972 = EDGE_LOOP ( 'NONE', ( #5319, #725, #357, #6149 ) ) ;
#973 = ORIENTED_EDGE ( 'NONE', *, *, #4567, .F. ) ;
#974 = ADVANCED_FACE ( 'NONE', ( #1482 ), #5234, .T. ) ;
#975 = DIRECTION ( 'NONE',  ( -1.000000000000000000, 6.123031769111886291E-17, -3.749151804555343599E-33 ) ) ;
#976 = VECTOR ( 'NONE', #4531, 39.37007874015748143 ) ;
#977 = CARTESIAN_POINT ( 'NONE',  ( 0.3759842519670000272, -0.3285433070852992188, -0.3204724409435995014 ) ) ;
#978 = CARTESIAN_POINT ( 'NONE',  ( 0.7175065665327347020, -0.3385826771640010335, -0.3118110236207991548 ) ) ;
#979 = CARTESIAN_POINT ( 'NONE',  ( -0.1181102362200006223, 0.0000000000000000000, 0.0000000000000000000 ) ) ;
#980 = FACE_OUTER_BOUND ( 'NONE', #839, .T. ) ;
#981 = EDGE_CURVE ( 'NONE', #2517, #957, #4152, .T. ) ;
#982 = ADVANCED_FACE ( 'NONE', ( #4188 ), #5838, .T. ) ;
#983 = VERTEX_POINT ( 'NONE', #461 ) ;
#984 = ADVANCED_FACE ( 'NONE', ( #2113 ), #2603, .T. ) ;
#985 = ORIENTED_EDGE ( 'NONE', *, *, #4136, .F. ) ;
#986 = DIRECTION ( 'NONE',  ( -1.000000000000000000, 6.123031769111886291E-17, -3.749151804555343599E-33 ) ) ;
#987 = CARTESIAN_POINT ( 'NONE',  ( -0.6377952755900002657, 3.760726391067384157E-17, 0.3070866141720002829 ) ) ;
#988 = AXIS2_PLACEMENT_3D ( 'NONE', #479, #3534, #867 ) ;
#989 = DIRECTION ( 'NONE',  ( 1.000000000000000000, 0.0000000000000000000, 0.0000000000000000000 ) ) ;
#990 = CARTESIAN_POINT ( 'NONE',  ( 0.2352362204714992522, 0.2273686271854815644, 2.663551793822656786E-15 ) ) ;
#991 = EDGE_LOOP ( 'NONE', ( #4302, #4065, #3636, #4277 ) ) ;
#992 = VECTOR ( 'NONE', #1092, 39.37007874015748143 ) ;
#993 = EDGE_CURVE ( 'NONE', #3908, #3464, #4224, .T. ) ;
#994 = CARTESIAN_POINT ( 'NONE',  ( 0.0000000000000000000, -0.3285433070852992188, 4.861428670200348617E-16 ) ) ;
#995 = VERTEX_POINT ( 'NONE', #3698 ) ;
#996 = DIRECTION ( 'NONE',  ( 0.0000000000000000000, 0.0000000000000000000, -1.000000000000000000 ) ) ;
#997 = ORIENTED_EDGE ( 'NONE', *, *, #2679, .T. ) ;
#998 = ORIENTED_EDGE ( 'NONE', *, *, #122, .T. ) ;
#999 = EDGE_CURVE ( 'NONE', #2982, #4681, #5875, .T. ) ;
#1000 = ORIENTED_EDGE ( 'NONE', *, *, #4206, .T. ) ;
#1001 = DIRECTION ( 'NONE',  ( 1.000000000000000000, 6.123031769111886291E-17, -3.749151804555343599E-33 ) ) ;
#1002 = VECTOR ( 'NONE', #3278, 39.37007874015748143 ) ;
#1003 = VECTOR ( 'NONE', #1845, 39.37007874015748143 ) ;
#1004 = FACE_OUTER_BOUND ( 'NONE', #5236, .T. ) ;
#1005 = DIRECTION ( 'NONE',  ( -1.000000000000000000, 6.123031769111886291E-17, -3.749151804555343599E-33 ) ) ;
#1006 = CARTESIAN_POINT ( 'NONE',  ( -0.3901574803154005955, 0.0000000000000000000, 0.0000000000000000000 ) ) ;
#1007 = CARTESIAN_POINT ( 'NONE',  ( 0.3515748031481997771, 0.3582677165339996916, -0.09999999999959906238 ) ) ;
#1008 = ORIENTED_EDGE ( 'NONE', *, *, #6470, .T. ) ;
#1009 = EDGE_LOOP ( 'NONE', ( #4715, #1063, #1945, #2652 ) ) ;
#1010 = CARTESIAN_POINT ( 'NONE',  ( 0.6338582677139994459, 0.3104330708652991433, -0.4543307086595991251 ) ) ;
#1011 = AXIS2_PLACEMENT_3D ( 'NONE', #2301, #118, #3397 ) ;
#1012 = AXIS2_PLACEMENT_3D ( 'NONE', #2979, #5152, #5771 ) ;
#1013 = CARTESIAN_POINT ( 'NONE',  ( -0.6377952755900002657, 0.0000000000000000000, 0.0000000000000000000 ) ) ;
#1014 = DIRECTION ( 'NONE',  ( 0.0000000000000000000, 1.000000000000000000, -6.123031769111886291E-17 ) ) ;
#1015 = APPLICATION_CONTEXT ( 'automotive_design' ) ;
#1016 = LINE ( 'NONE', #6925, #3441 ) ;
#1017 = LINE ( 'NONE', #1184, #1776 ) ;
#1018 = ORIENTED_EDGE ( 'NONE', *, *, #5780, .T. ) ;
#1019 = VECTOR ( 'NONE', #2130, 39.37007874015748143 ) ;
#1020 = ORIENTED_EDGE ( 'NONE', *, *, #1504, .T. ) ;
#1021 = DIRECTION ( 'NONE',  ( -0.0000000000000000000, -6.123031769111886291E-17, -1.000000000000000000 ) ) ;
#1022 = DIRECTION ( 'NONE',  ( 0.4999999999486984259, -0.0000000000000000000, -0.8660254038140575705 ) ) ;
#1023 = ORIENTED_EDGE ( 'NONE', *, *, #2858, .T. ) ;
#1024 = CARTESIAN_POINT ( 'NONE',  ( 0.05984251968459908949, 0.0000000000000000000, 0.0000000000000000000 ) ) ;
#1025 = ORIENTED_EDGE ( 'NONE', *, *, #3871, .F. ) ;
#1026 = SHAPE_REPRESENTATION ( 'Imported5', ( #1149 ), #2733 ) ;
#1027 = CARTESIAN_POINT ( 'NONE',  ( 0.8114173228313998898, -0.1659448818999998687, 4.440256931301793900E-16 ) ) ;
#1028 = EDGE_LOOP ( 'NONE', ( #4499, #5648, #973, #2883, #3076 ) ) ;
#1029 = LINE ( 'NONE', #3739, #1118 ) ;
#1030 = APPLICATION_PROTOCOL_DEFINITION ( 'draft international standard', 'automotive_design', 1998, #6435 ) ;
#1031 = VERTEX_POINT ( 'NONE', #4791 ) ;
#1032 = ORIENTED_EDGE ( 'NONE', *, *, #3768, .F. ) ;
#1033 = CARTESIAN_POINT ( 'NONE',  ( 0.6811023622019998225, 0.3285433070852992188, -0.4543307086595991251 ) ) ;
#1034 = CARTESIAN_POINT ( 'NONE',  ( 0.3297244094704998019, -0.2431879680263148991, 0.1963789611057866480 ) ) ;
#1035 = PLANE ( 'NONE',  #6045 ) ;
#1036 = CARTESIAN_POINT ( 'NONE',  ( 0.1338582677159997902, -0.3104330708652991433, -0.4543307086595991251 ) ) ;
#1037 = EDGE_CURVE ( 'NONE', #1224, #892, #6960, .T. ) ;
#1038 = LINE ( 'NONE', #4242, #2994 ) ;
#1039 = DIRECTION ( 'NONE',  ( 0.4999999999487850788, 0.0000000000000000000, 0.8660254038140076105 ) ) ;
#1040 = VECTOR ( 'NONE', #5076, 39.37007874015748143 ) ;
#1041 = EDGE_CURVE ( 'NONE', #2126, #2928, #6431, .T. ) ;
#1042 = VERTEX_POINT ( 'NONE', #3199 ) ;
#1043 = EDGE_LOOP ( 'NONE', ( #6605, #2426, #1275, #4798, #2949, #4095, #2271, #6784, #4635 ) ) ;
#1044 = FACE_BOUND ( 'NONE', #2366, .T. ) ;
#1045 = CIRCLE ( 'NONE', #4756, 0.1556775442178812696 ) ;
#1046 = DIRECTION ( 'NONE',  ( 0.0000000000000000000, 0.0000000000000000000, 1.000000000000000000 ) ) ;
#1047 = DIRECTION ( 'NONE',  ( 5.302701060210381555E-17, -0.8660254037812237238, 0.5000000000055686566 ) ) ;
#1048 = CARTESIAN_POINT ( 'NONE',  ( -0.7387937305823460976, 0.1834425242826971114, 0.1189182083457084871 ) ) ;
#1049 = DIRECTION ( 'NONE',  ( -1.000000000000000000, -0.0000000000000000000, 0.0000000000000000000 ) ) ;
#1050 = ORIENTED_EDGE ( 'NONE', *, *, #2875, .F. ) ;
#1051 = ORIENTED_EDGE ( 'NONE', *, *, #1629, .T. ) ;
#1052 = CARTESIAN_POINT ( 'NONE',  ( 0.07972440947149994628, 0.3285433070852992188, 0.1610236220466032264 ) ) ;
#1053 = PLANE ( 'NONE',  #6319 ) ;
#1054 = CARTESIAN_POINT ( 'NONE',  ( 0.1889763779519997300, 0.3285433070852992188, -0.3283464566915989535 ) ) ;
#1055 = VECTOR ( 'NONE', #5074, 39.37007874015748143 ) ;
#1056 = ORIENTED_EDGE ( 'NONE', *, *, #6054, .F. ) ;
#1057 = EDGE_CURVE ( 'NONE', #3672, #5635, #921, .T. ) ;
#1058 = VERTEX_POINT ( 'NONE', #6046 ) ;
#1059 = EDGE_CURVE ( 'NONE', #5822, #4681, #6837, .T. ) ;
#1060 = ORIENTED_EDGE ( 'NONE', *, *, #1325, .F. ) ;
#1061 = CARTESIAN_POINT ( 'NONE',  ( 0.5797244094694997685, -0.07242074860119984692, 2.664535259100375303E-15 ) ) ;
#1062 = SURFACE_STYLE_USAGE ( .BOTH. , #502 ) ;
#1063 = ORIENTED_EDGE ( 'NONE', *, *, #3788, .F. ) ;
#1064 = ORIENTED_EDGE ( 'NONE', *, *, #6606, .F. ) ;
#1065 = CARTESIAN_POINT ( 'NONE',  ( -0.6377952755900002657, 0.0000000000000000000, 0.0000000000000000000 ) ) ;
#1066 = ADVANCED_FACE ( 'NONE', ( #6564 ), #2214, .T. ) ;
#1067 = ORIENTED_EDGE ( 'NONE', *, *, #5191, .T. ) ;
#1068 = EDGE_CURVE ( 'NONE', #3928, #1596, #4971, .T. ) ;
#1069 = EDGE_CURVE ( 'NONE', #1632, #1980, #6601, .T. ) ;
#1070 = CARTESIAN_POINT ( 'NONE',  ( -0.7387937305823458756, -0.1433872991266346986, 0.1653185531211369963 ) ) ;
#1071 = CARTESIAN_POINT ( 'NONE',  ( 0.6024547350054630934, -0.3285433070852991633, -0.3204724409435995569 ) ) ;
#1072 = CARTESIAN_POINT ( 'NONE',  ( 0.4633858267697990030, 0.3285433070852992188, -0.09999999999959907626 ) ) ;
#1073 = VECTOR ( 'NONE', #2512, 39.37007874015748143 ) ;
#1074 = FACE_OUTER_BOUND ( 'NONE', #1137, .T. ) ;
#1075 = LINE ( 'NONE', #1575, #318 ) ;
#1076 = EDGE_LOOP ( 'NONE', ( #5569, #2050, #3436, #256 ) ) ;
#1077 = VERTEX_POINT ( 'NONE', #3799 ) ;
#1078 = PLANE ( 'NONE',  #6833 ) ;
#1079 = EDGE_CURVE ( 'NONE', #6804, #4449, #2536, .T. ) ;
#1080 = AXIS2_PLACEMENT_3D ( 'NONE', #1065, #3213, #4943 ) ;
#1081 = ADVANCED_FACE ( 'NONE', ( #6534 ), #3834, .T. ) ;
#1082 = CARTESIAN_POINT ( 'NONE',  ( 0.2352362204714992522, -0.3285433070852992188, 2.664535259100375303E-15 ) ) ;
#1083 = CARTESIAN_POINT ( 'NONE',  ( 0.1015748031491998660, -0.3285433070852992188, -0.3118110236207991548 ) ) ;
#1084 = FACE_OUTER_BOUND ( 'NONE', #400, .T. ) ;
#1085 = VERTEX_POINT ( 'NONE', #2804 ) ;
#1086 = AXIS2_PLACEMENT_3D ( 'NONE', #4156, #358, #4656 ) ;
#1087 = ORIENTED_EDGE ( 'NONE', *, *, #6815, .T. ) ;
#1088 = EDGE_CURVE ( 'NONE', #3318, #6484, #5412, .T. ) ;
#1089 = CARTESIAN_POINT ( 'NONE',  ( 0.4389763779509996411, -0.3285433070852992188, -0.3204724409435995014 ) ) ;
#1090 = CARTESIAN_POINT ( 'NONE',  ( 0.4675065665337347909, 0.3285433070852992188, -0.3118110236207991548 ) ) ;
#1091 = FACE_OUTER_BOUND ( 'NONE', #1009, .T. ) ;
#1092 = DIRECTION ( 'NONE',  ( -1.000000000000000000, 6.123031769111886291E-17, -3.749151804555343599E-33 ) ) ;
#1093 = VECTOR ( 'NONE', #1922, 39.37007874015748143 ) ;
#1094 = ORIENTED_EDGE ( 'NONE', *, *, #86, .T. ) ;
#1095 = ORIENTED_EDGE ( 'NONE', *, *, #1430, .F. ) ;
#1096 = AXIS2_PLACEMENT_3D ( 'NONE', #2827, #2932, #6703 ) ;
#1097 = VERTEX_POINT ( 'NONE', #3902 ) ;
#1098 =( LENGTH_UNIT ( ) NAMED_UNIT ( * ) SI_UNIT ( $, .METRE. ) );
#1099 = EDGE_LOOP ( 'NONE', ( #5491, #941, #4021, #4558 ) ) ;
#1100 = LINE ( 'NONE', #13, #404 ) ;
#1101 = ORIENTED_EDGE ( 'NONE', *, *, #2537, .F. ) ;
#1102 = CARTESIAN_POINT ( 'NONE',  ( 0.7352362204694999903, 0.2785433070854992366, 0.1929133858260032308 ) ) ;
#1103 = AXIS2_PLACEMENT_3D ( 'NONE', #1229, #666, #2805 ) ;
#1104 = CARTESIAN_POINT ( 'NONE',  ( 0.7133858267687989141, -0.3582677165339994141, -0.2921259842507990534 ) ) ;
#1105 = DIRECTION ( 'NONE',  ( 1.000000000000000000, 0.0000000000000000000, 0.0000000000000000000 ) ) ;
#1106 = SURFACE_STYLE_FILL_AREA ( #3784 ) ;
#1107 = EDGE_CURVE ( 'NONE', #6426, #4228, #1723, .T. ) ;
#1108 = LINE ( 'NONE', #3255, #4258 ) ;
#1109 = ADVANCED_FACE ( 'NONE', ( #1091 ), #3304, .F. ) ;
#1110 = EDGE_LOOP ( 'NONE', ( #2923, #5451 ) ) ;
#1111 = AXIS2_PLACEMENT_3D ( 'NONE', #749, #2886, #6691 ) ;
#1112 = ORIENTED_EDGE ( 'NONE', *, *, #2147, .F. ) ;
#1113 = AXIS2_PLACEMENT_3D ( 'NONE', #5821, #3114, #2698 ) ;
#1114 = CARTESIAN_POINT ( 'NONE',  ( 0.5974541065288656583, -0.3285433070852992188, -0.3118110983511730439 ) ) ;
#1115 = DIRECTION ( 'NONE',  ( 0.0000000000000000000, -1.000000000000000000, 6.123031769111886291E-17 ) ) ;
#1116 = CARTESIAN_POINT ( 'NONE',  ( -0.7387937305823457645, 0.08872188972817991737, 0.1998042275585695526 ) ) ;
#1117 = VECTOR ( 'NONE', #2150, 39.37007874015748143 ) ;
#1118 = VECTOR ( 'NONE', #3174, 39.37007874015748854 ) ;
#1119 = CARTESIAN_POINT ( 'NONE',  ( 0.0000000000000000000, 0.07242074860119984692, 4.615917105076310658E-16 ) ) ;
#1120 = ORIENTED_EDGE ( 'NONE', *, *, #6142, .T. ) ;
#1121 = EDGE_CURVE ( 'NONE', #6371, #3246, #564, .T. ) ;
#1122 = EDGE_LOOP ( 'NONE', ( #5090, #1634, #1255, #798 ) ) ;
#1123 = VECTOR ( 'NONE', #6633, 39.37007874015748143 ) ;
#1124 = ORIENTED_EDGE ( 'NONE', *, *, #2311, .F. ) ;
#1125 = VECTOR ( 'NONE', #3197, 39.37007874015748143 ) ;
#1126 = DIRECTION ( 'NONE',  ( -0.0000000000000000000, 1.000000000000000000, -6.123031769111886291E-17 ) ) ;
#1127 = DIRECTION ( 'NONE',  ( -0.4999999999487850788, 0.0000000000000000000, -0.8660254038140076105 ) ) ;
#1128 = CARTESIAN_POINT ( 'NONE',  ( -0.6889763779520006182, -0.1334614873947947145, 0.2137198127411575055 ) ) ;
#1129 = DIRECTION ( 'NONE',  ( 1.000000000000000000, 3.749151804555343599E-33, -2.295617560651552647E-49 ) ) ;
#1130 = ADVANCED_FACE ( 'NONE', ( #6462 ), #1693, .F. ) ;
#1131 = EDGE_CURVE ( 'NONE', #3318, #2680, #5551, .T. ) ;
#1132 = VERTEX_POINT ( 'NONE', #4402 ) ;
#1133 = AXIS2_PLACEMENT_3D ( 'NONE', #1006, #4204, #6381 ) ;
#1134 = DIRECTION ( 'NONE',  ( 0.0000000000000000000, 0.7071067811865474617, 0.7071067811865474617 ) ) ;
#1135 = ORIENTED_EDGE ( 'NONE', *, *, #734, .T. ) ;
#1136 = AXIS2_PLACEMENT_3D ( 'NONE', #1802, #3492, #5669 ) ;
#1137 = EDGE_LOOP ( 'NONE', ( #4945, #6194, #6823, #1386, #5712, #3002, #4072, #2822, #1838, #1554 ) ) ;
#1138 = ORIENTED_EDGE ( 'NONE', *, *, #2703, .F. ) ;
#1139 = FACE_OUTER_BOUND ( 'NONE', #5840, .T. ) ;
#1140 = ORIENTED_EDGE ( 'NONE', *, *, #1626, .T. ) ;
#1141 = LINE ( 'NONE', #3286, #2572 ) ;
#1142 = DIRECTION ( 'NONE',  ( 0.0000000000000000000, 1.000000000000000000, 0.0000000000000000000 ) ) ;
#1143 = DIRECTION ( 'NONE',  ( 0.0000000000000000000, 1.000000000000000000, -6.123031769111886291E-17 ) ) ;
#1144 = ORIENTED_EDGE ( 'NONE', *, *, #3264, .F. ) ;
#1145 = VERTEX_POINT ( 'NONE', #34 ) ;
#1146 = LINE ( 'NONE', #3786, #2088 ) ;
#1147 = EDGE_CURVE ( 'NONE', #869, #1176, #1193, .T. ) ;
#1148 = EDGE_CURVE ( 'NONE', #5011, #1757, #665, .T. ) ;
#1149 = AXIS2_PLACEMENT_3D ( 'NONE', #3066, #4164, #1951 ) ;
#1150 = DIRECTION ( 'NONE',  ( 0.0000000000000000000, 0.0000000000000000000, 1.000000000000000000 ) ) ;
#1151 = DIRECTION ( 'NONE',  ( 0.0000000000000000000, 0.0000000000000000000, -1.000000000000000000 ) ) ;
#1152 = CARTESIAN_POINT ( 'NONE',  ( 1.205321214387297829E-18, 0.3582677165339995806, -0.2921259842507990534 ) ) ;
#1153 = CARTESIAN_POINT ( 'NONE',  ( 0.3297244094704998019, -0.3285433070852992188, 2.664535259100375303E-15 ) ) ;
#1154 = ORIENTED_EDGE ( 'NONE', *, *, #6877, .T. ) ;
#1155 = ADVANCED_FACE ( 'NONE', ( #6497 ), #1658, .F. ) ;
#1156 = DIRECTION ( 'NONE',  ( -0.0000000000000000000, -1.000000000000000000, 6.123031769111886291E-17 ) ) ;
#1157 = CARTESIAN_POINT ( 'NONE',  ( 0.3297244094704998019, -0.2785433070854992366, 0.1610236220466032264 ) ) ;
#1158 = DIRECTION ( 'NONE',  ( 6.123031769111886291E-17, -1.000000000000000000, 0.0000000000000000000 ) ) ;
#1159 = AXIS2_PLACEMENT_3D ( 'NONE', #6366, #1519, #6855 ) ;
#1160 = VERTEX_POINT ( 'NONE', #5042 ) ;
#1161 = VECTOR ( 'NONE', #3155, 39.37007874015748143 ) ;
#1162 = ORIENTED_EDGE ( 'NONE', *, *, #1365, .F. ) ;
#1163 = ADVANCED_FACE ( 'NONE', ( #3942 ), #198, .F. ) ;
#1164 = VECTOR ( 'NONE', #4040, 39.37007874015748143 ) ;
#1165 = EDGE_CURVE ( 'NONE', #4511, #4060, #5252, .T. ) ;
#1166 = ORIENTED_EDGE ( 'NONE', *, *, #5709, .F. ) ;
#1167 = VECTOR ( 'NONE', #6948, 39.37007874015748143 ) ;
#1168 = ORIENTED_EDGE ( 'NONE', *, *, #5345, .T. ) ;
#1169 = ORIENTED_EDGE ( 'NONE', *, *, #4508, .F. ) ;
#1170 = DIRECTION ( 'NONE',  ( 0.4999999999486983704, 0.0000000000000000000, -0.8660254038140575705 ) ) ;
#1171 = ORIENTED_EDGE ( 'NONE', *, *, #5221, .F. ) ;
#1172 = DIRECTION ( 'NONE',  ( 1.000000000000000000, 3.061515884555970879E-17, 3.061515884555943146E-17 ) ) ;
#1173 = PLANE ( 'NONE',  #2670 ) ;
#1174 = DIRECTION ( 'NONE',  ( 0.0000000000000000000, 6.123031769111886291E-17, 1.000000000000000000 ) ) ;
#1175 = CARTESIAN_POINT ( 'NONE',  ( -0.7387937305823460976, -0.03695913043793665892, -0.2161273209816068908 ) ) ;
#1176 = VERTEX_POINT ( 'NONE', #236 ) ;
#1177 = EDGE_CURVE ( 'NONE', #4440, #340, #4010, .T. ) ;
#1178 = ORIENTED_EDGE ( 'NONE', *, *, #3123, .T. ) ;
#1179 = CARTESIAN_POINT ( 'NONE',  ( -0.1181102362200006223, 0.0000000000000000000, -0.1556775442178812696 ) ) ;
#1180 = VECTOR ( 'NONE', #4528, 39.37007874015748143 ) ;
#1181 = CIRCLE ( 'NONE', #5013, 0.04999999999980000998 ) ;
#1182 = CARTESIAN_POINT ( 'NONE',  ( 1.205321214387282037E-18, 0.3582677165339993031, -0.2921259842507990534 ) ) ;
#1183 = DIRECTION ( 'NONE',  ( 0.0000000000000000000, 0.0000000000000000000, 1.000000000000000000 ) ) ;
#1184 = CARTESIAN_POINT ( 'NONE',  ( 0.3515748031481988889, -0.3285433070852992188, -0.3118110236207991548 ) ) ;
#1185 = ORIENTED_EDGE ( 'NONE', *, *, #5611, .F. ) ;
#1186 = ORIENTED_EDGE ( 'NONE', *, *, #3732, .T. ) ;
#1187 = VECTOR ( 'NONE', #2325, 39.37007874015748143 ) ;
#1188 = LINE ( 'NONE', #3330, #4314 ) ;
#1189 = ORIENTED_EDGE ( 'NONE', *, *, #2790, .F. ) ;
#1190 = DIRECTION ( 'NONE',  ( 0.0000000000000000000, -1.000000000000000000, 0.0000000000000000000 ) ) ;
#1191 = DIRECTION ( 'NONE',  ( 0.0000000000000000000, 1.000000000000000000, -0.0000000000000000000 ) ) ;
#1192 = PLANE ( 'NONE',  #4721 ) ;
#1193 = LINE ( 'NONE', #3335, #2645 ) ;
#1194 = CARTESIAN_POINT ( 'NONE',  ( 0.4852362204704992465, -0.07242074860119984692, 2.669296277896500903E-15 ) ) ;
#1195 = EDGE_CURVE ( 'NONE', #6946, #2430, #2418, .T. ) ;
#1196 = ADVANCED_FACE ( 'NONE', ( #1792 ), #1830, .T. ) ;
#1197 = EDGE_CURVE ( 'NONE', #5407, #3517, #4455, .T. ) ;
#1198 = VERTEX_POINT ( 'NONE', #1898 ) ;
#1199 = ORIENTED_EDGE ( 'NONE', *, *, #3009, .T. ) ;
#1200 = CARTESIAN_POINT ( 'NONE',  ( -0.5944881889760003091, 2.651794250111611313E-17, 0.2165354330699997554 ) ) ;
#1201 = ORIENTED_EDGE ( 'NONE', *, *, #1667, .F. ) ;
#1202 = EDGE_CURVE ( 'NONE', #420, #3016, #270, .T. ) ;
#1203 = ORIENTED_EDGE ( 'NONE', *, *, #3191, .T. ) ;
#1204 = VERTEX_POINT ( 'NONE', #6214 ) ;
#1205 = CIRCLE ( 'NONE', #5154, 0.2519685039360020085 ) ;
#1206 = CARTESIAN_POINT ( 'NONE',  ( 0.3759842519670000272, 0.3104330708652991433, -0.3204724409435992794 ) ) ;
#1207 = EDGE_LOOP ( 'NONE', ( #2133, #3146, #5179, #4417 ) ) ;
#1208 = DIRECTION ( 'NONE',  ( 0.0000000000000000000, 0.7071067811865474617, -0.7071067811865474617 ) ) ;
#1209 = VECTOR ( 'NONE', #3200, 39.37007874015748143 ) ;
#1210 = DIRECTION ( 'NONE',  ( 0.0000000000000000000, 1.000000000000000000, -6.123031769111886291E-17 ) ) ;
#1211 = CARTESIAN_POINT ( 'NONE',  ( 0.1811023622040002223, -0.3285433070852992188, -0.4543307086595991251 ) ) ;
#1212 = ADVANCED_FACE ( 'NONE', ( #6747 ), #3544, .T. ) ;
#1213 = VERTEX_POINT ( 'NONE', #3513 ) ;
#1214 = DIRECTION ( 'NONE',  ( -0.0000000000000000000, -1.000000000000000000, 6.123031769111886291E-17 ) ) ;
#1215 = VECTOR ( 'NONE', #4322, 39.37007874015748143 ) ;
#1216 = CARTESIAN_POINT ( 'NONE',  ( 0.07972440947149994628, 0.07242074860119984692, 2.664535259100375303E-15 ) ) ;
#1217 = LINE ( 'NONE', #4389, #6774 ) ;
#1218 = DIRECTION ( 'NONE',  ( 1.000000000000000000, 0.0000000000000000000, -0.0000000000000000000 ) ) ;
#1219 = CARTESIAN_POINT ( 'NONE',  ( 0.4633858267697990030, 0.3285433070852991633, -0.09999999999959907626 ) ) ;
#1220 = VECTOR ( 'NONE', #394, 39.37007874015748143 ) ;
#1221 = ORIENTED_EDGE ( 'NONE', *, *, #1197, .F. ) ;
#1222 = VECTOR ( 'NONE', #4772, 39.37007874015748143 ) ;
#1223 = DIRECTION ( 'NONE',  ( -1.000000000000000000, 6.123031769111886291E-17, -3.749151804555343599E-33 ) ) ;
#1224 = VERTEX_POINT ( 'NONE', #6118 ) ;
#1225 = CYLINDRICAL_SURFACE ( 'NONE', #411, 0.04999999999980000998 ) ;
#1226 = DIRECTION ( 'NONE',  ( -0.03489949670263183673, 0.0000000000000000000, 0.9993908270190912102 ) ) ;
#1227 = CARTESIAN_POINT ( 'NONE',  ( 0.0000000000000000000, 0.3285433070852992188, -0.3204724409435995014 ) ) ;
#1228 = DIRECTION ( 'NONE',  ( -0.0000000000000000000, 1.000000000000000000, 0.0000000000000000000 ) ) ;
#1229 = CARTESIAN_POINT ( 'NONE',  ( 0.6811023622020000445, -0.3285433070852992188, -0.4543307086595991251 ) ) ;
#1230 = AXIS2_PLACEMENT_3D ( 'NONE', #5038, #3407, #157 ) ;
#1231 = ORIENTED_EDGE ( 'NONE', *, *, #6549, .T. ) ;
#1232 = ORIENTED_EDGE ( 'NONE', *, *, #6378, .F. ) ;
#1233 = EDGE_CURVE ( 'NONE', #6973, #6946, #6050, .T. ) ;
#1234 = EDGE_CURVE ( 'NONE', #6110, #983, #66, .T. ) ;
#1235 = CONICAL_SURFACE ( 'NONE', #5189, 0.3070866141720002829, 0.8224182792713762291 ) ;
#1236 = VECTOR ( 'NONE', #5492, 39.37007874015748143 ) ;
#1237 = CYLINDRICAL_SURFACE ( 'NONE', #625, 0.1261811023500000184 ) ;
#1238 = FACE_OUTER_BOUND ( 'NONE', #783, .T. ) ;
#1239 = VERTEX_POINT ( 'NONE', #1299 ) ;
#1240 = ORIENTED_EDGE ( 'NONE', *, *, #252, .T. ) ;
#1241 = CARTESIAN_POINT ( 'NONE',  ( 0.6574803149579997452, 0.3285433070852992188, -0.4543307086595991251 ) ) ;
#1242 = ORIENTED_EDGE ( 'NONE', *, *, #1177, .F. ) ;
#1243 = EDGE_CURVE ( 'NONE', #5443, #1479, #742, .T. ) ;
#1244 = CARTESIAN_POINT ( 'NONE',  ( -0.7387937305823458756, -0.2187152921096732761, 0.007108532685104334246 ) ) ;
#1245 = DIRECTION ( 'NONE',  ( -1.000000000000000000, 6.123031769111886291E-17, -3.749151804555343599E-33 ) ) ;
#1246 = DIRECTION ( 'NONE',  ( 0.0000000000000000000, 6.123031769111886291E-17, 1.000000000000000000 ) ) ;
#1247 = DIRECTION ( 'NONE',  ( 0.0000000000000000000, 0.0000000000000000000, 1.000000000000000000 ) ) ;
#1248 = EDGE_CURVE ( 'NONE', #4060, #2728, #5080, .T. ) ;
#1249 = EDGE_CURVE ( 'NONE', #1764, #1042, #2940, .T. ) ;
#1250 = CARTESIAN_POINT ( 'NONE',  ( 0.6015748031471988000, 0.3582677165339994696, -0.2921259842507990534 ) ) ;
#1251 = CARTESIAN_POINT ( 'NONE',  ( 0.6811023622020000445, -0.3285433070852992188, -0.4543307086595991251 ) ) ;
#1252 = DIRECTION ( 'NONE',  ( 0.0000000000000000000, 0.0000000000000000000, 1.000000000000000000 ) ) ;
#1253 = LINE ( 'NONE', #5470, #547 ) ;
#1254 = ORIENTED_EDGE ( 'NONE', *, *, #4437, .F. ) ;
#1255 = ORIENTED_EDGE ( 'NONE', *, *, #1559, .T. ) ;
#1256 = DIRECTION ( 'NONE',  ( 0.0000000000000000000, 1.000000000000000000, 0.0000000000000000000 ) ) ;
#1257 = VERTEX_POINT ( 'NONE', #836 ) ;
#1258 = CARTESIAN_POINT ( 'NONE',  ( -0.7158535582041731793, 0.0000000000000000000, 0.0000000000000000000 ) ) ;
#1259 = CARTESIAN_POINT ( 'NONE',  ( -0.7387937305823458756, 0.1254757207119645279, -0.2185039370069996600 ) ) ;
#1260 = DIRECTION ( 'NONE',  ( 0.0000000000000000000, -0.4999999999997196132, 0.8660254037846004671 ) ) ;
#1261 = LINE ( 'NONE', #629, #1123 ) ;
#1262 = CARTESIAN_POINT ( 'NONE',  ( 0.1889763779519997300, 0.3104330708652991433, -0.3283464566915989535 ) ) ;
#1263 = FACE_OUTER_BOUND ( 'NONE', #4842, .T. ) ;
#1264 = AXIS2_PLACEMENT_3D ( 'NONE', #3539, #6281, #1436 ) ;
#1265 = EDGE_LOOP ( 'NONE', ( #4377, #717, #6052, #4056 ) ) ;
#1266 = ORIENTED_EDGE ( 'NONE', *, *, #3817, .F. ) ;
#1267 = VECTOR ( 'NONE', #5802, 39.37007874015748143 ) ;
#1268 = LINE ( 'NONE', #104, #4263 ) ;
#1269 = DIRECTION ( 'NONE',  ( 0.0000000000000000000, 0.0000000000000000000, -1.000000000000000000 ) ) ;
#1270 = LINE ( 'NONE', #1836, #1358 ) ;
#1271 = VERTEX_POINT ( 'NONE', #2973 ) ;
#1272 = EDGE_LOOP ( 'NONE', ( #5619, #1567, #5107, #3323 ) ) ;
#1273 = ADVANCED_FACE ( 'NONE', ( #5148 ), #305, .F. ) ;
#1274 = ADVANCED_FACE ( 'NONE', ( #6247 ), #1399, .T. ) ;
#1275 = ORIENTED_EDGE ( 'NONE', *, *, #549, .F. ) ;
#1276 = DIRECTION ( 'NONE',  ( 6.123031769111886291E-17, -1.000000000000000000, 6.123031769111886291E-17 ) ) ;
#1277 = ORIENTED_EDGE ( 'NONE', *, *, #6945, .T. ) ;
#1278 = CARTESIAN_POINT ( 'NONE',  ( -0.7387937305823458756, -0.2187821377656684607, -0.004853136914109698608 ) ) ;
#1279 = DIRECTION ( 'NONE',  ( -6.123031769111885058E-17, -1.000000000000000000, 0.0000000000000000000 ) ) ;
#1280 = LINE ( 'NONE', #3922, #5751 ) ;
#1281 = DIRECTION ( 'NONE',  ( -1.000000000000000000, -0.0000000000000000000, 0.0000000000000000000 ) ) ;
#1282 = ORIENTED_EDGE ( 'NONE', *, *, #1069, .T. ) ;
#1283 = EDGE_CURVE ( 'NONE', #5054, #4140, #4182, .T. ) ;
#1284 = ORIENTED_EDGE ( 'NONE', *, *, #3569, .F. ) ;
#1285 = DIRECTION ( 'NONE',  ( -1.000000000000000000, -0.0000000000000000000, 0.0000000000000000000 ) ) ;
#1286 = LINE ( 'NONE', #5067, #1180 ) ;
#1287 = LINE ( 'NONE', #2791, #2467 ) ;
#1288 = CARTESIAN_POINT ( 'NONE',  ( 0.5648038521901559417, -0.2722931342309194980, 0.1172306266429769539 ) ) ;
#1289 = DIRECTION ( 'NONE',  ( 6.123031769111886291E-17, -1.000000000000000000, 0.0000000000000000000 ) ) ;
#1290 = ORIENTED_EDGE ( 'NONE', *, *, #6465, .F. ) ;
#1291 = EDGE_CURVE ( 'NONE', #507, #2751, #6391, .T. ) ;
#1292 = EDGE_CURVE ( 'NONE', #3831, #4140, #2106, .T. ) ;
#1293 = CARTESIAN_POINT ( 'NONE',  ( 0.3297244094704998019, -0.3104330708648994075, 1.755255986805086099E-15 ) ) ;
#1294 = SURFACE_SIDE_STYLE ('',( #4433 ) ) ;
#1295 = CARTESIAN_POINT ( 'NONE',  ( 0.2352362204714992522, -0.3104330708648994075, 0.1610236220466032264 ) ) ;
#1296 = DIRECTION ( 'NONE',  ( 0.0000000000000000000, 6.123031769111886291E-17, 1.000000000000000000 ) ) ;
#1297 = CARTESIAN_POINT ( 'NONE',  ( 0.7352362204694999903, -0.2273686271854815366, 2.663551793822656786E-15 ) ) ;
#1298 = VECTOR ( 'NONE', #1552, 39.37007874015748854 ) ;
#1299 = CARTESIAN_POINT ( 'NONE',  ( 0.09745410653086672426, 0.3104330708652991433, -0.3118110796685796271 ) ) ;
#1300 = LINE ( 'NONE', #199, #3915 ) ;
#1301 = EDGE_CURVE ( 'NONE', #3201, #895, #5904, .T. ) ;
#1302 = EDGE_LOOP ( 'NONE', ( #3681, #1415, #1750, #14 ) ) ;
#1303 = VERTEX_POINT ( 'NONE', #5257 ) ;
#1304 = VECTOR ( 'NONE', #675, 39.37007874015748143 ) ;
#1305 = CARTESIAN_POINT ( 'NONE',  ( 0.07972440947149993240, -0.3104330708648994075, 1.755255986805086099E-15 ) ) ;
#1306 = DIRECTION ( 'NONE',  ( -1.000000000000000000, -6.123031769111886291E-17, 3.749151804555343599E-33 ) ) ;
#1307 = CARTESIAN_POINT ( 'NONE',  ( 0.7133858267687989141, -0.3285433070852992188, -0.3118110236207991548 ) ) ;
#1308 = AXIS2_PLACEMENT_3D ( 'NONE', #4607, #6781, #1932 ) ;
#1309 = EDGE_LOOP ( 'NONE', ( #6125, #6304, #2547, #6009 ) ) ;
#1310 = ORIENTED_EDGE ( 'NONE', *, *, #3561, .T. ) ;
#1311 = VECTOR ( 'NONE', #4103, 39.37007874015748143 ) ;
#1312 = EDGE_LOOP ( 'NONE', ( #1487, #5193, #2064, #2145, #2289, #4583, #4349, #6041 ) ) ;
#1313 = CARTESIAN_POINT ( 'NONE',  ( 0.1889763779519997300, -0.3285433070852992188, -0.3204724409435995014 ) ) ;
#1314 = ORIENTED_EDGE ( 'NONE', *, *, #4841, .T. ) ;
#1315 = CARTESIAN_POINT ( 'NONE',  ( 0.3297244094704998019, -0.07242074860119984692, 2.664535259100375303E-15 ) ) ;
#1316 = LINE ( 'NONE', #4063, #3701 ) ;
#1317 = CYLINDRICAL_SURFACE ( 'NONE', #2825, 0.007874015748000031539 ) ;
#1318 = VERTEX_POINT ( 'NONE', #4745 ) ;
#1319 = ORIENTED_EDGE ( 'NONE', *, *, #5233, .T. ) ;
#1320 = CARTESIAN_POINT ( 'NONE',  ( 0.07972440947149993240, -0.07242074860119947222, 1.748586742467691882E-15 ) ) ;
#1321 = EDGE_CURVE ( 'NONE', #5986, #5738, #415, .T. ) ;
#1322 = DIRECTION ( 'NONE',  ( 0.0000000000000000000, -0.7071067811865443531, -0.7071067811865507924 ) ) ;
#1323 = EDGE_CURVE ( 'NONE', #5032, #4231, #3654, .T. ) ;
#1324 = CARTESIAN_POINT ( 'NONE',  ( -0.6935397632693746095, 0.2821543764667761023, -0.1382094025478581567 ) ) ;
#1325 = EDGE_CURVE ( 'NONE', #5888, #2052, #5609, .T. ) ;
#1326 = CARTESIAN_POINT ( 'NONE',  ( 0.0000000000000000000, 0.3385826771639992572, -0.2921259842507990534 ) ) ;
#1327 = ORIENTED_EDGE ( 'NONE', *, *, #3039, .T. ) ;
#1328 = ORIENTED_EDGE ( 'NONE', *, *, #2018, .T. ) ;
#1329 = LINE ( 'NONE', #4005, #2068 ) ;
#1330 = CARTESIAN_POINT ( 'NONE',  ( 0.4625058949115352092, 0.3285433070852991633, -0.3204724409435995014 ) ) ;
#1331 = CARTESIAN_POINT ( 'NONE',  ( 0.7133858267687989141, -0.3285433070852992188, -0.09999999999959907626 ) ) ;
#1332 = CARTESIAN_POINT ( 'NONE',  ( 0.3759842519670000272, 0.3104330708652991433, -0.3283464566915989535 ) ) ;
#1333 = LINE ( 'NONE', #1369, #6998 ) ;
#1334 = AXIS2_PLACEMENT_3D ( 'NONE', #6285, #1440, #5766 ) ;
#1335 = CARTESIAN_POINT ( 'NONE',  ( -0.3901574803154005955, 0.0000000000000000000, 0.0000000000000000000 ) ) ;
#1336 = DIRECTION ( 'NONE',  ( 0.0000000000000000000, 6.123031769111886291E-17, 1.000000000000000000 ) ) ;
#1337 = VECTOR ( 'NONE', #2457, 39.37007874015748143 ) ;
#1338 = ORIENTED_EDGE ( 'NONE', *, *, #1248, .F. ) ;
#1339 = VECTOR ( 'NONE', #5962, 39.37007874015748143 ) ;
#1340 = ORIENTED_EDGE ( 'NONE', *, *, #3315, .T. ) ;
#1341 = LINE ( 'NONE', #6396, #3712 ) ;
#1342 = EDGE_CURVE ( 'NONE', #3808, #4405, #1016, .T. ) ;
#1343 = EDGE_CURVE ( 'NONE', #340, #6048, #2072, .T. ) ;
#1344 = EDGE_CURVE ( 'NONE', #5637, #3908, #4643, .T. ) ;
#1345 = CARTESIAN_POINT ( 'NONE',  ( 0.9263779527521984747, 0.1659448818999999797, 4.644115966954346444E-16 ) ) ;
#1346 = ORIENTED_EDGE ( 'NONE', *, *, #4915, .T. ) ;
#1347 = ORIENTED_EDGE ( 'NONE', *, *, #1147, .T. ) ;
#1348 = ORIENTED_EDGE ( 'NONE', *, *, #4482, .F. ) ;
#1349 = LINE ( 'NONE', #3496, #968 ) ;
#1350 = ORIENTED_EDGE ( 'NONE', *, *, #5395, .T. ) ;
#1351 = VECTOR ( 'NONE', #2745, 39.37007874015748143 ) ;
#1352 = DIRECTION ( 'NONE',  ( -1.000000000000000000, -6.123031769111886291E-17, 3.749151804555343599E-33 ) ) ;
#1353 = CARTESIAN_POINT ( 'NONE',  ( 0.3297244094704998019, -0.2431879680263148991, 0.1963789611057866480 ) ) ;
#1354 =( LENGTH_UNIT ( ) NAMED_UNIT ( * ) SI_UNIT ( $, .METRE. ) );
#1355 = AXIS2_PLACEMENT_3D ( 'NONE', #1896, #6246, #5111 ) ;
#1356 = ORIENTED_EDGE ( 'NONE', *, *, #5345, .F. ) ;
#1357 = CARTESIAN_POINT ( 'NONE',  ( 0.4625058949115352647, 0.3285433070852992188, -0.3204724409435995014 ) ) ;
#1358 = VECTOR ( 'NONE', #3981, 39.37007874015748143 ) ;
#1359 = CARTESIAN_POINT ( 'NONE',  ( -0.6929133858260003720, 1.319826729754073587E-17, 0.2185039370070001041 ) ) ;
#1360 = CARTESIAN_POINT ( 'NONE',  ( -0.7346083652057722180, -0.09775327687182373826, -0.2084291208075653989 ) ) ;
#1361 = CARTESIAN_POINT ( 'NONE',  ( 1.205321214387282037E-18, 0.3582677165339993031, -0.2921259842507990534 ) ) ;
#1362 = FACE_OUTER_BOUND ( 'NONE', #1272, .T. ) ;
#1363 = VERTEX_POINT ( 'NONE', #3157 ) ;
#1364 = ORIENTED_EDGE ( 'NONE', *, *, #2479, .F. ) ;
#1365 = EDGE_CURVE ( 'NONE', #2503, #2865, #6953, .T. ) ;
#1366 = DIRECTION ( 'NONE',  ( 0.0000000000000000000, -6.123031769111886291E-17, -1.000000000000000000 ) ) ;
#1367 = CARTESIAN_POINT ( 'NONE',  ( 0.6015748031471988000, 0.3285433070852992188, -0.09999999999959907626 ) ) ;
#1368 = CARTESIAN_POINT ( 'NONE',  ( -0.6889763779520006182, -0.1334614873947926050, -0.2137198127411585602 ) ) ;
#1369 = CARTESIAN_POINT ( 'NONE',  ( 0.4852362204704991910, -0.2273686271854815366, 2.663551793822656786E-15 ) ) ;
#1370 = DIRECTION ( 'NONE',  ( 0.0000000000000000000, 1.000000000000000000, 0.0000000000000000000 ) ) ;
#1371 = CARTESIAN_POINT ( 'NONE',  ( 0.4625058949115352647, -0.3285433070852992188, -0.3204724409435995014 ) ) ;
#1372 = EDGE_CURVE ( 'NONE', #6448, #669, #5187, .T. ) ;
#1373 = ORIENTED_EDGE ( 'NONE', *, *, #3622, .T. ) ;
#1374 = EDGE_CURVE ( 'NONE', #2982, #3208, #3082, .T. ) ;
#1375 = ORIENTED_EDGE ( 'NONE', *, *, #1372, .F. ) ;
#1376 = PLANE ( 'NONE',  #2089 ) ;
#1377 =( GEOMETRIC_REPRESENTATION_CONTEXT ( 3 ) GLOBAL_UNCERTAINTY_ASSIGNED_CONTEXT ( ( #3892 ) ) GLOBAL_UNIT_ASSIGNED_CONTEXT ( ( #1492, #5165, #5679 ) ) REPRESENTATION_CONTEXT ( 'NONE', 'WORKASPACE' ) );
#1378 = DIRECTION ( 'NONE',  ( -0.0000000000000000000, -1.000000000000000000, 6.123031769111886291E-17 ) ) ;
#1379 = ORIENTED_EDGE ( 'NONE', *, *, #5436, .T. ) ;
#1380 = ORIENTED_EDGE ( 'NONE', *, *, #561, .F. ) ;
#1381 = ORIENTED_EDGE ( 'NONE', *, *, #2569, .F. ) ;
#1382 = EDGE_CURVE ( 'NONE', #5946, #6694, #6812, .T. ) ;
#1383 = PLANE ( 'NONE',  #6496 ) ;
#1384 = VERTEX_POINT ( 'NONE', #2040 ) ;
#1385 = CARTESIAN_POINT ( 'NONE',  ( 0.6015748031471988000, -0.3285433070852992188, -0.09999999999959907626 ) ) ;
#1386 = ORIENTED_EDGE ( 'NONE', *, *, #4763, .F. ) ;
#1387 = DIRECTION ( 'NONE',  ( -0.0000000000000000000, 1.000000000000000000, 0.0000000000000000000 ) ) ;
#1388 = EDGE_LOOP ( 'NONE', ( #4518, #328, #5201, #153 ) ) ;
#1389 = CARTESIAN_POINT ( 'NONE',  ( 0.1574803294008270960, 0.3104330708652991433, -0.3204724409435995014 ) ) ;
#1390 = ORIENTED_EDGE ( 'NONE', *, *, #5279, .T. ) ;
#1391 = CARTESIAN_POINT ( 'NONE',  ( 0.5797244094694997685, 0.3285433070852992188, 2.664535259100375303E-15 ) ) ;
#1392 = CARTESIAN_POINT ( 'NONE',  ( 0.3838582677149995348, 0.3285433070852992188, -0.3283464566915989535 ) ) ;
#1393 = ORIENTED_EDGE ( 'NONE', *, *, #6657, .F. ) ;
#1394 = VERTEX_POINT ( 'NONE', #3620 ) ;
#1395 = CARTESIAN_POINT ( 'NONE',  ( 0.2352362204714993354, 0.07242074860119956936, 1.747465213395439808E-15 ) ) ;
#1396 = DIRECTION ( 'NONE',  ( -0.9993908270190912102, -2.136907270362302723E-18, -0.03489949670263183673 ) ) ;
#1397 = LINE ( 'NONE', #3651, #2742 ) ;
#1398 = FACE_OUTER_BOUND ( 'NONE', #972, .T. ) ;
#1399 = PLANE ( 'NONE',  #6163 ) ;
#1400 = CYLINDRICAL_SURFACE ( 'NONE', #3347, 0.007874015748000031539 ) ;
#1401 = EDGE_LOOP ( 'NONE', ( #2034, #3022, #6884, #594 ) ) ;
#1402 = ORIENTED_EDGE ( 'NONE', *, *, #6547, .F. ) ;
#1403 = DIRECTION ( 'NONE',  ( 0.0000000000000000000, 0.0000000000000000000, 1.000000000000000000 ) ) ;
#1404 = AXIS2_PLACEMENT_3D ( 'NONE', #1682, #3823, #1150 ) ;
#1405 = DIRECTION ( 'NONE',  ( 1.000000000000000000, 6.123031769111886291E-17, -3.749151804555343599E-33 ) ) ;
#1406 = AXIS2_PLACEMENT_3D ( 'NONE', #5814, #5281, #401 ) ;
#1407 = DIRECTION ( 'NONE',  ( 0.0000000000000000000, 1.000000000000000000, 0.0000000000000000000 ) ) ;
#1408 = EDGE_CURVE ( 'NONE', #6287, #6975, #409, .T. ) ;
#1409 = LINE ( 'NONE', #6112, #4419 ) ;
#1410 = EDGE_CURVE ( 'NONE', #5524, #3779, #172, .T. ) ;
#1411 = PRODUCT_DEFINITION ( 'UNKNOWN', '', #4535, #5334 ) ;
#1412 = ORIENTED_EDGE ( 'NONE', *, *, #1059, .T. ) ;
#1413 = CARTESIAN_POINT ( 'NONE',  ( 0.6259842519659999382, -0.3104330708652991433, -0.3283464566915989535 ) ) ;
#1414 = VECTOR ( 'NONE', #6188, 39.37007874015748143 ) ;
#1415 = ORIENTED_EDGE ( 'NONE', *, *, #896, .T. ) ;
#1416 = AXIS2_PLACEMENT_3D ( 'NONE', #5425, #2191, #3349 ) ;
#1417 = CARTESIAN_POINT ( 'NONE',  ( 0.5797244094694997685, 0.3285433070852992188, 2.664535259100375303E-15 ) ) ;
#1418 = ORIENTED_EDGE ( 'NONE', *, *, #4125, .F. ) ;
#1419 = DIRECTION ( 'NONE',  ( 0.0000000000000000000, -1.000000000000000000, 6.123031769111886291E-17 ) ) ;
#1420 = AXIS2_PLACEMENT_3D ( 'NONE', #1258, #5587, #1827 ) ;
#1421 = EDGE_CURVE ( 'NONE', #2548, #5388, #6284, .T. ) ;
#1422 = ORIENTED_EDGE ( 'NONE', *, *, #1234, .T. ) ;
#1423 = LINE ( 'NONE', #1916, #1003 ) ;
#1424 = ORIENTED_EDGE ( 'NONE', *, *, #5926, .F. ) ;
#1425 = EDGE_LOOP ( 'NONE', ( #2997, #668, #1703, #5809 ) ) ;
#1426 = CARTESIAN_POINT ( 'NONE',  ( -0.6181102362200001643, 1.603077215135088799E-17, 0.2618110236210000608 ) ) ;
#1427 = CARTESIAN_POINT ( 'NONE',  ( 0.4074803293998270348, -0.3104330708652991433, -0.3204724409435995014 ) ) ;
#1428 = DIRECTION ( 'NONE',  ( 1.000000000000000000, 6.123031769111886291E-17, -3.749151804555343599E-33 ) ) ;
#1429 = VECTOR ( 'NONE', #554, 39.37007874015748143 ) ;
#1430 = EDGE_CURVE ( 'NONE', #2124, #3038, #4676, .T. ) ;
#1431 = PLANE ( 'NONE',  #1885 ) ;
#1432 = DIRECTION ( 'NONE',  ( 0.8660254038140342558, -3.061515884242069566E-17, -0.4999999999487388935 ) ) ;
#1433 = EDGE_CURVE ( 'NONE', #356, #3458, #1477, .T. ) ;
#1434 = VERTEX_POINT ( 'NONE', #6524 ) ;
#1435 = LINE ( 'NONE', #6671, #6587 ) ;
#1436 = DIRECTION ( 'NONE',  ( -6.123031769111886291E-17, -1.000000000000000000, 0.0000000000000000000 ) ) ;
#1437 = DIRECTION ( 'NONE',  ( 0.0000000000000000000, 0.0000000000000000000, 1.000000000000000000 ) ) ;
#1438 = LINE ( 'NONE', #6780, #456 ) ;
#1439 = CARTESIAN_POINT ( 'NONE',  ( 0.0000000000000000000, 0.3582677165339997472, -0.09999999999959906238 ) ) ;
#1440 = DIRECTION ( 'NONE',  ( -1.000000000000000000, 6.123031769111886291E-17, -3.749151804555343599E-33 ) ) ;
#1441 = VECTOR ( 'NONE', #4885, 39.37007874015748143 ) ;
#1442 = EDGE_LOOP ( 'NONE', ( #1597, #1094, #2380, #5311 ) ) ;
#1443 = ORIENTED_EDGE ( 'NONE', *, *, #1595, .T. ) ;
#1444 = VECTOR ( 'NONE', #2208, 39.37007874015748854 ) ;
#1445 = CARTESIAN_POINT ( 'NONE',  ( -0.6929133858260003720, 0.1334614873917842892, -0.2137198127430361694 ) ) ;
#1446 = DIRECTION ( 'NONE',  ( -0.03489949669734759841, 0.0000000000000000000, -0.9993908270192757293 ) ) ;
#1447 = DIRECTION ( 'NONE',  ( 6.123031769111886291E-17, -1.000000000000000000, 0.0000000000000000000 ) ) ;
#1448 = DIRECTION ( 'NONE',  ( -0.4999999999487388935, 0.0000000000000000000, -0.8660254038140342558 ) ) ;
#1449 = VECTOR ( 'NONE', #1811, 39.37007874015748143 ) ;
#1450 = LINE ( 'NONE', #3511, #4307 ) ;
#1451 = VECTOR ( 'NONE', #1705, 39.37007874015748854 ) ;
#1452 = ORIENTED_EDGE ( 'NONE', *, *, #1068, .T. ) ;
#1453 = DIRECTION ( 'NONE',  ( -0.0000000000000000000, -1.000000000000000000, 6.123031769111886291E-17 ) ) ;
#1454 = EDGE_CURVE ( 'NONE', #3165, #2054, #119, .T. ) ;
#1455 = ORIENTED_EDGE ( 'NONE', *, *, #4306, .F. ) ;
#1456 = CIRCLE ( 'NONE', #6315, 0.03188976377939998358 ) ;
#1457 = DIRECTION ( 'NONE',  ( -0.0000000000000000000, -1.000000000000000000, 6.123031769111886291E-17 ) ) ;
#1458 = ORIENTED_EDGE ( 'NONE', *, *, #4866, .F. ) ;
#1459 = CARTESIAN_POINT ( 'NONE',  ( 0.2175065665347348798, 0.3285433070852991633, -0.3118110236207992103 ) ) ;
#1460 = EDGE_LOOP ( 'NONE', ( #748, #930, #5950, #2155 ) ) ;
#1461 = VECTOR ( 'NONE', #1622, 39.37007874015748143 ) ;
#1462 = DIRECTION ( 'NONE',  ( 0.0000000000000000000, -1.000000000000000000, 0.0000000000000000000 ) ) ;
#1463 = ORIENTED_EDGE ( 'NONE', *, *, #4871, .T. ) ;
#1464 = EDGE_CURVE ( 'NONE', #1384, #5687, #622, .T. ) ;
#1465 = DIRECTION ( 'NONE',  ( 0.0000000000000000000, 1.000000000000000000, 0.0000000000000000000 ) ) ;
#1466 = DIRECTION ( 'NONE',  ( -0.0000000000000000000, -1.000000000000000000, 0.0000000000000000000 ) ) ;
#1467 = LINE ( 'NONE', #3610, #2806 ) ;
#1468 = VECTOR ( 'NONE', #2140, 39.37007874015748854 ) ;
#1469 = CYLINDRICAL_SURFACE ( 'NONE', #6852, 0.007874015748000031539 ) ;
#1470 = LINE ( 'NONE', #369, #3807 ) ;
#1471 = ORIENTED_EDGE ( 'NONE', *, *, #285, .T. ) ;
#1472 = DIRECTION ( 'NONE',  ( 0.0000000000000000000, -1.000000000000000000, 6.123031769111886291E-17 ) ) ;
#1473 = ADVANCED_FACE ( 'NONE', ( #3195 ), #4321, .F. ) ;
#1474 = EDGE_CURVE ( 'NONE', #2700, #1224, #3295, .T. ) ;
#1475 = CARTESIAN_POINT ( 'NONE',  ( 0.5797244094694997685, 0.2431879680263150656, 0.1963789611057868423 ) ) ;
#1476 = LINE ( 'NONE', #414, #223 ) ;
#1477 = LINE ( 'NONE', #5469, #5269 ) ;
#1478 = DIRECTION ( 'NONE',  ( 0.0000000000000000000, 0.0000000000000000000, 1.000000000000000000 ) ) ;
#1479 = VERTEX_POINT ( 'NONE', #2240 ) ;
#1480 = DIRECTION ( 'NONE',  ( 1.000000000000000000, 0.0000000000000000000, 0.0000000000000000000 ) ) ;
#1481 = DIRECTION ( 'NONE',  ( 0.0000000000000000000, 0.0000000000000000000, -1.000000000000000000 ) ) ;
#1482 = FACE_OUTER_BOUND ( 'NONE', #1425, .T. ) ;
#1483 = DIRECTION ( 'NONE',  ( 1.000000000000000000, 0.0000000000000000000, 0.0000000000000000000 ) ) ;
#1484 = DIRECTION ( 'NONE',  ( 1.000000000000000000, 6.123031769111886291E-17, -3.749151804555343599E-33 ) ) ;
#1485 = ORIENTED_EDGE ( 'NONE', *, *, #4159, .T. ) ;
#1486 = CARTESIAN_POINT ( 'NONE',  ( 0.07972440947149994628, 0.3285433070852992188, 2.664535259100375303E-15 ) ) ;
#1487 = ORIENTED_EDGE ( 'NONE', *, *, #4598, .F. ) ;
#1488 = PLANE ( 'NONE',  #2706 ) ;
#1489 = ORIENTED_EDGE ( 'NONE', *, *, #1121, .F. ) ;
#1490 = ADVANCED_FACE ( 'NONE', ( #5402 ), #4962, .F. ) ;
#1491 = CARTESIAN_POINT ( 'NONE',  ( 0.2352362204714992522, 0.2785433070854992366, 0.1610236220466032264 ) ) ;
#1492 =( CONVERSION_BASED_UNIT ( 'INCH', #292 ) LENGTH_UNIT ( ) NAMED_UNIT ( #3985 ) );
#1493 = ORIENTED_EDGE ( 'NONE', *, *, #124, .F. ) ;
#1494 = EDGE_LOOP ( 'NONE', ( #359, #3311, #2179, #2951 ) ) ;
#1495 = CARTESIAN_POINT ( 'NONE',  ( 0.0000000000000000000, -0.3285433070852992188, -0.3204724409435995014 ) ) ;
#1496 = ORIENTED_EDGE ( 'NONE', *, *, #5209, .T. ) ;
#1497 = DIRECTION ( 'NONE',  ( 1.000000000000000000, 0.0000000000000000000, 0.0000000000000000000 ) ) ;
#1498 = CARTESIAN_POINT ( 'NONE',  ( -0.8022399275603196989, -0.04521499917571287358, -0.04447912460102933230 ) ) ;
#1499 = AXIS2_PLACEMENT_3D ( 'NONE', #355, #5839, #5235 ) ;
#1500 = CARTESIAN_POINT ( 'NONE',  ( 0.2352362204714992522, 0.2785433070854992366, 0.1610236220466032264 ) ) ;
#1501 = DIRECTION ( 'NONE',  ( 1.000000000000000000, 0.0000000000000000000, 0.0000000000000000000 ) ) ;
#1502 = EDGE_CURVE ( 'NONE', #6946, #3455, #3825, .T. ) ;
#1503 = PLANE ( 'NONE',  #3352 ) ;
#1504 = EDGE_CURVE ( 'NONE', #5543, #6975, #2207, .T. ) ;
#1505 = VERTEX_POINT ( 'NONE', #4289 ) ;
#1506 = ADVANCED_FACE ( 'NONE', ( #4823 ), #4425, .T. ) ;
#1507 = ORIENTED_EDGE ( 'NONE', *, *, #5780, .F. ) ;
#1508 = FACE_OUTER_BOUND ( 'NONE', #3626, .T. ) ;
#1509 = AXIS2_PLACEMENT_3D ( 'NONE', #372, #4102, #2382 ) ;
#1510 = DIRECTION ( 'NONE',  ( 1.000000000000000000, -6.123031769111886291E-17, 3.749151804555343599E-33 ) ) ;
#1511 = FACE_OUTER_BOUND ( 'NONE', #482, .T. ) ;
#1512 = CARTESIAN_POINT ( 'NONE',  ( -0.6909448818890004951, 2.603579809200494519E-17, 0.2125984251960000293 ) ) ;
#1513 = DIRECTION ( 'NONE',  ( -1.000000000000000000, 6.123031769111886291E-17, -3.749151804555343599E-33 ) ) ;
#1514 = ORIENTED_EDGE ( 'NONE', *, *, #677, .T. ) ;
#1515 = EDGE_LOOP ( 'NONE', ( #1168, #5432 ) ) ;
#1516 = DIRECTION ( 'NONE',  ( -0.0000000000000000000, -0.0000000000000000000, 1.000000000000000000 ) ) ;
#1517 = PLANE ( 'NONE',  #3015 ) ;
#1518 = CARTESIAN_POINT ( 'NONE',  ( 0.07972440947149994628, -0.2273686271854815366, 0.1038228542632961826 ) ) ;
#1519 = DIRECTION ( 'NONE',  ( -1.000000000000000000, 0.0000000000000000000, 0.0000000000000000000 ) ) ;
#1520 = ORIENTED_EDGE ( 'NONE', *, *, #2228, .T. ) ;
#1521 = AXIS2_PLACEMENT_3D ( 'NONE', #620, #2407, #1819 ) ;
#1522 = CARTESIAN_POINT ( 'NONE',  ( -0.7387937305823458756, -0.2518175308232999954, 0.008721132140003851757 ) ) ;
#1523 = EDGE_LOOP ( 'NONE', ( #3214, #960, #5092, #4591 ) ) ;
#1524 = AXIS2_PLACEMENT_3D ( 'NONE', #4096, #3531, #3465 ) ;
#1525 = FACE_OUTER_BOUND ( 'NONE', #2186, .T. ) ;
#1526 = AXIS2_PLACEMENT_3D ( 'NONE', #1518, #3665, #5303 ) ;
#1527 = ORIENTED_EDGE ( 'NONE', *, *, #504, .T. ) ;
#1528 = DIRECTION ( 'NONE',  ( 0.0000000000000000000, 0.0000000000000000000, -1.000000000000000000 ) ) ;
#1529 = ORIENTED_EDGE ( 'NONE', *, *, #392, .F. ) ;
#1530 = AXIS2_PLACEMENT_3D ( 'NONE', #5852, #1569, #5891 ) ;
#1531 = VERTEX_POINT ( 'NONE', #5935 ) ;
#1532 = CARTESIAN_POINT ( 'NONE',  ( 0.3297244094704998019, -0.3104330708648994075, 0.1610236220466032264 ) ) ;
#1533 = EDGE_LOOP ( 'NONE', ( #949, #6868, #6918, #5989, #6150, #134, #2538, #998, #3720, #1402, #5263, #5807, #4621, #6224 ) ) ;
#1534 = DIRECTION ( 'NONE',  ( 0.0000000000000000000, 0.0000000000000000000, 1.000000000000000000 ) ) ;
#1535 = CARTESIAN_POINT ( 'NONE',  ( 0.4852362204704991910, -0.3285433070852992188, 2.664535259100375303E-15 ) ) ;
#1536 = DIRECTION ( 'NONE',  ( 0.0000000000000000000, 0.0000000000000000000, 1.000000000000000000 ) ) ;
#1537 = DIRECTION ( 'NONE',  ( -0.0000000000000000000, 1.000000000000000000, -6.123031769111886291E-17 ) ) ;
#1538 = ORIENTED_EDGE ( 'NONE', *, *, #3561, .F. ) ;
#1539 = DIRECTION ( 'NONE',  ( 0.0000000000000000000, 1.000000000000000000, 0.0000000000000000000 ) ) ;
#1540 = ADVANCED_FACE ( 'NONE', ( #3265 ), #4356, .F. ) ;
#1541 = EDGE_CURVE ( 'NONE', #2244, #2381, #78, .T. ) ;
#1542 = CARTESIAN_POINT ( 'NONE',  ( 0.3297244094704998019, 0.2431879680263149268, 0.1963789611057866480 ) ) ;
#1543 = DIRECTION ( 'NONE',  ( -1.000000000000000000, 0.0000000000000000000, 0.0000000000000000000 ) ) ;
#1544 = CARTESIAN_POINT ( 'NONE',  ( -0.6062992125980004587, 0.0000000000000000000, -0.2165354330699997554 ) ) ;
#1545 = DIRECTION ( 'NONE',  ( 1.000000000000000000, 3.749151804555343599E-33, -2.295617560651552647E-49 ) ) ;
#1546 = VERTEX_POINT ( 'NONE', #1152 ) ;
#1547 = VECTOR ( 'NONE', #6803, 39.37007874015748143 ) ;
#1548 = ORIENTED_EDGE ( 'NONE', *, *, #2350, .F. ) ;
#1549 = ADVANCED_FACE ( 'NONE', ( #1084 ), #6457, .T. ) ;
#1550 = CARTESIAN_POINT ( 'NONE',  ( 0.1574803294008270960, -0.3104330708652991433, -0.3204724409435995014 ) ) ;
#1551 = CARTESIAN_POINT ( 'NONE',  ( 0.1015748031491998660, 0.3385826771639992572, -0.2921259842507990534 ) ) ;
#1552 = DIRECTION ( 'NONE',  ( -0.4999999999487009794, 0.0000000000000000000, 0.8660254038140561272 ) ) ;
#1553 = DIRECTION ( 'NONE',  ( -1.000000000000000000, -0.0000000000000000000, -0.0000000000000000000 ) ) ;
#1554 = ORIENTED_EDGE ( 'NONE', *, *, #1594, .F. ) ;
#1555 = VECTOR ( 'NONE', #731, 39.37007874015748143 ) ;
#1556 = LINE ( 'NONE', #2309, #5025 ) ;
#1557 = ORIENTED_EDGE ( 'NONE', *, *, #1985, .F. ) ;
#1558 = EDGE_CURVE ( 'NONE', #1145, #280, #1616, .T. ) ;
#1559 = EDGE_CURVE ( 'NONE', #342, #6008, #520, .T. ) ;
#1560 = CARTESIAN_POINT ( 'NONE',  ( 0.3297244094704998019, 0.07242074860119984692, 2.664535259100375303E-15 ) ) ;
#1561 = VECTOR ( 'NONE', #360, 39.37007874015748143 ) ;
#1562 = AXIS2_PLACEMENT_3D ( 'NONE', #187, #1823, #5617 ) ;
#1563 = ORIENTED_EDGE ( 'NONE', *, *, #6465, .T. ) ;
#1564 = DIRECTION ( 'NONE',  ( -0.4999999999486984259, 0.0000000000000000000, 0.8660254038140575705 ) ) ;
#1565 = PRODUCT_CONTEXT ( 'NONE', #6435, 'mechanical' ) ;
#1566 = ORIENTED_EDGE ( 'NONE', *, *, #37, .T. ) ;
#1567 = ORIENTED_EDGE ( 'NONE', *, *, #3271, .F. ) ;
#1568 =( BOUNDED_CURVE ( )  B_SPLINE_CURVE ( 3, ( #6509, #2288, #3743, #5922 ),
 .UNSPECIFIED., .F., .T. ) 
 B_SPLINE_CURVE_WITH_KNOTS ( ( 4, 4 ),
 ( 1.977342603630787066, 4.305842703548798944 ),
 .UNSPECIFIED. ) 
 CURVE ( )  GEOMETRIC_REPRESENTATION_ITEM ( )  RATIONAL_B_SPLINE_CURVE ( ( 1.000000000000000000, 0.5969596503381099373, 0.5969596503381099373, 1.000000000000000000 ) ) 
 REPRESENTATION_ITEM ( '' )  );
#1569 = DIRECTION ( 'NONE',  ( -0.8660254038140575705, -3.061515884241821815E-17, -0.4999999999486984259 ) ) ;
#1570 = VECTOR ( 'NONE', #5120, 39.37007874015748143 ) ;
#1571 = DIRECTION ( 'NONE',  ( -1.000000000000000000, 0.0000000000000000000, 0.0000000000000000000 ) ) ;
#1572 = LINE ( 'NONE', #137, #2085 ) ;
#1573 = CYLINDRICAL_SURFACE ( 'NONE', #5664, 0.007874015748000031539 ) ;
#1574 = PLANE ( 'NONE',  #5160 ) ;
#1575 = CARTESIAN_POINT ( 'NONE',  ( 0.6811023622019994894, -0.3285433070852992188, -0.3283464566915989535 ) ) ;
#1576 = VECTOR ( 'NONE', #5588, 39.37007874015748143 ) ;
#1577 = VERTEX_POINT ( 'NONE', #2709 ) ;
#1578 = LINE ( 'NONE', #3189, #5683 ) ;
#1579 = AXIS2_PLACEMENT_3D ( 'NONE', #5764, #4710, #2522 ) ;
#1580 = AXIS2_PLACEMENT_3D ( 'NONE', #5445, #5375, #4830 ) ;
#1581 = FACE_OUTER_BOUND ( 'NONE', #6740, .T. ) ;
#1582 = CARTESIAN_POINT ( 'NONE',  ( -0.7387937305823460976, 0.02833339908010977168, 0.2171113108467175035 ) ) ;
#1583 = DIRECTION ( 'NONE',  ( -1.000000000000000000, -3.749151804555343599E-33, 2.295617560651552647E-49 ) ) ;
#1584 = DIRECTION ( 'NONE',  ( -1.000000000000000000, 0.0000000000000000000, 0.0000000000000000000 ) ) ;
#1585 = EDGE_LOOP ( 'NONE', ( #890, #4304, #899, #2484 ) ) ;
#1586 = EDGE_CURVE ( 'NONE', #3153, #3204, #4860, .T. ) ;
#1587 = EDGE_CURVE ( 'NONE', #6805, #165, #588, .T. ) ;
#1588 = CIRCLE ( 'NONE', #5430, 0.02362204724400002870 ) ;
#1589 = ORIENTED_EDGE ( 'NONE', *, *, #6399, .F. ) ;
#1590 = DIRECTION ( 'NONE',  ( 0.0000000000000000000, 0.0000000000000000000, -1.000000000000000000 ) ) ;
#1591 = VECTOR ( 'NONE', #1673, 39.37007874015748143 ) ;
#1592 = DIRECTION ( 'NONE',  ( -1.000000000000000000, -0.0000000000000000000, 0.0000000000000000000 ) ) ;
#1593 = CARTESIAN_POINT ( 'NONE',  ( -0.7387937305823458756, -1.404634042604543414E-18, 8.600618866843679290E-35 ) ) ;
#1594 = EDGE_CURVE ( 'NONE', #1239, #5986, #59, .T. ) ;
#1595 = EDGE_CURVE ( 'NONE', #3885, #6074, #4596, .T. ) ;
#1596 = VERTEX_POINT ( 'NONE', #5616 ) ;
#1597 = ORIENTED_EDGE ( 'NONE', *, *, #5699, .F. ) ;
#1598 = CARTESIAN_POINT ( 'NONE',  ( 0.7352362204694999903, 0.07242074860119956936, 1.747465213395439808E-15 ) ) ;
#1599 = DIRECTION ( 'NONE',  ( -0.8660254038140575705, -3.061515884241821815E-17, -0.4999999999486984259 ) ) ;
#1600 = APPLICATION_PROTOCOL_DEFINITION ( 'draft international standard', 'automotive_design', 1998, #1015 ) ;
#1601 = VERTEX_POINT ( 'NONE', #5653 ) ;
#1602 = ORIENTED_EDGE ( 'NONE', *, *, #107, .T. ) ;
#1603 = DIRECTION ( 'NONE',  ( 2.651350529933818450E-17, 1.000000000000000000, -1.530757941964097993E-17 ) ) ;
#1604 = VERTEX_POINT ( 'NONE', #1779 ) ;
#1605 = CARTESIAN_POINT ( 'NONE',  ( -0.7387937305823458756, -0.1147162031308044533, 0.1875335903356072920 ) ) ;
#1606 = DIRECTION ( 'NONE',  ( -1.000000000000000000, -0.0000000000000000000, 0.0000000000000000000 ) ) ;
#1607 = DIRECTION ( 'NONE',  ( 0.0000000000000000000, 0.0000000000000000000, -1.000000000000000000 ) ) ;
#1608 = PLANE ( 'NONE',  #873 ) ;
#1609 = CARTESIAN_POINT ( 'NONE',  ( 0.2133858267707999523, -0.3285433070852992188, -0.3118110236207991548 ) ) ;
#1610 = STYLED_ITEM ( 'NONE', ( #6832 ), #6820 ) ;
#1611 = VERTEX_POINT ( 'NONE', #759 ) ;
#1612 = ORIENTED_EDGE ( 'NONE', *, *, #2912, .F. ) ;
#1613 = CARTESIAN_POINT ( 'NONE',  ( 0.1811023622040000558, 0.3285433070852992188, -0.4543307086595991251 ) ) ;
#1614 = LINE ( 'NONE', #2766, #3637 ) ;
#1615 = DIRECTION ( 'NONE',  ( -0.0000000000000000000, 1.000000000000000000, 0.0000000000000000000 ) ) ;
#1616 = LINE ( 'NONE', #6006, #6286 ) ;
#1617 = CARTESIAN_POINT ( 'NONE',  ( 0.3515748031481988889, 0.3285433070852992188, -0.3118110236207991548 ) ) ;
#1618 = VECTOR ( 'NONE', #768, 39.37007874015748143 ) ;
#1619 = ORIENTED_EDGE ( 'NONE', *, *, #767, .F. ) ;
#1620 = CARTESIAN_POINT ( 'NONE',  ( 0.4311023622030001334, 0.3285433070852992188, -0.4543307086595991251 ) ) ;
#1621 = AXIS2_PLACEMENT_3D ( 'NONE', #1927, #5217, #265 ) ;
#1622 = DIRECTION ( 'NONE',  ( -1.000000000000000000, -0.0000000000000000000, 0.0000000000000000000 ) ) ;
#1623 = DIRECTION ( 'NONE',  ( -1.000000000000000000, -6.123031769111886291E-17, 3.749151804555343599E-33 ) ) ;
#1624 = ORIENTED_EDGE ( 'NONE', *, *, #1849, .F. ) ;
#1625 = EDGE_LOOP ( 'NONE', ( #2281, #2402, #3420, #853 ) ) ;
#1626 = EDGE_CURVE ( 'NONE', #2967, #74, #151, .T. ) ;
#1627 = EDGE_CURVE ( 'NONE', #121, #6074, #5104, .T. ) ;
#1628 = CARTESIAN_POINT ( 'NONE',  ( 0.4852362204704991910, 0.2785433070854992366, 0.1610236220466032264 ) ) ;
#1629 = EDGE_CURVE ( 'NONE', #1577, #6805, #753, .T. ) ;
#1630 = ORIENTED_EDGE ( 'NONE', *, *, #981, .F. ) ;
#1631 = ORIENTED_EDGE ( 'NONE', *, *, #4480, .F. ) ;
#1632 = VERTEX_POINT ( 'NONE', #3999 ) ;
#1633 = PLANE ( 'NONE',  #2306 ) ;
#1634 = ORIENTED_EDGE ( 'NONE', *, *, #2238, .F. ) ;
#1635 = DIRECTION ( 'NONE',  ( 6.123031769111886291E-17, -1.000000000000000000, 6.123031769111886291E-17 ) ) ;
#1636 = CIRCLE ( 'NONE', #5598, 0.03188976377939998358 ) ;
#1637 = ADVANCED_FACE ( 'NONE', ( #2894 ), #5541, .F. ) ;
#1638 = DIRECTION ( 'NONE',  ( -0.0000000000000000000, -1.000000000000000000, 6.123031769111886291E-17 ) ) ;
#1639 = CARTESIAN_POINT ( 'NONE',  ( 0.0000000000000000000, 0.3582677165339997472, 4.440892098500626162E-16 ) ) ;
#1640 = VECTOR ( 'NONE', #1214, 39.37007874015748143 ) ;
#1641 = CARTESIAN_POINT ( 'NONE',  ( 0.1889763779519997300, 0.3285433070852992188, -0.3204724409435995014 ) ) ;
#1642 = DIRECTION ( 'NONE',  ( -0.03489949669734759841, 0.0000000000000000000, -0.9993908270192757293 ) ) ;
#1643 = ORIENTED_EDGE ( 'NONE', *, *, #4178, .T. ) ;
#1644 = FACE_OUTER_BOUND ( 'NONE', #2671, .T. ) ;
#1645 = AXIS2_PLACEMENT_3D ( 'NONE', #6616, #6576, #79 ) ;
#1646 = EDGE_CURVE ( 'NONE', #5722, #1031, #4992, .T. ) ;
#1647 = EDGE_CURVE ( 'NONE', #5722, #3649, #2859, .T. ) ;
#1648 = EDGE_CURVE ( 'NONE', #932, #6326, #5070, .T. ) ;
#1649 = DIRECTION ( 'NONE',  ( 0.0000000000000000000, 0.0000000000000000000, -1.000000000000000000 ) ) ;
#1650 = CARTESIAN_POINT ( 'NONE',  ( 0.4074803293998270348, 0.3104330708652991433, -0.3720363413119387452 ) ) ;
#1651 = LINE ( 'NONE', #3792, #6079 ) ;
#1652 = ORIENTED_EDGE ( 'NONE', *, *, #3749, .T. ) ;
#1653 = AXIS2_PLACEMENT_3D ( 'NONE', #1024, #3134, #463 ) ;
#1654 = LINE ( 'NONE', #4431, #2509 ) ;
#1655 = ORIENTED_EDGE ( 'NONE', *, *, #2821, .T. ) ;
#1656 = CARTESIAN_POINT ( 'NONE',  ( -0.6929133858260003720, 0.1254757207119672202, -0.2185039370070009646 ) ) ;
#1657 = CARTESIAN_POINT ( 'NONE',  ( -0.3901574803123589175, 2.101356405315815889E-17, -0.1556775442173904955 ) ) ;
#1658 = CYLINDRICAL_SURFACE ( 'NONE', #2862, 0.1261811023500000184 ) ;
#1659 = DIRECTION ( 'NONE',  ( 1.000000000000000000, 0.0000000000000000000, 0.0000000000000000000 ) ) ;
#1660 = ORIENTED_EDGE ( 'NONE', *, *, #2821, .F. ) ;
#1661 = ORIENTED_EDGE ( 'NONE', *, *, #6511, .F. ) ;
#1662 = VECTOR ( 'NONE', #3150, 39.37007874015748143 ) ;
#1663 = LINE ( 'NONE', #4875, #2019 ) ;
#1664 = ORIENTED_EDGE ( 'NONE', *, *, #6568, .T. ) ;
#1665 = DIRECTION ( 'NONE',  ( 1.000000000000000000, 0.0000000000000000000, 0.0000000000000000000 ) ) ;
#1666 = VECTOR ( 'NONE', #2819, 39.37007874015748854 ) ;
#1667 = EDGE_CURVE ( 'NONE', #2323, #178, #1889, .T. ) ;
#1668 = ORIENTED_EDGE ( 'NONE', *, *, #2520, .T. ) ;
#1669 = LINE ( 'NONE', #3811, #4452 ) ;
#1670 = ORIENTED_EDGE ( 'NONE', *, *, #3947, .T. ) ;
#1671 = FACE_OUTER_BOUND ( 'NONE', #1076, .T. ) ;
#1672 = VECTOR ( 'NONE', #1336, 39.37007874015748143 ) ;
#1673 = DIRECTION ( 'NONE',  ( -0.0000000000000000000, 1.000000000000000000, 0.0000000000000000000 ) ) ;
#1674 = LINE ( 'NONE', #51, #2107 ) ;
#1675 = FACE_OUTER_BOUND ( 'NONE', #962, .T. ) ;
#1676 = ORIENTED_EDGE ( 'NONE', *, *, #1430, .T. ) ;
#1677 = ADVANCED_FACE ( 'NONE', ( #4497 ), #2378, .T. ) ;
#1678 = VECTOR ( 'NONE', #1208, 39.37007874015748854 ) ;
#1679 = ORIENTED_EDGE ( 'NONE', *, *, #951, .F. ) ;
#1680 = VECTOR ( 'NONE', #647, 39.37007874015748143 ) ;
#1681 = FACE_BOUND ( 'NONE', #1309, .T. ) ;
#1682 = CARTESIAN_POINT ( 'NONE',  ( 0.4389763779509996411, -0.3104330708652991433, -0.3283464566915989535 ) ) ;
#1683 = CARTESIAN_POINT ( 'NONE',  ( -0.7387937305823458756, 0.2518175308233049914, -0.008721132139859786442 ) ) ;
#1684 = AXIS2_PLACEMENT_3D ( 'NONE', #2495, #4114, #1446 ) ;
#1685 = DIRECTION ( 'NONE',  ( 1.000000000000000000, 0.0000000000000000000, 0.0000000000000000000 ) ) ;
#1686 = DIRECTION ( 'NONE',  ( 0.0000000000000000000, 0.0000000000000000000, 1.000000000000000000 ) ) ;
#1687 = ORIENTED_EDGE ( 'NONE', *, *, #4871, .F. ) ;
#1688 = EDGE_CURVE ( 'NONE', #1363, #280, #3118, .T. ) ;
#1689 = ORIENTED_EDGE ( 'NONE', *, *, #6438, .F. ) ;
#1690 = AXIS2_PLACEMENT_3D ( 'NONE', #5228, #383, #2529 ) ;
#1691 = DIRECTION ( 'NONE',  ( 0.0000000000000000000, 0.0000000000000000000, 1.000000000000000000 ) ) ;
#1692 = DIRECTION ( 'NONE',  ( 1.000000000000000000, -0.0000000000000000000, -0.0000000000000000000 ) ) ;
#1693 = PLANE ( 'NONE',  #1865 ) ;
#1694 = CARTESIAN_POINT ( 'NONE',  ( 0.3297244094704998019, 0.3104330708648994630, 1.560460843526877166E-15 ) ) ;
#1695 = AXIS2_PLACEMENT_3D ( 'NONE', #4423, #654, #4961 ) ;
#1696 = ORIENTED_EDGE ( 'NONE', *, *, #4689, .F. ) ;
#1697 = ORIENTED_EDGE ( 'NONE', *, *, #4306, .T. ) ;
#1698 = VECTOR ( 'NONE', #6451, 39.37007874015748143 ) ;
#1699 = ORIENTED_EDGE ( 'NONE', *, *, #5137, .T. ) ;
#1700 = EDGE_LOOP ( 'NONE', ( #2211, #6024, #5737, #1869 ) ) ;
#1701 = ORIENTED_EDGE ( 'NONE', *, *, #504, .F. ) ;
#1702 = CYLINDRICAL_SURFACE ( 'NONE', #1416, 0.2165354330699997554 ) ;
#1703 = ORIENTED_EDGE ( 'NONE', *, *, #692, .T. ) ;
#1704 = DIRECTION ( 'NONE',  ( -1.000000000000000000, -3.061515884555943146E-17, -3.061515884555943146E-17 ) ) ;
#1705 = DIRECTION ( 'NONE',  ( 0.0000000000000000000, 0.4999999999997216116, -0.8660254037845992459 ) ) ;
#1706 = DIRECTION ( 'NONE',  ( 0.0000000000000000000, 1.000000000000000000, 0.0000000000000000000 ) ) ;
#1707 = VERTEX_POINT ( 'NONE', #3398 ) ;
#1708 = ORIENTED_EDGE ( 'NONE', *, *, #6733, .T. ) ;
#1709 = FACE_BOUND ( 'NONE', #3970, .T. ) ;
#1710 = EDGE_CURVE ( 'NONE', #1805, #5379, #4036, .T. ) ;
#1711 = VECTOR ( 'NONE', #300, 39.37007874015748143 ) ;
#1712 = CARTESIAN_POINT ( 'NONE',  ( 0.4633858267697990030, 0.3285433070852992188, -0.09999999999959907626 ) ) ;
#1713 = DIRECTION ( 'NONE',  ( 0.0000000000000000000, 0.7071067811865474617, 0.7071067811865474617 ) ) ;
#1714 = DIRECTION ( 'NONE',  ( -6.123031769111881361E-17, 1.000000000000000000, 0.0000000000000000000 ) ) ;
#1715 = EDGE_LOOP ( 'NONE', ( #5688, #5985, #4272, #1171, #4878, #3818, #1393, #1920 ) ) ;
#1716 = CARTESIAN_POINT ( 'NONE',  ( 0.4625058949115352647, -0.3285433070852992188, -0.3204724409435995014 ) ) ;
#1717 = AXIS2_PLACEMENT_3D ( 'NONE', #5931, #6419, #4210 ) ;
#1718 = ORIENTED_EDGE ( 'NONE', *, *, #2518, .F. ) ;
#1719 = CARTESIAN_POINT ( 'NONE',  ( -0.6889763779520012843, 0.0000000000000000000, 0.0000000000000000000 ) ) ;
#1720 = CARTESIAN_POINT ( 'NONE',  ( 0.1574803149599999230, -0.3104330708652991433, -0.4543307086595991251 ) ) ;
#1721 = EDGE_CURVE ( 'NONE', #1546, #290, #5030, .T. ) ;
#1722 = DIRECTION ( 'NONE',  ( 6.123031769111886291E-17, -1.000000000000000000, 0.0000000000000000000 ) ) ;
#1723 = LINE ( 'NONE', #597, #5481 ) ;
#1724 = CARTESIAN_POINT ( 'NONE',  ( 0.2175065665347348798, -0.3385826771640010335, -0.3118110236207991548 ) ) ;
#1725 = ORIENTED_EDGE ( 'NONE', *, *, #4054, .T. ) ;
#1726 = AXIS2_PLACEMENT_3D ( 'NONE', #3080, #485, #413 ) ;
#1727 = PLANE ( 'NONE',  #2454 ) ;
#1728 = EDGE_CURVE ( 'NONE', #4837, #2124, #2966, .T. ) ;
#1729 = ORIENTED_EDGE ( 'NONE', *, *, #4728, .F. ) ;
#1730 = VERTEX_POINT ( 'NONE', #186 ) ;
#1731 = ORIENTED_EDGE ( 'NONE', *, *, #1301, .F. ) ;
#1732 = DIRECTION ( 'NONE',  ( 0.0000000000000000000, 6.123031769111886291E-17, 1.000000000000000000 ) ) ;
#1733 = EDGE_LOOP ( 'NONE', ( #997, #6993, #1919, #101 ) ) ;
#1734 = CARTESIAN_POINT ( 'NONE',  ( 0.0000000000000000000, -0.04680900692053314299, 4.688921863164611502E-16 ) ) ;
#1735 = CARTESIAN_POINT ( 'NONE',  ( -0.7387937305823458756, -0.06346331213555875261, -0.2092836231715410056 ) ) ;
#1736 = ORIENTED_EDGE ( 'NONE', *, *, #3231, .F. ) ;
#1737 = DIRECTION ( 'NONE',  ( -3.749151804555343599E-33, 2.295617560651552647E-49, 1.000000000000000000 ) ) ;
#1738 = SHAPE_REPRESENTATION ( 'User Library-NMJ6HCD2', ( #3059, #5797, #2615 ), #3741 ) ;
#1739 = VECTOR ( 'NONE', #651, 39.37007874015748143 ) ;
#1740 = CARTESIAN_POINT ( 'NONE',  ( 0.07972440947149994628, 0.2273686271854815644, 2.663551793822656786E-15 ) ) ;
#1741 = DIRECTION ( 'NONE',  ( 0.0000000000000000000, 0.0000000000000000000, -1.000000000000000000 ) ) ;
#1742 = CARTESIAN_POINT ( 'NONE',  ( 0.1889763779519997300, 0.3104330708652991433, -0.3283464566915989535 ) ) ;
#1743 = PLANE ( 'NONE',  #3132 ) ;
#1744 = VERTEX_POINT ( 'NONE', #6667 ) ;
#1745 = AXIS2_PLACEMENT_3D ( 'NONE', #631, #1754, #696 ) ;
#1746 = VECTOR ( 'NONE', #4979, 39.37007874015748143 ) ;
#1747 = EDGE_CURVE ( 'NONE', #2751, #5907, #5734, .T. ) ;
#1748 = CARTESIAN_POINT ( 'NONE',  ( 0.3297244094704998019, 0.3104330708648994630, 0.1610236220466032264 ) ) ;
#1749 = EDGE_CURVE ( 'NONE', #6475, #5890, #4667, .T. ) ;
#1750 = ORIENTED_EDGE ( 'NONE', *, *, #85, .T. ) ;
#1751 = DIRECTION ( 'NONE',  ( 1.000000000000000000, 0.0000000000000000000, -0.0000000000000000000 ) ) ;
#1752 = FACE_OUTER_BOUND ( 'NONE', #4184, .T. ) ;
#1753 = PLANE ( 'NONE',  #5525 ) ;
#1754 = DIRECTION ( 'NONE',  ( -1.000000000000000000, -6.123031769111886291E-17, 3.749151804555343599E-33 ) ) ;
#1755 = CARTESIAN_POINT ( 'NONE',  ( -7.380220087677893291E-35, 0.3385826771639992572, -0.2921259842507990534 ) ) ;
#1756 = EDGE_CURVE ( 'NONE', #6504, #746, #2324, .T. ) ;
#1757 = VERTEX_POINT ( 'NONE', #4668 ) ;
#1758 = VERTEX_POINT ( 'NONE', #5858 ) ;
#1759 = CARTESIAN_POINT ( 'NONE',  ( -0.4452755905514003132, 0.0000000000000000000, 0.0000000000000000000 ) ) ;
#1760 = CARTESIAN_POINT ( 'NONE',  ( 0.2460629921262365571, 0.2722930320583651920, 2.202554542379861450E-15 ) ) ;
#1761 = ORIENTED_EDGE ( 'NONE', *, *, #1688, .F. ) ;
#1762 = CONTEXT_DEPENDENT_SHAPE_REPRESENTATION ( #4250, #3547 ) ;
#1763 = ORIENTED_EDGE ( 'NONE', *, *, #3223, .F. ) ;
#1764 = VERTEX_POINT ( 'NONE', #1007 ) ;
#1765 = AXIS2_PLACEMENT_3D ( 'NONE', #4917, #5929, #5362 ) ;
#1766 = ADVANCED_FACE ( 'NONE', ( #1958 ), #1469, .F. ) ;
#1767 = CARTESIAN_POINT ( 'NONE',  ( -0.6279527559050004371, 0.0000000000000000000, 0.0000000000000000000 ) ) ;
#1768 = EDGE_CURVE ( 'NONE', #4193, #381, #2515, .T. ) ;
#1769 = ORIENTED_EDGE ( 'NONE', *, *, #3732, .F. ) ;
#1770 = CARTESIAN_POINT ( 'NONE',  ( -0.7387937305823460976, -0.1901730532157044629, -0.1082649780247667420 ) ) ;
#1771 = VECTOR ( 'NONE', #6619, 39.37007874015748143 ) ;
#1772 = LINE ( 'NONE', #2292, #5294 ) ;
#1773 = DIRECTION ( 'NONE',  ( -1.000000000000000000, -0.0000000000000000000, -0.0000000000000000000 ) ) ;
#1774 = ORIENTED_EDGE ( 'NONE', *, *, #350, .T. ) ;
#1775 = CARTESIAN_POINT ( 'NONE',  ( 0.4852362204704991910, 0.2785433070854992366, 0.1929133858260032308 ) ) ;
#1776 = VECTOR ( 'NONE', #2241, 39.37007874015748143 ) ;
#1777 = DIRECTION ( 'NONE',  ( 0.0000000000000000000, 0.7071067811865474617, 0.7071067811865474617 ) ) ;
#1778 = CARTESIAN_POINT ( 'NONE',  ( 0.4074803293998270348, -0.3104330708652991433, -0.3204724409435995014 ) ) ;
#1779 = CARTESIAN_POINT ( 'NONE',  ( 0.7352362204694999903, 0.3104330708648994630, 0.1610236220466032264 ) ) ;
#1780 = CARTESIAN_POINT ( 'NONE',  ( 0.3838582677149998124, 0.3285433070852992188, -0.3283464566915989535 ) ) ;
#1781 = VECTOR ( 'NONE', #3136, 39.37007874015748143 ) ;
#1782 = ORIENTED_EDGE ( 'NONE', *, *, #3252, .F. ) ;
#1783 = VECTOR ( 'NONE', #1039, 39.37007874015748854 ) ;
#1784 = ORIENTED_EDGE ( 'NONE', *, *, #3124, .F. ) ;
#1785 = FACE_OUTER_BOUND ( 'NONE', #533, .T. ) ;
#1786 = ORIENTED_EDGE ( 'NONE', *, *, #2629, .T. ) ;
#1787 = CARTESIAN_POINT ( 'NONE',  ( 0.0000000000000000000, -0.04680900692053314299, 4.688921863164611502E-16 ) ) ;
#1788 = AXIS2_PLACEMENT_3D ( 'NONE', #73, #2219, #4369 ) ;
#1789 = CARTESIAN_POINT ( 'NONE',  ( 0.1338582677159996237, -0.3285433070852992188, -0.3283464566915989535 ) ) ;
#1790 = DIRECTION ( 'NONE',  ( -1.000000000000000000, -3.749151804555343599E-33, 2.295617560651552647E-49 ) ) ;
#1791 = DIRECTION ( 'NONE',  ( 0.0000000000000000000, 0.0000000000000000000, 1.000000000000000000 ) ) ;
#1792 = FACE_OUTER_BOUND ( 'NONE', #5944, .T. ) ;
#1793 = DIRECTION ( 'NONE',  ( -1.000000000000000000, -0.0000000000000000000, -0.0000000000000000000 ) ) ;
#1794 = ADVANCED_FACE ( 'NONE', ( #2063 ), #368, .F. ) ;
#1795 = VECTOR ( 'NONE', #1516, 39.37007874015748143 ) ;
#1796 = VERTEX_POINT ( 'NONE', #6841 ) ;
#1797 = ORIENTED_EDGE ( 'NONE', *, *, #2279, .T. ) ;
#1798 = PLANE ( 'NONE',  #6990 ) ;
#1799 = VECTOR ( 'NONE', #5060, 39.37007874015748143 ) ;
#1800 = DIRECTION ( 'NONE',  ( -1.000000000000000000, -6.123031769111886291E-17, 3.749151804555343599E-33 ) ) ;
#1801 = ADVANCED_FACE ( 'NONE', ( #1992 ), #971, .T. ) ;
#1802 = CARTESIAN_POINT ( 'NONE',  ( 0.4633858267697990030, 0.3285433070852992188, -0.09999999999959907626 ) ) ;
#1803 = EDGE_CURVE ( 'NONE', #5407, #507, #5326, .T. ) ;
#1804 = ADVANCED_FACE ( 'NONE', ( #6348 ), #6238, .T. ) ;
#1805 = VERTEX_POINT ( 'NONE', #5820 ) ;
#1806 = ORIENTED_EDGE ( 'NONE', *, *, #5951, .F. ) ;
#1807 = AXIS2_PLACEMENT_3D ( 'NONE', #6275, #1428, #6737 ) ;
#1808 = ORIENTED_EDGE ( 'NONE', *, *, #6856, .T. ) ;
#1809 = LINE ( 'NONE', #747, #6607 ) ;
#1810 = ORIENTED_EDGE ( 'NONE', *, *, #5584, .F. ) ;
#1811 = DIRECTION ( 'NONE',  ( 0.0000000000000000000, -0.7071067811865443531, 0.7071067811865507924 ) ) ;
#1812 = ADVANCED_FACE ( 'NONE', ( #3113 ), #445, .F. ) ;
#1813 = EDGE_CURVE ( 'NONE', #3775, #3986, #2218, .T. ) ;
#1814 = FACE_OUTER_BOUND ( 'NONE', #2934, .T. ) ;
#1815 = CARTESIAN_POINT ( 'NONE',  ( 0.2352362204714993077, 0.2431879680263150656, 0.1963789611057868423 ) ) ;
#1816 = VERTEX_POINT ( 'NONE', #3000 ) ;
#1817 = EDGE_LOOP ( 'NONE', ( #4759, #4693, #4740, #6596 ) ) ;
#1818 = DIRECTION ( 'NONE',  ( 0.0000000000000000000, 0.0000000000000000000, 1.000000000000000000 ) ) ;
#1819 = DIRECTION ( 'NONE',  ( -6.123031769111881361E-17, -1.000000000000000000, 0.0000000000000000000 ) ) ;
#1820 = CARTESIAN_POINT ( 'NONE',  ( 0.1811023622040002223, -0.3285433070852992188, -0.4543307086595991251 ) ) ;
#1821 = ADVANCED_FACE ( 'NONE', ( #336 ), #1431, .T. ) ;
#1822 = CARTESIAN_POINT ( 'NONE',  ( 0.6889763779499995522, -0.3104330708652991433, -0.3283464566915989535 ) ) ;
#1823 = DIRECTION ( 'NONE',  ( 1.000000000000000000, 6.123031769111886291E-17, -3.749151804555343599E-33 ) ) ;
#1824 = ORIENTED_EDGE ( 'NONE', *, *, #2955, .F. ) ;
#1825 = CARTESIAN_POINT ( 'NONE',  ( 0.1015748031491998660, 0.3285433070852991633, -0.3118110485309237290 ) ) ;
#1826 = ORIENTED_EDGE ( 'NONE', *, *, #4569, .T. ) ;
#1827 = DIRECTION ( 'NONE',  ( 0.0000000000000000000, 1.000000000000000000, 0.0000000000000000000 ) ) ;
#1828 = LINE ( 'NONE', #6599, #2701 ) ;
#1829 = LINE ( 'NONE', #5146, #5799 ) ;
#1830 = CYLINDRICAL_SURFACE ( 'NONE', #5256, 0.2165354330699997554 ) ;
#1831 = LINE ( 'NONE', #1194, #881 ) ;
#1832 = ORIENTED_EDGE ( 'NONE', *, *, #2360, .F. ) ;
#1833 = ORIENTED_EDGE ( 'NONE', *, *, #1343, .T. ) ;
#1834 = CARTESIAN_POINT ( 'NONE',  ( 0.6574803293988269459, 0.3104330708652991433, -0.3720363413119387452 ) ) ;
#1835 = DIRECTION ( 'NONE',  ( 0.0000000000000000000, 0.0000000000000000000, 1.000000000000000000 ) ) ;
#1836 = CARTESIAN_POINT ( 'NONE',  ( 0.1259842519680001161, -0.3285433070852992188, -0.3204724409435995014 ) ) ;
#1837 = ORIENTED_EDGE ( 'NONE', *, *, #2352, .F. ) ;
#1838 = ORIENTED_EDGE ( 'NONE', *, *, #1321, .F. ) ;
#1839 = CIRCLE ( 'NONE', #139, 0.007874015748000031539 ) ;
#1840 = ORIENTED_EDGE ( 'NONE', *, *, #1291, .T. ) ;
#1841 = DIRECTION ( 'NONE',  ( 0.0000000000000000000, 0.5000000000055661031, -0.8660254037812250560 ) ) ;
#1842 = EDGE_CURVE ( 'NONE', #761, #173, #3572, .T. ) ;
#1843 = VERTEX_POINT ( 'NONE', #3037 ) ;
#1844 = CARTESIAN_POINT ( 'NONE',  ( -0.7387937305823460976, -0.1699438706402734145, -0.1378684429263450084 ) ) ;
#1845 = DIRECTION ( 'NONE',  ( 6.123031769111886291E-17, -1.000000000000000000, 0.0000000000000000000 ) ) ;
#1846 = CARTESIAN_POINT ( 'NONE',  ( 0.7667679837961206557, -0.2964566929121998928, 0.5929133858244004518 ) ) ;
#1847 = ORIENTED_EDGE ( 'NONE', *, *, #2527, .T. ) ;
#1848 = PLANE ( 'NONE',  #1524 ) ;
#1849 = EDGE_CURVE ( 'NONE', #2269, #1031, #2229, .T. ) ;
#1850 = EDGE_CURVE ( 'NONE', #3455, #4453, #4347, .T. ) ;
#1851 = CARTESIAN_POINT ( 'NONE',  ( 0.3474540849570658674, -0.3104330708652991433, -0.3118110423033926271 ) ) ;
#1852 = DIRECTION ( 'NONE',  ( 0.0000000000000000000, 0.0000000000000000000, 1.000000000000000000 ) ) ;
#1853 = CARTESIAN_POINT ( 'NONE',  ( 0.3759842519670000272, -0.3285433070852992188, -0.3283464566915989535 ) ) ;
#1854 = CARTESIAN_POINT ( 'NONE',  ( 0.4625058949115352647, -0.3285433070852992188, -0.3204724409435995014 ) ) ;
#1855 = ORIENTED_EDGE ( 'NONE', *, *, #3603, .T. ) ;
#1856 = VECTOR ( 'NONE', #1606, 39.37007874015748143 ) ;
#1857 = CARTESIAN_POINT ( 'NONE',  ( 0.2125058949125353536, 0.3104330708652991433, -0.3204724409435995014 ) ) ;
#1858 = EDGE_CURVE ( 'NONE', #5169, #4941, #1205, .T. ) ;
#1859 = DIRECTION ( 'NONE',  ( 0.0000000000000000000, 6.123031769111886291E-17, 1.000000000000000000 ) ) ;
#1860 = EDGE_CURVE ( 'NONE', #1796, #2157, #1674, .T. ) ;
#1861 = EDGE_CURVE ( 'NONE', #780, #3153, #1038, .T. ) ;
#1862 = FACE_OUTER_BOUND ( 'NONE', #4119, .T. ) ;
#1863 = CARTESIAN_POINT ( 'NONE',  ( 0.6015748031471988000, -0.3285433070852992188, -0.3118110236207991548 ) ) ;
#1864 = CARTESIAN_POINT ( 'NONE',  ( 0.7352362204694999903, 0.2431879680263149268, 0.1963789611057866480 ) ) ;
#1865 = AXIS2_PLACEMENT_3D ( 'NONE', #2747, #2716, #1158 ) ;
#1866 = DIRECTION ( 'NONE',  ( 1.000000000000000000, 0.0000000000000000000, 0.0000000000000000000 ) ) ;
#1867 = LINE ( 'NONE', #6119, #4141 ) ;
#1868 = AXIS2_PLACEMENT_3D ( 'NONE', #1114, #4418, #4987 ) ;
#1869 = ORIENTED_EDGE ( 'NONE', *, *, #2875, .T. ) ;
#1870 = VECTOR ( 'NONE', #803, 39.37007874015748854 ) ;
#1871 = ORIENTED_EDGE ( 'NONE', *, *, #3212, .F. ) ;
#1872 = VECTOR ( 'NONE', #2502, 39.37007874015748143 ) ;
#1873 = DIRECTION ( 'NONE',  ( 1.000000000000000000, 0.0000000000000000000, -0.0000000000000000000 ) ) ;
#1874 = DIRECTION ( 'NONE',  ( -0.0000000000000000000, 1.000000000000000000, -6.123031769111886291E-17 ) ) ;
#1875 = PLANE ( 'NONE',  #3088 ) ;
#1876 = CARTESIAN_POINT ( 'NONE',  ( 0.4074803149589998341, -0.3285433070852992188, -0.4543307086595991251 ) ) ;
#1877 = FACE_OUTER_BOUND ( 'NONE', #4623, .T. ) ;
#1878 = VERTEX_POINT ( 'NONE', #6546 ) ;
#1879 = CARTESIAN_POINT ( 'NONE',  ( -0.7653543307074653912, 0.1065087350948715067, -0.06765766726845962031 ) ) ;
#1880 = CARTESIAN_POINT ( 'NONE',  ( 0.7133858267687989141, -0.3385826771639992017, -0.2921259842507990534 ) ) ;
#1881 = EDGE_CURVE ( 'NONE', #2911, #2251, #3815, .T. ) ;
#1882 = CARTESIAN_POINT ( 'NONE',  ( 0.3297244094704998019, 0.3285433070852992188, 0.1610236220466032264 ) ) ;
#1883 =( NAMED_UNIT ( * ) SI_UNIT ( $, .STERADIAN. ) SOLID_ANGLE_UNIT ( ) );
#1884 = VERTEX_POINT ( 'NONE', #5431 ) ;
#1885 = AXIS2_PLACEMENT_3D ( 'NONE', #4099, #4633, #6276 ) ;
#1886 = ORIENTED_EDGE ( 'NONE', *, *, #2021, .F. ) ;
#1887 = AXIS2_PLACEMENT_3D ( 'NONE', #1593, #1623, #3765 ) ;
#1888 = CARTESIAN_POINT ( 'NONE',  ( -0.7130353297241701638, 0.2694179243225516274, -0.08796657523832510095 ) ) ;
#1889 = LINE ( 'NONE', #796, #4919 ) ;
#1890 = DIRECTION ( 'NONE',  ( 1.000000000000000000, 0.0000000000000000000, 0.0000000000000000000 ) ) ;
#1891 = ORIENTED_EDGE ( 'NONE', *, *, #917, .T. ) ;
#1892 = ORIENTED_EDGE ( 'NONE', *, *, #2185, .F. ) ;
#1893 = AXIS2_PLACEMENT_3D ( 'NONE', #4027, #6132, #1279 ) ;
#1894 = CARTESIAN_POINT ( 'NONE',  ( 0.1015748031491998660, 0.3285433070852992188, -0.09999999999959907626 ) ) ;
#1895 = PLANE ( 'NONE',  #5264 ) ;
#1896 = CARTESIAN_POINT ( 'NONE',  ( 0.5797244094694997685, 0.2785433070854992366, 0.1610236220466032264 ) ) ;
#1897 = VECTOR ( 'NONE', #3976, 39.37007874015748143 ) ;
#1898 = CARTESIAN_POINT ( 'NONE',  ( 0.3297244094704998019, -0.2559938388666496145, 0.1835730902654524321 ) ) ;
#1899 = LINE ( 'NONE', #3014, #5855 ) ;
#1900 = ADVANCED_FACE ( 'NONE', ( #3287 ), #1608, .T. ) ;
#1901 = CIRCLE ( 'NONE', #3585, 0.2519685039360020085 ) ;
#1902 = VERTEX_POINT ( 'NONE', #2762 ) ;
#1903 = VECTOR ( 'NONE', #2613, 39.37007874015748143 ) ;
#1904 = EDGE_LOOP ( 'NONE', ( #3886, #1319, #2444, #3302, #5471, #1676, #4244, #3810, #5347, #4317, #5126, #5953, #3939, #2326 ) ) ;
#1905 = CARTESIAN_POINT ( 'NONE',  ( 0.3524547350064635154, 0.3285433070852992188, -0.3204724409435995014 ) ) ;
#1906 = DIRECTION ( 'NONE',  ( 1.000000000000000000, 6.123031769111886291E-17, -3.749151804555343599E-33 ) ) ;
#1907 = CARTESIAN_POINT ( 'NONE',  ( -0.7387937305823455425, 0.07151018550221911740, -0.2066004128965548137 ) ) ;
#1908 = ORIENTED_EDGE ( 'NONE', *, *, #6270, .T. ) ;
#1909 = ORIENTED_EDGE ( 'NONE', *, *, #190, .T. ) ;
#1910 = DIRECTION ( 'NONE',  ( 0.0000000000000000000, 1.000000000000000000, -6.123031769111886291E-17 ) ) ;
#1911 = VERTEX_POINT ( 'NONE', #3846 ) ;
#1912 = VECTOR ( 'NONE', #1998, 39.37007874015748854 ) ;
#1913 = VECTOR ( 'NONE', #726, 39.37007874015748143 ) ;
#1914 = CARTESIAN_POINT ( 'NONE',  ( -0.7387937305823460976, -0.1261051105139368300, -0.1788427101353946558 ) ) ;
#1915 = ORIENTED_EDGE ( 'NONE', *, *, #4088, .T. ) ;
#1916 = CARTESIAN_POINT ( 'NONE',  ( 0.07972440947149994628, -0.2273686271854815366, 2.663551793822656786E-15 ) ) ;
#1917 = FILL_AREA_STYLE_COLOUR ( '', #4638 ) ;
#1918 = VECTOR ( 'NONE', #1105, 39.37007874015748143 ) ;
#1919 = ORIENTED_EDGE ( 'NONE', *, *, #2988, .T. ) ;
#1920 = ORIENTED_EDGE ( 'NONE', *, *, #5538, .T. ) ;
#1921 = CARTESIAN_POINT ( 'NONE',  ( 0.4389763779509996411, 0.3285433070852992188, -0.3204724409435995014 ) ) ;
#1922 = DIRECTION ( 'NONE',  ( 6.123031769111886291E-17, -1.000000000000000000, 0.0000000000000000000 ) ) ;
#1923 = LINE ( 'NONE', #5654, #5513 ) ;
#1924 = EDGE_LOOP ( 'NONE', ( #6994, #246, #6831, #4918 ) ) ;
#1925 = AXIS2_PLACEMENT_3D ( 'NONE', #6755, #6683, #207 ) ;
#1926 = ORIENTED_EDGE ( 'NONE', *, *, #6350, .T. ) ;
#1927 = CARTESIAN_POINT ( 'NONE',  ( 0.07972440947149994628, -0.2785433070854992366, 0.1610236220466032264 ) ) ;
#1928 = DIRECTION ( 'NONE',  ( 0.0000000000000000000, -0.7071067811865443531, -0.7071067811865507924 ) ) ;
#1929 = EDGE_CURVE ( 'NONE', #1318, #892, #4810, .T. ) ;
#1930 = PRODUCT_RELATED_PRODUCT_CATEGORY ( 'part', '', ( #4624 ) ) ;
#1931 = CARTESIAN_POINT ( 'NONE',  ( 0.0000000000000000000, -0.3285433070852992188, -0.3204724409435995014 ) ) ;
#1932 = DIRECTION ( 'NONE',  ( 0.0000000000000000000, 6.123031769111886291E-17, 1.000000000000000000 ) ) ;
#1933 = CARTESIAN_POINT ( 'NONE',  ( 0.0000000000000000000, 0.3385826771639992572, -0.2921259842507990534 ) ) ;
#1934 = ORIENTED_EDGE ( 'NONE', *, *, #723, .F. ) ;
#1935 = ORIENTED_EDGE ( 'NONE', *, *, #4906, .F. ) ;
#1936 = DIRECTION ( 'NONE',  ( 0.0000000000000000000, 1.000000000000000000, 0.0000000000000000000 ) ) ;
#1937 = ADVANCED_FACE ( 'NONE', ( #6027 ), #1173, .F. ) ;
#1938 = CARTESIAN_POINT ( 'NONE',  ( 0.4311023622030001334, -0.3104330708652991433, -0.4543307086595991251 ) ) ;
#1939 = DIRECTION ( 'NONE',  ( -6.123031769111886291E-17, -1.000000000000000000, 0.0000000000000000000 ) ) ;
#1940 = VECTOR ( 'NONE', #2383, 39.37007874015748143 ) ;
#1941 = DIRECTION ( 'NONE',  ( 0.0000000000000000000, 0.0000000000000000000, -1.000000000000000000 ) ) ;
#1942 = ORIENTED_EDGE ( 'NONE', *, *, #5358, .F. ) ;
#1943 = ORIENTED_EDGE ( 'NONE', *, *, #1202, .T. ) ;
#1944 = PLANE ( 'NONE',  #1086 ) ;
#1945 = ORIENTED_EDGE ( 'NONE', *, *, #3212, .T. ) ;
#1946 = EDGE_CURVE ( 'NONE', #1596, #3522, #2784, .T. ) ;
#1947 = DIRECTION ( 'NONE',  ( 0.0000000000000000000, -6.123031769111886291E-17, -1.000000000000000000 ) ) ;
#1948 = ORIENTED_EDGE ( 'NONE', *, *, #28, .T. ) ;
#1949 = DIRECTION ( 'NONE',  ( -1.000000000000000000, 6.123031769111886291E-17, -3.749151804555343599E-33 ) ) ;
#1950 = AXIS2_PLACEMENT_3D ( 'NONE', #2570, #4720, #2604 ) ;
#1951 = DIRECTION ( 'NONE',  ( 1.000000000000000000, 0.0000000000000000000, 0.0000000000000000000 ) ) ;
#1952 = ORIENTED_EDGE ( 'NONE', *, *, #5170, .T. ) ;
#1953 = PLANE ( 'NONE',  #511 ) ;
#1954 = ORIENTED_EDGE ( 'NONE', *, *, #251, .T. ) ;
#1955 = VECTOR ( 'NONE', #63, 39.37007874015748143 ) ;
#1956 = CARTESIAN_POINT ( 'NONE',  ( 0.7133858267687989141, 0.3285433070852991633, -0.3118110236207990438 ) ) ;
#1957 = CARTESIAN_POINT ( 'NONE',  ( 0.6259842519659999382, 0.3104330708652991433, -0.3283464566915989535 ) ) ;
#1958 = FACE_OUTER_BOUND ( 'NONE', #4175, .T. ) ;
#1959 = ORIENTED_EDGE ( 'NONE', *, *, #1249, .T. ) ;
#1960 = ORIENTED_EDGE ( 'NONE', *, *, #1037, .T. ) ;
#1961 = LINE ( 'NONE', #1894, #1164 ) ;
#1962 = DIRECTION ( 'NONE',  ( 0.0000000000000000000, 6.123031769111886291E-17, 1.000000000000000000 ) ) ;
#1963 = DIRECTION ( 'NONE',  ( 3.749151804555343599E-33, -2.295617560651552647E-49, -1.000000000000000000 ) ) ;
#1964 = DIRECTION ( 'NONE',  ( 6.123031769111886291E-17, -1.000000000000000000, 0.0000000000000000000 ) ) ;
#1965 = DIRECTION ( 'NONE',  ( 0.0000000000000000000, 1.000000000000000000, -6.123031769111886291E-17 ) ) ;
#1966 = CARTESIAN_POINT ( 'NONE',  ( 0.1811023622040002223, 0.3285433070852992188, -0.3283464566915989535 ) ) ;
#1967 = ADVANCED_FACE ( 'NONE', ( #1074 ), #1574, .F. ) ;
#1968 = ORIENTED_EDGE ( 'NONE', *, *, #1421, .T. ) ;
#1969 = CARTESIAN_POINT ( 'NONE',  ( 0.3188976377939989337, -0.2722930320583651920, 1.137736945326047633E-15 ) ) ;
#1970 = AXIS2_PLACEMENT_3D ( 'NONE', #6701, #4960, #5612 ) ;
#1971 = DIRECTION ( 'NONE',  ( -6.123031769111886291E-17, -1.000000000000000000, 0.0000000000000000000 ) ) ;
#1972 = VECTOR ( 'NONE', #901, 39.37007874015748854 ) ;
#1973 = CYLINDRICAL_SURFACE ( 'NONE', #3207, 0.2519685039360020085 ) ;
#1974 = CARTESIAN_POINT ( 'NONE',  ( -0.6909448818890004951, 0.0000000000000000000, 0.0000000000000000000 ) ) ;
#1975 = VERTEX_POINT ( 'NONE', #2731 ) ;
#1976 = AXIS2_PLACEMENT_3D ( 'NONE', #3410, #2907, #5728 ) ;
#1977 = ORIENTED_EDGE ( 'NONE', *, *, #3569, .T. ) ;
#1978 = AXIS2_PLACEMENT_3D ( 'NONE', #5459, #4848, #535 ) ;
#1979 = LINE ( 'NONE', #3633, #1872 ) ;
#1980 = VERTEX_POINT ( 'NONE', #512 ) ;
#1981 = CARTESIAN_POINT ( 'NONE',  ( 0.0000000000000000000, 0.2722930320583651920, 4.493534670938994958E-16 ) ) ;
#1982 = VECTOR ( 'NONE', #6323, 39.37007874015748143 ) ;
#1983 = PRESENTATION_LAYER_ASSIGNMENT (  '', '', ( #6394 ) ) ;
#1984 = ORIENTED_EDGE ( 'NONE', *, *, #6588, .F. ) ;
#1985 = EDGE_CURVE ( 'NONE', #431, #280, #2656, .T. ) ;
#1986 = ORIENTED_EDGE ( 'NONE', *, *, #1464, .T. ) ;
#1987 = EDGE_CURVE ( 'NONE', #438, #121, #6980, .T. ) ;
#1988 = CARTESIAN_POINT ( 'NONE',  ( -0.3901574803154005955, 0.0000000000000000000, 0.1261811023500000184 ) ) ;
#1989 = DIRECTION ( 'NONE',  ( -1.000000000000000000, 6.123031769111886291E-17, -3.749151804555343599E-33 ) ) ;
#1990 = CARTESIAN_POINT ( 'NONE',  ( -0.7555103578498337802, -0.2249643008681327383, 0.03349810513525040834 ) ) ;
#1991 = CYLINDRICAL_SURFACE ( 'NONE', #4959, 0.04999999999980000998 ) ;
#1992 = FACE_OUTER_BOUND ( 'NONE', #4849, .T. ) ;
#1993 = DIRECTION ( 'NONE',  ( 0.0000000000000000000, 0.0000000000000000000, -1.000000000000000000 ) ) ;
#1994 = ORIENTED_EDGE ( 'NONE', *, *, #465, .F. ) ;
#1995 = CYLINDRICAL_SURFACE ( 'NONE', #148, 0.03188976377939998358 ) ;
#1996 = VECTOR ( 'NONE', #5686, 39.37007874015748143 ) ;
#1997 = DIRECTION ( 'NONE',  ( -0.0000000000000000000, -1.000000000000000000, 0.0000000000000000000 ) ) ;
#1998 = DIRECTION ( 'NONE',  ( 0.4999999999487624303, 0.0000000000000000000, -0.8660254038140206001 ) ) ;
#1999 = CARTESIAN_POINT ( 'NONE',  ( 0.4633858267697998912, -0.3385826771639992572, -0.2921259842507990534 ) ) ;
#2000 = CARTESIAN_POINT ( 'NONE',  ( 0.6015748031471988000, -0.3285433070852992188, -0.09999999999959907626 ) ) ;
#2001 = VERTEX_POINT ( 'NONE', #1641 ) ;
#2002 = ORIENTED_EDGE ( 'NONE', *, *, #5761, .F. ) ;
#2003 = AXIS2_PLACEMENT_3D ( 'NONE', #2524, #5224, #416 ) ;
#2004 = CARTESIAN_POINT ( 'NONE',  ( 0.7352362204694999903, -0.07242074860119984692, 2.669296277896500903E-15 ) ) ;
#2005 = ADVANCED_FACE ( 'NONE', ( #5961 ), #4282, .T. ) ;
#2006 = PLANE ( 'NONE',  #4148 ) ;
#2007 = CARTESIAN_POINT ( 'NONE',  ( 0.4074803149589998341, 0.3285433070852992188, -0.4543307086595991251 ) ) ;
#2008 = DIRECTION ( 'NONE',  ( 0.4999999999487009794, 0.0000000000000000000, -0.8660254038140561272 ) ) ;
#2009 = MANIFOLD_SOLID_BREP ( 'Imported1', #3177 ) ;
#2010 = VECTOR ( 'NONE', #5239, 39.37007874015748143 ) ;
#2011 = DIRECTION ( 'NONE',  ( -1.000000000000000000, -0.0000000000000000000, -0.0000000000000000000 ) ) ;
#2012 = CIRCLE ( 'NONE', #3473, 0.2519685039360020085 ) ;
#2013 = ORIENTED_EDGE ( 'NONE', *, *, #6922, .F. ) ;
#2014 = CARTESIAN_POINT ( 'NONE',  ( -8.881784197001252323E-16, -0.3385826771639992572, -0.3118110236207991548 ) ) ;
#2015 = ORIENTED_EDGE ( 'NONE', *, *, #4569, .F. ) ;
#2016 =( BOUNDED_CURVE ( )  B_SPLINE_CURVE ( 3, ( #4262, #5983, #3733, #70 ),
 .UNSPECIFIED., .F., .T. ) 
 B_SPLINE_CURVE_WITH_KNOTS ( ( 4, 4 ),
 ( 1.977342603630786844, 4.305842896195987812 ),
 .UNSPECIFIED. ) 
 CURVE ( )  GEOMETRIC_REPRESENTATION_ITEM ( )  RATIONAL_B_SPLINE_CURVE ( ( 1.000000000000000000, 0.5969595913564722522, 0.5969595913564722522, 1.000000000000000000 ) ) 
 REPRESENTATION_ITEM ( '' )  );
#2017 = EDGE_CURVE ( 'NONE', #3879, #995, #644, .T. ) ;
#2018 = EDGE_CURVE ( 'NONE', #3068, #2517, #5529, .T. ) ;
#2019 = VECTOR ( 'NONE', #499, 39.37007874015748143 ) ;
#2020 = LINE ( 'NONE', #5163, #2010 ) ;
#2021 = EDGE_CURVE ( 'NONE', #4657, #5748, #4982, .T. ) ;
#2022 = ORIENTED_EDGE ( 'NONE', *, *, #6501, .F. ) ;
#2023 = DIRECTION ( 'NONE',  ( 0.0000000000000000000, 0.0000000000000000000, 1.000000000000000000 ) ) ;
#2024 = ORIENTED_EDGE ( 'NONE', *, *, #3100, .F. ) ;
#2025 = ORIENTED_EDGE ( 'NONE', *, *, #2183, .T. ) ;
#2026 = VECTOR ( 'NONE', #1873, 39.37007874015748143 ) ;
#2027 = DIRECTION ( 'NONE',  ( 0.0000000000000000000, 0.0000000000000000000, -1.000000000000000000 ) ) ;
#2028 = CARTESIAN_POINT ( 'NONE',  ( 0.3838582677149995348, -0.3285433070852992188, -0.3283464566915989535 ) ) ;
#2029 = DIRECTION ( 'NONE',  ( -0.0000000000000000000, -1.000000000000000000, 6.123031769111886291E-17 ) ) ;
#2030 = CIRCLE ( 'NONE', #2137, 0.1261811023500000184 ) ;
#2031 = CARTESIAN_POINT ( 'NONE',  ( 0.5550503704300340235, 0.1520443809227288445, 0.3965338554806401294 ) ) ;
#2032 = DIRECTION ( 'NONE',  ( -0.4999999999487388935, 0.0000000000000000000, -0.8660254038140342558 ) ) ;
#2033 = VERTEX_POINT ( 'NONE', #3921 ) ;
#2034 = ORIENTED_EDGE ( 'NONE', *, *, #2879, .F. ) ;
#2035 = PLANE ( 'NONE',  #2285 ) ;
#2036 = VECTOR ( 'NONE', #2589, 39.37007874015748143 ) ;
#2037 = EDGE_CURVE ( 'NONE', #5898, #3649, #6655, .T. ) ;
#2038 = FACE_OUTER_BOUND ( 'NONE', #4655, .T. ) ;
#2039 = DIRECTION ( 'NONE',  ( 0.0000000000000000000, 0.0000000000000000000, 1.000000000000000000 ) ) ;
#2040 = CARTESIAN_POINT ( 'NONE',  ( 0.07972440947149993240, 0.07242074860119965263, 1.832271301095619974E-15 ) ) ;
#2041 = FACE_OUTER_BOUND ( 'NONE', #5226, .T. ) ;
#2042 = VECTOR ( 'NONE', #2916, 39.37007874015748143 ) ;
#2043 = ORIENTED_EDGE ( 'NONE', *, *, #4994, .T. ) ;
#2044 = ORIENTED_EDGE ( 'NONE', *, *, #524, .T. ) ;
#2045 = CARTESIAN_POINT ( 'NONE',  ( 0.7352362204694999903, 0.04680900692053285850, 1.816260838008213680E-15 ) ) ;
#2046 = LINE ( 'NONE', #5733, #6761 ) ;
#2047 = DIRECTION ( 'NONE',  ( 0.0000000000000000000, -6.123031769111886291E-17, -1.000000000000000000 ) ) ;
#2048 = CARTESIAN_POINT ( 'NONE',  ( 0.0000000000000000000, -0.07242074860119984692, 4.704604013961912921E-16 ) ) ;
#2049 = LINE ( 'NONE', #1417, #3663 ) ;
#2050 = ORIENTED_EDGE ( 'NONE', *, *, #3172, .F. ) ;
#2051 = DIRECTION ( 'NONE',  ( 0.0000000000000000000, 0.0000000000000000000, 1.000000000000000000 ) ) ;
#2052 = VERTEX_POINT ( 'NONE', #679 ) ;
#2053 = CARTESIAN_POINT ( 'NONE',  ( -0.6377952755900002657, 0.0000000000000000000, 0.0000000000000000000 ) ) ;
#2054 = VERTEX_POINT ( 'NONE', #3461 ) ;
#2055 = EDGE_CURVE ( 'NONE', #671, #3946, #6860, .T. ) ;
#2056 = EDGE_CURVE ( 'NONE', #5646, #4395, #143, .T. ) ;
#2057 = ORIENTED_EDGE ( 'NONE', *, *, #3394, .T. ) ;
#2058 = CARTESIAN_POINT ( 'NONE',  ( 0.8114173228314003339, 0.3582677165339994696, -0.2921259842507990534 ) ) ;
#2059 = CARTESIAN_POINT ( 'NONE',  ( 0.4852362204704992465, 0.07242074860119963875, 1.747465213395439808E-15 ) ) ;
#2060 = FACE_OUTER_BOUND ( 'NONE', #2618, .T. ) ;
#2061 = AXIS2_PLACEMENT_3D ( 'NONE', #2083, #6295, #4688 ) ;
#2062 = DIRECTION ( 'NONE',  ( 0.0000000000000000000, 0.0000000000000000000, 1.000000000000000000 ) ) ;
#2063 = FACE_OUTER_BOUND ( 'NONE', #1302, .T. ) ;
#2064 = ORIENTED_EDGE ( 'NONE', *, *, #6175, .F. ) ;
#2065 = ORIENTED_EDGE ( 'NONE', *, *, #3478, .T. ) ;
#2066 = CARTESIAN_POINT ( 'NONE',  ( 0.5797244094694997685, 0.2785433070854992366, 0.1929133858260032308 ) ) ;
#2067 = VECTOR ( 'NONE', #801, 39.37007874015748143 ) ;
#2068 = VECTOR ( 'NONE', #910, 39.37007874015748854 ) ;
#2069 = DIRECTION ( 'NONE',  ( -1.000000000000000000, -6.123031769111886291E-17, 3.749151804555343599E-33 ) ) ;
#2070 = CARTESIAN_POINT ( 'NONE',  ( -0.7387937305823458756, 0.05581863463378008289, 0.2117176960686879272 ) ) ;
#2071 = UNCERTAINTY_MEASURE_WITH_UNIT (LENGTH_MEASURE( 1.000000000000000082E-05 ), #4305, 'distance_accuracy_value', 'NONE');
#2072 = LINE ( 'NONE', #1439, #4227 ) ;
#2073 = DIRECTION ( 'NONE',  ( 0.0000000000000000000, 1.000000000000000000, -6.123031769111886291E-17 ) ) ;
#2074 = CIRCLE ( 'NONE', #830, 0.04999999999980000998 ) ;
#2075 = ORIENTED_EDGE ( 'NONE', *, *, #5415, .F. ) ;
#2076 = ADVANCED_FACE ( 'NONE', ( #5062 ), #6101, .T. ) ;
#2077 = EDGE_CURVE ( 'NONE', #1160, #440, #3958, .T. ) ;
#2078 = ADVANCED_FACE ( 'NONE', ( #5019 ), #180, .T. ) ;
#2079 = ORIENTED_EDGE ( 'NONE', *, *, #3191, .F. ) ;
#2080 = CARTESIAN_POINT ( 'NONE',  ( 0.6024547350054630934, 0.3285433070852991633, -0.3204724409435993349 ) ) ;
#2081 = CARTESIAN_POINT ( 'NONE',  ( -0.6181102362200001643, 0.0000000000000000000, -0.3070866141720003384 ) ) ;
#2082 = DIRECTION ( 'NONE',  ( 0.0000000000000000000, -1.000000000000000000, 0.0000000000000000000 ) ) ;
#2083 = CARTESIAN_POINT ( 'NONE',  ( 0.0000000000000000000, -0.3385826771639992572, -0.2921259842507990534 ) ) ;
#2084 = ORIENTED_EDGE ( 'NONE', *, *, #6142, .F. ) ;
#2085 = VECTOR ( 'NONE', #540, 39.37007874015748143 ) ;
#2086 = CARTESIAN_POINT ( 'NONE',  ( 0.0000000000000000000, -0.3385826771640010335, -0.3118110236207991548 ) ) ;
#2087 = ORIENTED_EDGE ( 'NONE', *, *, #5414, .T. ) ;
#2088 = VECTOR ( 'NONE', #1737, 39.37007874015748143 ) ;
#2089 = AXIS2_PLACEMENT_3D ( 'NONE', #6754, #6682, #1939 ) ;
#2090 = VERTEX_POINT ( 'NONE', #3425 ) ;
#2091 = DIRECTION ( 'NONE',  ( 6.123031769111886291E-17, -1.000000000000000000, 0.0000000000000000000 ) ) ;
#2092 = VERTEX_POINT ( 'NONE', #5606 ) ;
#2093 = CARTESIAN_POINT ( 'NONE',  ( -0.6929133858260003720, 1.404634042604554007E-18, -8.600618866843743437E-35 ) ) ;
#2094 = ORIENTED_EDGE ( 'NONE', *, *, #563, .F. ) ;
#2095 = PLANE ( 'NONE',  #6083 ) ;
#2096 = ADVANCED_FACE ( 'NONE', ( #750 ), #220, .T. ) ;
#2097 = FACE_OUTER_BOUND ( 'NONE', #457, .T. ) ;
#2098 = LINE ( 'NONE', #1072, #5998 ) ;
#2099 = EDGE_LOOP ( 'NONE', ( #1687, #4372, #6584, #5166, #4375, #272, #3918 ) ) ;
#2100 = VECTOR ( 'NONE', #2768, 39.37007874015748143 ) ;
#2101 = PLANE ( 'NONE',  #5714 ) ;
#2102 = CARTESIAN_POINT ( 'NONE',  ( 0.3515748031481988889, -0.3285433070852991633, -0.3118110236207990438 ) ) ;
#2103 = EDGE_CURVE ( 'NONE', #3928, #4913, #6581, .T. ) ;
#2104 = LINE ( 'NONE', #5828, #6103 ) ;
#2105 = EDGE_CURVE ( 'NONE', #5608, #436, #4900, .T. ) ;
#2106 = LINE ( 'NONE', #4779, #3667 ) ;
#2107 = VECTOR ( 'NONE', #5999, 39.37007874015748143 ) ;
#2108 = EDGE_LOOP ( 'NONE', ( #64, #4409, #616, #1064 ) ) ;
#2109 = DIRECTION ( 'NONE',  ( -1.000000000000000000, 6.123031769111886291E-17, -3.749151804555343599E-33 ) ) ;
#2110 = DIRECTION ( 'NONE',  ( 0.0000000000000000000, 6.123031769111886291E-17, 1.000000000000000000 ) ) ;
#2111 = CIRCLE ( 'NONE', #6072, 0.2519685039360020085 ) ;
#2112 = EDGE_CURVE ( 'NONE', #1077, #5169, #4026, .T. ) ;
#2113 = FACE_OUTER_BOUND ( 'NONE', #4517, .T. ) ;
#2114 = CARTESIAN_POINT ( 'NONE',  ( 0.7133858267687989141, 0.2722930320583651920, 0.1172304988566748030 ) ) ;
#2115 = ORIENTED_EDGE ( 'NONE', *, *, #6271, .T. ) ;
#2116 = AXIS2_PLACEMENT_3D ( 'NONE', #1617, #6926, #3759 ) ;
#2117 = PLANE ( 'NONE',  #2544 ) ;
#2118 = EDGE_LOOP ( 'NONE', ( #4474, #6882, #4209, #4430 ) ) ;
#2119 = DIRECTION ( 'NONE',  ( -0.0000000000000000000, 6.123031769111886291E-17, 1.000000000000000000 ) ) ;
#2120 = AXIS2_PLACEMENT_3D ( 'NONE', #3427, #2260, #3321 ) ;
#2121 = ORIENTED_EDGE ( 'NONE', *, *, #2161, .T. ) ;
#2122 = CARTESIAN_POINT ( 'NONE',  ( 0.0000000000000000000, -0.3285433070852992188, 4.861428670200348617E-16 ) ) ;
#2123 = ORIENTED_EDGE ( 'NONE', *, *, #2362, .T. ) ;
#2124 = VERTEX_POINT ( 'NONE', #5378 ) ;
#2125 = FACE_OUTER_BOUND ( 'NONE', #4930, .T. ) ;
#2126 = VERTEX_POINT ( 'NONE', #5449 ) ;
#2127 = VECTOR ( 'NONE', #739, 39.37007874015748143 ) ;
#2128 = CARTESIAN_POINT ( 'NONE',  ( 0.6811023622019989343, 0.3104330708652991433, -0.4543307086595991251 ) ) ;
#2129 = CARTESIAN_POINT ( 'NONE',  ( 1.205321214387282037E-18, -0.3582677165339993031, -0.2921259842507990534 ) ) ;
#2130 = DIRECTION ( 'NONE',  ( -0.0000000000000000000, -0.0000000000000000000, -1.000000000000000000 ) ) ;
#2131 = CARTESIAN_POINT ( 'NONE',  ( 0.07972440947149994628, -0.2559938388666494480, 0.1835730902654522656 ) ) ;
#2132 = DIRECTION ( 'NONE',  ( 1.000000000000000000, -6.123031769111886291E-17, 3.749151804555343599E-33 ) ) ;
#2133 = ORIENTED_EDGE ( 'NONE', *, *, #1756, .T. ) ;
#2134 = CIRCLE ( 'NONE', #2351, 0.04999999999980000998 ) ;
#2135 = EDGE_LOOP ( 'NONE', ( #1986, #1725, #1943, #6843 ) ) ;
#2136 = DIRECTION ( 'NONE',  ( 0.0000000000000000000, -1.000000000000000000, 0.0000000000000000000 ) ) ;
#2137 = AXIS2_PLACEMENT_3D ( 'NONE', #5727, #875, #4675 ) ;
#2138 = VECTOR ( 'NONE', #967, 39.37007874015748143 ) ;
#2139 = CARTESIAN_POINT ( 'NONE',  ( 0.3050503708939388270, 0.1520445538416306808, 0.3965338422247851047 ) ) ;
#2140 = DIRECTION ( 'NONE',  ( 0.4999999999488567437, 0.0000000000000000000, 0.8660254038139660882 ) ) ;
#2141 = PRODUCT_DEFINITION_CONTEXT ( 'detailed design', #24, 'design' ) ;
#2142 = DIRECTION ( 'NONE',  ( 0.0000000000000000000, 0.0000000000000000000, 1.000000000000000000 ) ) ;
#2143 = PLANE ( 'NONE',  #2116 ) ;
#2144 = ORIENTED_EDGE ( 'NONE', *, *, #3817, .T. ) ;
#2145 = ORIENTED_EDGE ( 'NONE', *, *, #4256, .F. ) ;
#2146 = ADVANCED_FACE ( 'NONE', ( #495 ), #3835, .T. ) ;
#2147 = EDGE_CURVE ( 'NONE', #5379, #3050, #6014, .T. ) ;
#2148 = ORIENTED_EDGE ( 'NONE', *, *, #170, .T. ) ;
#2149 = FACE_OUTER_BOUND ( 'NONE', #3969, .T. ) ;
#2150 = DIRECTION ( 'NONE',  ( -0.0000000000000000000, -1.000000000000000000, 0.0000000000000000000 ) ) ;
#2151 = DIRECTION ( 'NONE',  ( 0.0000000000000000000, 1.000000000000000000, -6.123031769111886291E-17 ) ) ;
#2152 = DIRECTION ( 'NONE',  ( 1.000000000000000000, 6.123031769111886291E-17, -3.749151804555343599E-33 ) ) ;
#2153 = EDGE_LOOP ( 'NONE', ( #2164, #5834, #1140, #1379 ) ) ;
#2154 = ADVANCED_FACE ( 'NONE', ( #3164 ), #3800, .F. ) ;
#2155 = ORIENTED_EDGE ( 'NONE', *, *, #1037, .F. ) ;
#2156 = DIRECTION ( 'NONE',  ( 0.0000000000000000000, -6.123031769111886291E-17, -1.000000000000000000 ) ) ;
#2157 = VERTEX_POINT ( 'NONE', #5342 ) ;
#2158 = ORIENTED_EDGE ( 'NONE', *, *, #327, .F. ) ;
#2159 = EDGE_CURVE ( 'NONE', #4827, #4014, #2638, .T. ) ;
#2160 = EDGE_LOOP ( 'NONE', ( #1350, #4092, #5374, #3785 ) ) ;
#2161 = EDGE_CURVE ( 'NONE', #2548, #5599, #2016, .T. ) ;
#2162 = CARTESIAN_POINT ( 'NONE',  ( 0.1338582677159999290, -0.3285433070852992188, -0.4543307086595991251 ) ) ;
#2163 = ADVANCED_FACE ( 'NONE', ( #4935, #6401 ), #4329, .T. ) ;
#2164 = ORIENTED_EDGE ( 'NONE', *, *, #4530, .T. ) ;
#2165 = CARTESIAN_POINT ( 'NONE',  ( -0.7387937305823456535, -0.1685061768025316598, 0.1396154034811628308 ) ) ;
#2166 = DIRECTION ( 'NONE',  ( -0.8660254038027190848, 6.123233995349007621E-17, -0.4999999999683371610 ) ) ;
#2167 = CARTESIAN_POINT ( 'NONE',  ( 0.7460629921242362128, 0.2964566929121998373, 4.478739184632387100E-16 ) ) ;
#2168 = CARTESIAN_POINT ( 'NONE',  ( -8.881784197001252323E-16, 0.3385826771639992572, -0.3118110236207992103 ) ) ;
#2169 = CARTESIAN_POINT ( 'NONE',  ( 0.7133858267687989141, -0.3285433070852991633, -0.3118110236207990438 ) ) ;
#2170 = VERTEX_POINT ( 'NONE', #6535 ) ;
#2171 = ORIENTED_EDGE ( 'NONE', *, *, #5366, .T. ) ;
#2172 = CARTESIAN_POINT ( 'NONE',  ( 0.7125058949105342876, -0.3285433070852992188, -0.3204724409435995014 ) ) ;
#2173 = CARTESIAN_POINT ( 'NONE',  ( 0.6338582677139994459, 0.3285433070852992188, -0.4543307086595991251 ) ) ;
#2174 = CARTESIAN_POINT ( 'NONE',  ( -0.7387937305823458756, 0.1871535851190367361, 0.1129904006261596289 ) ) ;
#2175 = DIRECTION ( 'NONE',  ( -1.000000000000000000, -6.123031769111886291E-17, 3.749151804555343599E-33 ) ) ;
#2176 = FACE_OUTER_BOUND ( 'NONE', #5132, .T. ) ;
#2177 = VECTOR ( 'NONE', #4287, 39.37007874015748143 ) ;
#2178 = VERTEX_POINT ( 'NONE', #1694 ) ;
#2179 = ORIENTED_EDGE ( 'NONE', *, *, #2037, .T. ) ;
#2180 = CARTESIAN_POINT ( 'NONE',  ( 0.06889763779499968877, -0.2964566929121998928, 4.641337016453230828E-16 ) ) ;
#2181 = DIRECTION ( 'NONE',  ( 0.0000000000000000000, 1.000000000000000000, 0.0000000000000000000 ) ) ;
#2182 = DIRECTION ( 'NONE',  ( 0.6804510993672793218, 0.0000000000000000000, -0.7327934916262976994 ) ) ;
#2183 = EDGE_CURVE ( 'NONE', #5890, #2548, #5942, .T. ) ;
#2184 = CARTESIAN_POINT ( 'NONE',  ( 0.4311023622030000224, 0.3285433070852992188, -0.4543307086595991251 ) ) ;
#2185 = EDGE_CURVE ( 'NONE', #6298, #847, #3305, .T. ) ;
#2186 = EDGE_LOOP ( 'NONE', ( #1364, #3125, #4127, #281 ) ) ;
#2187 = ORIENTED_EDGE ( 'NONE', *, *, #6787, .T. ) ;
#2188 = ORIENTED_EDGE ( 'NONE', *, *, #5395, .F. ) ;
#2189 = CIRCLE ( 'NONE', #4327, 0.02362204724400002870 ) ;
#2190 = EDGE_LOOP ( 'NONE', ( #31, #6640, #1612, #4533 ) ) ;
#2191 = DIRECTION ( 'NONE',  ( 1.000000000000000000, 0.0000000000000000000, 0.0000000000000000000 ) ) ;
#2192 = ORIENTED_EDGE ( 'NONE', *, *, #2197, .F. ) ;
#2193 = LINE ( 'NONE', #1734, #316 ) ;
#2194 = AXIS2_PLACEMENT_3D ( 'NONE', #4751, #4115, #2082 ) ;
#2195 = DIRECTION ( 'NONE',  ( 0.0000000000000000000, 0.0000000000000000000, 1.000000000000000000 ) ) ;
#2196 = AXIS2_PLACEMENT_3D ( 'NONE', #6696, #4592, #1818 ) ;
#2197 = EDGE_CURVE ( 'NONE', #5240, #6757, #6432, .T. ) ;
#2198 = CARTESIAN_POINT ( 'NONE',  ( 0.6024547350054627604, 0.3285433070852992188, -0.3204724409435998345 ) ) ;
#2199 = LINE ( 'NONE', #3647, #1222 ) ;
#2200 = ORIENTED_EDGE ( 'NONE', *, *, #2789, .T. ) ;
#2201 = EDGE_LOOP ( 'NONE', ( #6623, #3568, #2844, #2284 ) ) ;
#2202 = AXIS2_PLACEMENT_3D ( 'NONE', #3013, #161, #1370 ) ;
#2203 = DIRECTION ( 'NONE',  ( -1.000000000000000000, 0.0000000000000000000, 0.0000000000000000000 ) ) ;
#2204 = AXIS2_PLACEMENT_3D ( 'NONE', #3954, #4059, #6650 ) ;
#2205 = LINE ( 'NONE', #1712, #373 ) ;
#2206 = CARTESIAN_POINT ( 'NONE',  ( -0.7387937305823458756, -0.2518175308232993292, -0.008721132140003130112 ) ) ;
#2207 = LINE ( 'NONE', #3893, #866 ) ;
#2208 = DIRECTION ( 'NONE',  ( 0.0000000000000000000, -0.4999999999997184474, -0.8660254037846010222 ) ) ;
#2209 = ORIENTED_EDGE ( 'NONE', *, *, #4179, .F. ) ;
#2210 = DIRECTION ( 'NONE',  ( 0.0000000000000000000, 1.000000000000000000, -6.123031769111886291E-17 ) ) ;
#2211 = ORIENTED_EDGE ( 'NONE', *, *, #6808, .T. ) ;
#2212 = FACE_OUTER_BOUND ( 'NONE', #522, .T. ) ;
#2213 = DIRECTION ( 'NONE',  ( -1.000000000000000000, 6.123031769111886291E-17, -3.749151804555343599E-33 ) ) ;
#2214 = PLANE ( 'NONE',  #2304 ) ;
#2215 = CARTESIAN_POINT ( 'NONE',  ( 0.4625058949115352647, 0.3104330708652991433, -0.3204724409435995014 ) ) ;
#2216 = EDGE_LOOP ( 'NONE', ( #5094, #249, #762, #6585 ) ) ;
#2217 = ORIENTED_EDGE ( 'NONE', *, *, #1325, .T. ) ;
#2218 = CIRCLE ( 'NONE', #988, 0.03188976377939998358 ) ;
#2219 = DIRECTION ( 'NONE',  ( 1.000000000000000000, 0.0000000000000000000, 0.0000000000000000000 ) ) ;
#2220 = EDGE_LOOP ( 'NONE', ( #3876, #1994, #5298, #325 ) ) ;
#2221 = CONTEXT_DEPENDENT_SHAPE_REPRESENTATION ( #5450, #3035 ) ;
#2222 = EDGE_LOOP ( 'NONE', ( #5715, #3728, #396, #2913 ) ) ;
#2223 = ORIENTED_EDGE ( 'NONE', *, *, #4086, .T. ) ;
#2224 = LINE ( 'NONE', #2162, #3546 ) ;
#2225 = EDGE_CURVE ( 'NONE', #1257, #5884, #2111, .T. ) ;
#2226 = ORIENTED_EDGE ( 'NONE', *, *, #6380, .T. ) ;
#2227 = EDGE_CURVE ( 'NONE', #2410, #2001, #5850, .T. ) ;
#2228 = EDGE_CURVE ( 'NONE', #1757, #4449, #529, .T. ) ;
#2229 = LINE ( 'NONE', #3185, #3339 ) ;
#2230 = DIRECTION ( 'NONE',  ( 0.0000000000000000000, 1.000000000000000000, 0.0000000000000000000 ) ) ;
#2231 = CARTESIAN_POINT ( 'NONE',  ( 0.07972440947149994628, 0.3104330708648994630, 0.1610236220466032264 ) ) ;
#2232 = VERTEX_POINT ( 'NONE', #2184 ) ;
#2233 = AXIS2_PLACEMENT_3D ( 'NONE', #1560, #3704, #1134 ) ;
#2234 = ORIENTED_EDGE ( 'NONE', *, *, #6040, .F. ) ;
#2235 = VECTOR ( 'NONE', #2132, 39.37007874015748143 ) ;
#2236 = LINE ( 'NONE', #1775, #5600 ) ;
#2237 = EDGE_CURVE ( 'NONE', #6156, #707, #5876, .T. ) ;
#2238 = EDGE_CURVE ( 'NONE', #342, #11, #652, .T. ) ;
#2239 = CARTESIAN_POINT ( 'NONE',  ( 0.1259842519680001161, 0.3104330708652991433, -0.3283464566915989535 ) ) ;
#2240 = CARTESIAN_POINT ( 'NONE',  ( 0.1811023622039997782, 0.3104330708652991433, -0.3283464566915989535 ) ) ;
#2241 = DIRECTION ( 'NONE',  ( -0.0000000000000000000, -1.000000000000000000, 0.0000000000000000000 ) ) ;
#2242 = VERTEX_POINT ( 'NONE', #3337 ) ;
#2243 = CARTESIAN_POINT ( 'NONE',  ( -1.205321214387314585E-18, -0.3385826771639992572, -0.2921259842507990534 ) ) ;
#2244 = VERTEX_POINT ( 'NONE', #6636 ) ;
#2245 = FACE_OUTER_BOUND ( 'NONE', #4485, .T. ) ;
#2246 = VECTOR ( 'NONE', #6818, 39.37007874015748143 ) ;
#2247 = LINE ( 'NONE', #4470, #557 ) ;
#2248 = DIRECTION ( 'NONE',  ( -1.000000000000000000, -6.123031769111886291E-17, 3.749151804555343599E-33 ) ) ;
#2249 = CARTESIAN_POINT ( 'NONE',  ( -0.7158535582041731793, 0.0000000000000000000, 0.0000000000000000000 ) ) ;
#2250 = CIRCLE ( 'NONE', #1695, 0.1874999999992503497 ) ;
#2251 = VERTEX_POINT ( 'NONE', #5627 ) ;
#2252 = ORIENTED_EDGE ( 'NONE', *, *, #571, .F. ) ;
#2253 = ORIENTED_EDGE ( 'NONE', *, *, #682, .T. ) ;
#2254 = ORIENTED_EDGE ( 'NONE', *, *, #2077, .T. ) ;
#2255 = DIRECTION ( 'NONE',  ( 0.0000000000000000000, -6.123031769111886291E-17, -1.000000000000000000 ) ) ;
#2256 = ORIENTED_EDGE ( 'NONE', *, *, #29, .T. ) ;
#2257 = CARTESIAN_POINT ( 'NONE',  ( 0.7133858267687989141, -0.3285433070852991633, -0.09999999999959907626 ) ) ;
#2258 = DIRECTION ( 'NONE',  ( 0.0000000000000000000, -1.000000000000000000, 0.0000000000000000000 ) ) ;
#2259 = EDGE_CURVE ( 'NONE', #4847, #2506, #1867, .T. ) ;
#2260 = DIRECTION ( 'NONE',  ( 1.000000000000000000, 0.0000000000000000000, 0.0000000000000000000 ) ) ;
#2261 = DIRECTION ( 'NONE',  ( -0.0000000000000000000, -1.000000000000000000, 6.123031769111886291E-17 ) ) ;
#2262 = ORIENTED_EDGE ( 'NONE', *, *, #4554, .T. ) ;
#2263 = PLANE ( 'NONE',  #1868 ) ;
#2264 = COLOUR_RGB ( '',0.7529411764705882248, 0.7529411764705882248, 0.7529411764705882248 ) ;
#2265 = DIRECTION ( 'NONE',  ( 0.0000000000000000000, 1.000000000000000000, 0.0000000000000000000 ) ) ;
#2266 = CARTESIAN_POINT ( 'NONE',  ( 0.3297244094704998019, -0.2431879680263150656, 0.1963789611057868423 ) ) ;
#2267 = DIRECTION ( 'NONE',  ( 0.0000000000000000000, 6.123031769111886291E-17, 1.000000000000000000 ) ) ;
#2268 = CARTESIAN_POINT ( 'NONE',  ( 0.6338582677139994459, 0.3285433070852992188, -0.3283464566915989535 ) ) ;
#2269 = VERTEX_POINT ( 'NONE', #5043 ) ;
#2270 = CARTESIAN_POINT ( 'NONE',  ( 0.0000000000000000000, -0.3582677165339997472, -0.09999999999959906238 ) ) ;
#2271 = ORIENTED_EDGE ( 'NONE', *, *, #714, .F. ) ;
#2272 =( NAMED_UNIT ( * ) SI_UNIT ( $, .STERADIAN. ) SOLID_ANGLE_UNIT ( ) );
#2273 = DIRECTION ( 'NONE',  ( -0.9993908270190912102, -2.136907270362302723E-18, -0.03489949670263183673 ) ) ;
#2274 = CARTESIAN_POINT ( 'NONE',  ( -0.6377952755900002657, 0.0000000000000000000, -0.3070866141720002829 ) ) ;
#2275 = VECTOR ( 'NONE', #1510, 39.37007874015748143 ) ;
#2276 = PLANE ( 'NONE',  #6411 ) ;
#2277 = EDGE_CURVE ( 'NONE', #75, #2839, #1831, .T. ) ;
#2278 = EDGE_CURVE ( 'NONE', #5634, #6963, #3903, .T. ) ;
#2279 = EDGE_CURVE ( 'NONE', #4348, #1546, #6864, .T. ) ;
#2280 = ORIENTED_EDGE ( 'NONE', *, *, #4601, .T. ) ;
#2281 = ORIENTED_EDGE ( 'NONE', *, *, #1627, .T. ) ;
#2282 = FACE_OUTER_BOUND ( 'NONE', #544, .T. ) ;
#2283 = DIRECTION ( 'NONE',  ( 0.0000000000000000000, 0.7071067811865474617, 0.7071067811865474617 ) ) ;
#2284 = ORIENTED_EDGE ( 'NONE', *, *, #2569, .T. ) ;
#2285 = AXIS2_PLACEMENT_3D ( 'NONE', #3754, #4742, #6318 ) ;
#2286 = ORIENTED_EDGE ( 'NONE', *, *, #3406, .T. ) ;
#2287 = ORIENTED_EDGE ( 'NONE', *, *, #4659, .T. ) ;
#2288 = CARTESIAN_POINT ( 'NONE',  ( 0.2599102581189457473, 0.1520443977904611665, 0.3965338163017517736 ) ) ;
#2289 = ORIENTED_EDGE ( 'NONE', *, *, #4301, .F. ) ;
#2290 = DIRECTION ( 'NONE',  ( 0.0000000000000000000, 1.000000000000000000, 0.0000000000000000000 ) ) ;
#2291 = CARTESIAN_POINT ( 'NONE',  ( 0.0000000000000000000, -0.3104330708648994630, 4.850339715027985527E-16 ) ) ;
#2292 = CARTESIAN_POINT ( 'NONE',  ( 0.1889763779519997300, -0.3285433070852992188, -0.3204724409435995014 ) ) ;
#2293 = LINE ( 'NONE', #3391, #3629 ) ;
#2294 = ORIENTED_EDGE ( 'NONE', *, *, #4337, .T. ) ;
#2295 = VERTEX_POINT ( 'NONE', #771 ) ;
#2296 = FACE_OUTER_BOUND ( 'NONE', #503, .T. ) ;
#2297 = VECTOR ( 'NONE', #5650, 39.37007874015748143 ) ;
#2298 = EDGE_CURVE ( 'NONE', #1176, #75, #6565, .T. ) ;
#2299 = AXIS2_PLACEMENT_3D ( 'NONE', #4386, #6064, #21 ) ;
#2300 = CARTESIAN_POINT ( 'NONE',  ( 0.2352362204714993354, 0.2431879680263149268, 0.1963789611057866480 ) ) ;
#2301 = CARTESIAN_POINT ( 'NONE',  ( -0.6929133858260003720, 0.0000000000000000000, 0.0000000000000000000 ) ) ;
#2302 = DIRECTION ( 'NONE',  ( 0.0000000000000000000, 0.0000000000000000000, 1.000000000000000000 ) ) ;
#2303 = CYLINDRICAL_SURFACE ( 'NONE', #5061, 0.03188976377939998358 ) ;
#2304 = AXIS2_PLACEMENT_3D ( 'NONE', #5448, #4328, #4438 ) ;
#2305 = EDGE_LOOP ( 'NONE', ( #3744, #4049, #319, #6121 ) ) ;
#2306 = AXIS2_PLACEMENT_3D ( 'NONE', #3778, #2727, #5955 ) ;
#2307 = CARTESIAN_POINT ( 'NONE',  ( 0.6889763779499995522, -0.3285433070852992188, -0.3204724409435995014 ) ) ;
#2308 = ORIENTED_EDGE ( 'NONE', *, *, #6519, .F. ) ;
#2309 = CARTESIAN_POINT ( 'NONE',  ( -0.6929133858260003720, 1.319826729754073587E-17, -0.2185039370070001041 ) ) ;
#2310 = EDGE_CURVE ( 'NONE', #1531, #744, #3412, .T. ) ;
#2311 = EDGE_CURVE ( 'NONE', #5986, #3038, #2349, .T. ) ;
#2312 = LINE ( 'NONE', #664, #100 ) ;
#2313 = DIRECTION ( 'NONE',  ( -0.0000000000000000000, -1.000000000000000000, -0.0000000000000000000 ) ) ;
#2314 = FACE_OUTER_BOUND ( 'NONE', #6268, .T. ) ;
#2315 = ORIENTED_EDGE ( 'NONE', *, *, #2580, .F. ) ;
#2316 = ADVANCED_FACE ( 'NONE', ( #1263 ), #3943, .T. ) ;
#2317 = ADVANCED_FACE ( 'NONE', ( #238 ), #2872, .F. ) ;
#2318 = CARTESIAN_POINT ( 'NONE',  ( 0.8114173228314003339, 8.881784197001252323E-16, 4.439252989704427977E-16 ) ) ;
#2319 = DIRECTION ( 'NONE',  ( 0.0000000000000000000, 0.0000000000000000000, 1.000000000000000000 ) ) ;
#2320 = DIRECTION ( 'NONE',  ( 0.0000000000000000000, -1.000000000000000000, 0.0000000000000000000 ) ) ;
#2321 = ORIENTED_EDGE ( 'NONE', *, *, #3477, .T. ) ;
#2322 = ITEM_DEFINED_TRANSFORMATION ( 'NONE', 'NONE', #2615,  #1149 ) ;
#2323 = VERTEX_POINT ( 'NONE', #2389 ) ;
#2324 = CIRCLE ( 'NONE', #5960, 0.007874015748000031539 ) ;
#2325 = DIRECTION ( 'NONE',  ( 1.000000000000000000, -3.061515884555943146E-17, 3.061515884555943146E-17 ) ) ;
#2326 = ORIENTED_EDGE ( 'NONE', *, *, #2360, .T. ) ;
#2327 = LINE ( 'NONE', #3459, #3919 ) ;
#2328 = PRESENTATION_LAYER_ASSIGNMENT (  '', '', ( #878 ) ) ;
#2329 = CARTESIAN_POINT ( 'NONE',  ( 0.07972440947149994628, 0.2785433070854992366, 0.1610236220466032264 ) ) ;
#2330 = FACE_OUTER_BOUND ( 'NONE', #5965, .T. ) ;
#2331 = DIRECTION ( 'NONE',  ( -3.749151804555343599E-33, 1.000000000000000000, -6.123031769111886291E-17 ) ) ;
#2332 = ORIENTED_EDGE ( 'NONE', *, *, #5478, .F. ) ;
#2333 = ORIENTED_EDGE ( 'NONE', *, *, #3816, .T. ) ;
#2334 = LINE ( 'NONE', #3994, #2761 ) ;
#2335 = VECTOR ( 'NONE', #1289, 39.37007874015748143 ) ;
#2336 = DIRECTION ( 'NONE',  ( -1.000000000000000000, -6.123031769111886291E-17, 3.749151804555343599E-33 ) ) ;
#2337 = CARTESIAN_POINT ( 'NONE',  ( 0.2133858267707999523, 0.3582677165339997472, -0.2921259842507990534 ) ) ;
#2338 = DIRECTION ( 'NONE',  ( 1.000000000000000000, 0.0000000000000000000, 0.0000000000000000000 ) ) ;
#2339 = DIRECTION ( 'NONE',  ( 1.000000000000000000, 0.0000000000000000000, 0.0000000000000000000 ) ) ;
#2340 = ORIENTED_EDGE ( 'NONE', *, *, #3354, .F. ) ;
#2341 = ORIENTED_EDGE ( 'NONE', *, *, #4004, .T. ) ;
#2342 = PLANE ( 'NONE',  #5352 ) ;
#2343 = EDGE_LOOP ( 'NONE', ( #2776, #4512, #5473, #2995, #2758, #3952, #6192, #6713, #5085, #2977 ) ) ;
#2344 = LINE ( 'NONE', #1787, #3782 ) ;
#2345 = CIRCLE ( 'NONE', #4037, 0.007874015748000031539 ) ;
#2346 = PLANE ( 'NONE',  #4954 ) ;
#2347 = DIRECTION ( 'NONE',  ( 0.0000000000000000000, 1.000000000000000000, 0.0000000000000000000 ) ) ;
#2348 = CARTESIAN_POINT ( 'NONE',  ( -0.3901574803123589175, 0.0000000000000000000, 0.0000000000000000000 ) ) ;
#2349 = LINE ( 'NONE', #1724, #5636 ) ;
#2350 = EDGE_CURVE ( 'NONE', #3050, #3951, #1300, .T. ) ;
#2351 = AXIS2_PLACEMENT_3D ( 'NONE', #595, #2109, #458 ) ;
#2352 = EDGE_CURVE ( 'NONE', #4130, #6448, #6301, .T. ) ;
#2353 = ORIENTED_EDGE ( 'NONE', *, *, #3317, .F. ) ;
#2354 = ORIENTED_EDGE ( 'NONE', *, *, #5180, .T. ) ;
#2355 = VECTOR ( 'NONE', #1713, 39.37007874015748854 ) ;
#2356 = DIRECTION ( 'NONE',  ( 0.0000000000000000000, 1.000000000000000000, 0.0000000000000000000 ) ) ;
#2357 = CARTESIAN_POINT ( 'NONE',  ( 0.7175065665327347020, 0.3285433070852992188, -0.3118110236207991548 ) ) ;
#2358 = CARTESIAN_POINT ( 'NONE',  ( 0.0000000000000000000, 0.3285433070852992188, -0.3118110983511730439 ) ) ;
#2359 = ORIENTED_EDGE ( 'NONE', *, *, #6987, .T. ) ;
#2360 = EDGE_CURVE ( 'NONE', #4726, #701, #4541, .T. ) ;
#2361 = ORIENTED_EDGE ( 'NONE', *, *, #417, .T. ) ;
#2362 = EDGE_CURVE ( 'NONE', #4856, #146, #4011, .T. ) ;
#2363 = AXIS2_PLACEMENT_3D ( 'NONE', #510, #3219, #1536 ) ;
#2364 = ORIENTED_EDGE ( 'NONE', *, *, #3713, .T. ) ;
#2365 = CARTESIAN_POINT ( 'NONE',  ( 0.0000000000000000000, -0.3285433070852992188, -0.3204724409435995014 ) ) ;
#2366 = EDGE_LOOP ( 'NONE', ( #4001, #2582, #388, #2646 ) ) ;
#2367 = DIRECTION ( 'NONE',  ( 1.000000000000000000, 0.0000000000000000000, -0.0000000000000000000 ) ) ;
#2368 = CARTESIAN_POINT ( 'NONE',  ( 0.5974541065288656583, 0.3104330708652991433, -0.3118110796685796271 ) ) ;
#2369 = EDGE_CURVE ( 'NONE', #1042, #178, #4588, .T. ) ;
#2370 = CARTESIAN_POINT ( 'NONE',  ( 0.2501567777284592342, 0.2722930320583651920, 0.1172306448981628862 ) ) ;
#2371 = VERTEX_POINT ( 'NONE', #4972 ) ;
#2372 = ADVANCED_FACE ( 'NONE', ( #2314 ), #2276, .T. ) ;
#2373 = ADVANCED_FACE ( 'NONE', ( #697 ), #162, .T. ) ;
#2374 = ORIENTED_EDGE ( 'NONE', *, *, #1504, .F. ) ;
#2375 = FACE_BOUND ( 'NONE', #805, .T. ) ;
#2376 = CARTESIAN_POINT ( 'NONE',  ( 0.2352362204714993354, 0.04680900692053285850, 1.816260838008213680E-15 ) ) ;
#2377 = DIRECTION ( 'NONE',  ( -1.000000000000000000, -6.123031769111886291E-17, 3.749151804555343599E-33 ) ) ;
#2378 = PLANE ( 'NONE',  #1096 ) ;
#2379 = DIRECTION ( 'NONE',  ( -0.0000000000000000000, -0.0000000000000000000, -1.000000000000000000 ) ) ;
#2380 = ORIENTED_EDGE ( 'NONE', *, *, #3168, .T. ) ;
#2381 = VERTEX_POINT ( 'NONE', #837 ) ;
#2382 = DIRECTION ( 'NONE',  ( 0.0000000000000000000, 0.0000000000000000000, 1.000000000000000000 ) ) ;
#2383 = DIRECTION ( 'NONE',  ( 0.0000000000000000000, 1.000000000000000000, -6.123031769111886291E-17 ) ) ;
#2384 = PRESENTATION_LAYER_ASSIGNMENT (  '', '', ( #1610 ) ) ;
#2385 = FACE_OUTER_BOUND ( 'NONE', #6158, .T. ) ;
#2386 = CARTESIAN_POINT ( 'NONE',  ( 0.5797244094694997685, -0.3104330708648994075, 0.1610236220466032264 ) ) ;
#2387 = LINE ( 'NONE', #4401, #4604 ) ;
#2388 = CARTESIAN_POINT ( 'NONE',  ( -0.3901574803154005955, 0.0000000000000000000, 0.0000000000000000000 ) ) ;
#2389 = CARTESIAN_POINT ( 'NONE',  ( 0.2133858267707999523, 0.3385826771639992572, -0.3118110236207992103 ) ) ;
#2390 = ORIENTED_EDGE ( 'NONE', *, *, #2197, .T. ) ;
#2391 = EDGE_LOOP ( 'NONE', ( #4208, #6233, #6595, #3632 ) ) ;
#2392 = EDGE_CURVE ( 'NONE', #3777, #774, #6324, .T. ) ;
#2393 = EDGE_CURVE ( 'NONE', #2661, #507, #5509, .T. ) ;
#2394 = CARTESIAN_POINT ( 'NONE',  ( -0.7387937305823460976, 0.01470747800018219753, -0.2185039370070002429 ) ) ;
#2395 = DIRECTION ( 'NONE',  ( -0.9993908270190912102, -2.136907270362302723E-18, -0.03489949670263183673 ) ) ;
#2396 = ORIENTED_EDGE ( 'NONE', *, *, #2912, .T. ) ;
#2397 = ORIENTED_EDGE ( 'NONE', *, *, #7, .F. ) ;
#2398 = DIRECTION ( 'NONE',  ( 1.000000000000000000, 0.0000000000000000000, 0.0000000000000000000 ) ) ;
#2399 = ORIENTED_EDGE ( 'NONE', *, *, #6588, .T. ) ;
#2400 = DIRECTION ( 'NONE',  ( 2.651350529933675469E-17, -1.000000000000000000, 1.530757941963850550E-17 ) ) ;
#2401 =( CONVERSION_BASED_UNIT ( 'INCH', #255 ) LENGTH_UNIT ( ) NAMED_UNIT ( #5490 ) );
#2402 = ORIENTED_EDGE ( 'NONE', *, *, #2720, .F. ) ;
#2403 = ORIENTED_EDGE ( 'NONE', *, *, #1929, .F. ) ;
#2404 = DIRECTION ( 'NONE',  ( -0.0000000000000000000, -1.000000000000000000, -0.0000000000000000000 ) ) ;
#2405 = EDGE_CURVE ( 'NONE', #3879, #3946, #1899, .T. ) ;
#2406 = EDGE_CURVE ( 'NONE', #1884, #5879, #2974, .T. ) ;
#2407 = DIRECTION ( 'NONE',  ( -1.000000000000000000, 6.123031769111886291E-17, -3.749151804555343599E-33 ) ) ;
#2408 = FACE_OUTER_BOUND ( 'NONE', #489, .T. ) ;
#2409 = CARTESIAN_POINT ( 'NONE',  ( -8.881784197001252323E-16, 0.3104330708652991433, -0.3118110236207992103 ) ) ;
#2410 = VERTEX_POINT ( 'NONE', #1966 ) ;
#2411 = VECTOR ( 'NONE', #3965, 39.37007874015748143 ) ;
#2412 = DIRECTION ( 'NONE',  ( -0.0000000000000000000, -6.123031769111886291E-17, -1.000000000000000000 ) ) ;
#2413 = FACE_OUTER_BOUND ( 'NONE', #2890, .T. ) ;
#2414 = VECTOR ( 'NONE', #3567, 39.37007874015748143 ) ;
#2415 = DIRECTION ( 'NONE',  ( 0.0000000000000000000, 0.0000000000000000000, 1.000000000000000000 ) ) ;
#2416 = LINE ( 'NONE', #4505, #1618 ) ;
#2417 = DIRECTION ( 'NONE',  ( 0.0000000000000000000, 6.123031769111886291E-17, 1.000000000000000000 ) ) ;
#2418 = LINE ( 'NONE', #6711, #6390 ) ;
#2419 = ORIENTED_EDGE ( 'NONE', *, *, #6987, .F. ) ;
#2420 = VECTOR ( 'NONE', #4229, 39.37007874015748143 ) ;
#2421 = LINE ( 'NONE', #2004, #559 ) ;
#2422 = FACE_OUTER_BOUND ( 'NONE', #2660, .T. ) ;
#2423 = CARTESIAN_POINT ( 'NONE',  ( -0.7387937305823455425, 0.05049015921435574122, -0.2127141714032779463 ) ) ;
#2424 = CARTESIAN_POINT ( 'NONE',  ( 0.1574803149599999230, 0.3104330708652991433, -0.4543307086595991251 ) ) ;
#2425 = ORIENTED_EDGE ( 'NONE', *, *, #8, .T. ) ;
#2426 = ORIENTED_EDGE ( 'NONE', *, *, #6648, .T. ) ;
#2427 = VERTEX_POINT ( 'NONE', #5149 ) ;
#2428 = CYLINDRICAL_SURFACE ( 'NONE', #6949, 0.3070866141720003384 ) ;
#2429 = ORIENTED_EDGE ( 'NONE', *, *, #1842, .T. ) ;
#2430 = VERTEX_POINT ( 'NONE', #306 ) ;
#2431 = EDGE_LOOP ( 'NONE', ( #575, #4877, #6015, #6558 ) ) ;
#2432 = ADVANCED_FACE ( 'NONE', ( #5258 ), #348, .T. ) ;
#2433 = ADVANCED_FACE ( 'NONE', ( #2041 ), #6782, .T. ) ;
#2434 = ORIENTED_EDGE ( 'NONE', *, *, #5630, .F. ) ;
#2435 = ADVANCED_FACE ( 'NONE', ( #3083 ), #2561, .T. ) ;
#2436 = CARTESIAN_POINT ( 'NONE',  ( 0.2175065665347348798, 0.3285433070852992188, -0.3118110236207991548 ) ) ;
#2437 = AXIS2_PLACEMENT_3D ( 'NONE', #6452, #3750, #542 ) ;
#2438 = FACE_OUTER_BOUND ( 'NONE', #2099, .T. ) ;
#2439 = CARTESIAN_POINT ( 'NONE',  ( -0.7780295897547748751, 0.003712633842441590785, -0.1330887069010289747 ) ) ;
#2440 = CARTESIAN_POINT ( 'NONE',  ( 0.5550503714528958188, -0.1520444573138586830, 0.3965338261897101702 ) ) ;
#2441 = CARTESIAN_POINT ( 'NONE',  ( 0.7133858267687989141, -0.3582677165339996916, -0.09999999999959906238 ) ) ;
#2442 = EDGE_LOOP ( 'NONE', ( #1942, #525, #6258, #4974 ) ) ;
#2443 = ADVANCED_FACE ( 'NONE', ( #6248 ), #379, .T. ) ;
#2444 = ORIENTED_EDGE ( 'NONE', *, *, #854, .T. ) ;
#2445 = VECTOR ( 'NONE', #5552, 39.37007874015748143 ) ;
#2446 = CARTESIAN_POINT ( 'NONE',  ( -0.7387937305823458756, -0.1254757207119654439, 0.2185039370070001041 ) ) ;
#2447 = CARTESIAN_POINT ( 'NONE',  ( -0.6929133858260003720, 0.2518175308233049914, -0.008721132139859736135 ) ) ;
#2448 = CYLINDRICAL_SURFACE ( 'NONE', #5914, 0.03188976377939998358 ) ;
#2449 = DIRECTION ( 'NONE',  ( 1.000000000000000000, -0.0000000000000000000, -0.0000000000000000000 ) ) ;
#2450 = CIRCLE ( 'NONE', #202, 0.03188976377939998358 ) ;
#2451 = CIRCLE ( 'NONE', #2686, 0.03188976377939998358 ) ;
#2452 = DIRECTION ( 'NONE',  ( 0.0000000000000000000, 0.0000000000000000000, 1.000000000000000000 ) ) ;
#2453 = DIRECTION ( 'NONE',  ( 1.000000000000000000, 0.0000000000000000000, 0.0000000000000000000 ) ) ;
#2454 = AXIS2_PLACEMENT_3D ( 'NONE', #6609, #3872, #3343 ) ;
#2455 = ORIENTED_EDGE ( 'NONE', *, *, #4117, .F. ) ;
#2456 = LINE ( 'NONE', #6254, #2801 ) ;
#2457 = DIRECTION ( 'NONE',  ( -0.0000000000000000000, -1.000000000000000000, 6.123031769111886291E-17 ) ) ;
#2458 = SHAPE_REPRESENTATION ( 'Imported4', ( #1149 ), #1377 ) ;
#2459 = CARTESIAN_POINT ( 'NONE',  ( 0.7125058949105342876, 0.3285433070852992188, -0.3204724409435995014 ) ) ;
#2460 = CARTESIAN_POINT ( 'NONE',  ( 0.3838582677149998124, -0.3285433070852992188, -0.4543307086595991251 ) ) ;
#2461 = CIRCLE ( 'NONE', #6427, 0.1556775442173904955 ) ;
#2462 = ORIENTED_EDGE ( 'NONE', *, *, #5630, .T. ) ;
#2463 = ORIENTED_EDGE ( 'NONE', *, *, #5711, .T. ) ;
#2464 = ORIENTED_EDGE ( 'NONE', *, *, #5454, .F. ) ;
#2465 = DIRECTION ( 'NONE',  ( -6.123031769111881361E-17, 1.000000000000000000, 0.0000000000000000000 ) ) ;
#2466 = ORIENTED_EDGE ( 'NONE', *, *, #1849, .T. ) ;
#2467 = VECTOR ( 'NONE', #6666, 39.37007874015748143 ) ;
#2468 = VECTOR ( 'NONE', #5641, 39.37007874015748143 ) ;
#2469 = CARTESIAN_POINT ( 'NONE',  ( 0.0000000000000000000, -0.3104330708648994630, 4.850339715027985527E-16 ) ) ;
#2470 = ORIENTED_EDGE ( 'NONE', *, *, #4806, .F. ) ;
#2471 = FACE_OUTER_BOUND ( 'NONE', #1043, .T. ) ;
#2472 = AXIS2_PLACEMENT_3D ( 'NONE', #1957, #4529, #1852 ) ;
#2473 = ORIENTED_EDGE ( 'NONE', *, *, #1541, .F. ) ;
#2474 = ORIENTED_EDGE ( 'NONE', *, *, #2056, .T. ) ;
#2475 = CARTESIAN_POINT ( 'NONE',  ( 0.7907123311561808920, 0.2964566929122000039, 0.5929133858244003408 ) ) ;
#2476 = ADVANCED_FACE ( 'NONE', ( #6849 ), #1400, .F. ) ;
#2477 = DIRECTION ( 'NONE',  ( 1.000000000000000000, 0.0000000000000000000, 0.0000000000000000000 ) ) ;
#2478 = PRODUCT_DEFINITION_SHAPE ( 'NONE', 'NONE',  #1411 ) ;
#2479 = EDGE_CURVE ( 'NONE', #4405, #2506, #914, .T. ) ;
#2480 = DIRECTION ( 'NONE',  ( 0.0000000000000000000, 0.0000000000000000000, 1.000000000000000000 ) ) ;
#2481 = DIRECTION ( 'NONE',  ( 4.329637285359677707E-17, 0.7071067811865475727, -0.7071067811865475727 ) ) ;
#2482 = DIRECTION ( 'NONE',  ( -0.0000000000000000000, 1.000000000000000000, 0.0000000000000000000 ) ) ;
#2483 = EDGE_LOOP ( 'NONE', ( #4804, #831, #4600, #5811, #860, #4324, #3812, #2079, #3993 ) ) ;
#2484 = ORIENTED_EDGE ( 'NONE', *, *, #1059, .F. ) ;
#2485 = CARTESIAN_POINT ( 'NONE',  ( -0.3901574803154010951, 0.0000000000000000000, 0.0000000000000000000 ) ) ;
#2486 = CARTESIAN_POINT ( 'NONE',  ( 0.4074803149589998341, -0.3285433070852992188, -0.4543307086595991251 ) ) ;
#2487 = DIRECTION ( 'NONE',  ( -1.000000000000000000, -6.123031769111886291E-17, 3.749151804555343599E-33 ) ) ;
#2488 = EDGE_CURVE ( 'NONE', #4058, #4446, #6527, .T. ) ;
#2489 = CARTESIAN_POINT ( 'NONE',  ( 0.1811023622039993342, 0.3104330708652991433, -0.3720363413119387452 ) ) ;
#2490 = DIRECTION ( 'NONE',  ( 0.0000000000000000000, 0.0000000000000000000, -1.000000000000000000 ) ) ;
#2491 = DIRECTION ( 'NONE',  ( 3.749151804555343599E-33, 1.000000000000000000, -6.123031769111886291E-17 ) ) ;
#2492 = ORIENTED_EDGE ( 'NONE', *, *, #632, .F. ) ;
#2493 = ORIENTED_EDGE ( 'NONE', *, *, #1283, .T. ) ;
#2494 = CARTESIAN_POINT ( 'NONE',  ( -0.5944881889760003091, 0.0000000000000000000, -0.1874999999992503497 ) ) ;
#2495 = CARTESIAN_POINT ( 'NONE',  ( 0.5064154879611786342, 0.3285433070852992188, 0.2964566929122001149 ) ) ;
#2496 = EDGE_CURVE ( 'NONE', #4446, #4058, #5831, .T. ) ;
#2497 = DIRECTION ( 'NONE',  ( -0.0000000000000000000, -1.000000000000000000, 6.123031769111886291E-17 ) ) ;
#2498 = ADVANCED_FACE ( 'NONE', ( #980 ), #5694, .T. ) ;
#2499 = CARTESIAN_POINT ( 'NONE',  ( 0.7125058949105342876, 0.3104330708652991433, -0.3204724409435995014 ) ) ;
#2500 = ORIENTED_EDGE ( 'NONE', *, *, #3983, .T. ) ;
#2501 = ORIENTED_EDGE ( 'NONE', *, *, #2362, .F. ) ;
#2502 = DIRECTION ( 'NONE',  ( 0.0000000000000000000, 6.123031769111886291E-17, 1.000000000000000000 ) ) ;
#2503 = VERTEX_POINT ( 'NONE', #4575 ) ;
#2504 = CIRCLE ( 'NONE', #5690, 0.2519685039359994549 ) ;
#2505 = CARTESIAN_POINT ( 'NONE',  ( -0.5944881889760003091, 0.0000000000000000000, 0.0000000000000000000 ) ) ;
#2506 = VERTEX_POINT ( 'NONE', #3514 ) ;
#2507 = LINE ( 'NONE', #5644, #6308 ) ;
#2508 = AXIS2_PLACEMENT_3D ( 'NONE', #6420, #5437, #3192 ) ;
#2509 = VECTOR ( 'NONE', #3300, 39.37007874015748143 ) ;
#2510 = SURFACE_STYLE_USAGE ( .BOTH. , #5744 ) ;
#2511 = ORIENTED_EDGE ( 'NONE', *, *, #3008, .F. ) ;
#2512 = DIRECTION ( 'NONE',  ( 1.000000000000000000, 0.0000000000000000000, 0.0000000000000000000 ) ) ;
#2513 = CARTESIAN_POINT ( 'NONE',  ( 0.5974540849560648903, -0.3104330708652991433, -0.3118110423033926271 ) ) ;
#2514 = FACE_OUTER_BOUND ( 'NONE', #4620, .T. ) ;
#2515 = LINE ( 'NONE', #3646, #1662 ) ;
#2516 = CARTESIAN_POINT ( 'NONE',  ( 0.4311023622030001334, -0.3285433070852992188, -0.4543307086595991251 ) ) ;
#2517 = VERTEX_POINT ( 'NONE', #6748 ) ;
#2518 = EDGE_CURVE ( 'NONE', #4132, #957, #3158, .T. ) ;
#2519 = CARTESIAN_POINT ( 'NONE',  ( 0.8114173228314003339, -2.484167022948326589E-17, 4.440892098500626162E-16 ) ) ;
#2520 = EDGE_CURVE ( 'NONE', #5032, #6705, #4031, .T. ) ;
#2521 = DIRECTION ( 'NONE',  ( 0.0000000000000000000, 0.0000000000000000000, 1.000000000000000000 ) ) ;
#2522 = DIRECTION ( 'NONE',  ( 0.0000000000000000000, -6.123031769111886291E-17, -1.000000000000000000 ) ) ;
#2523 = DIRECTION ( 'NONE',  ( -0.03489949669735087356, 0.0000000000000000000, -0.9993908270192755072 ) ) ;
#2524 = CARTESIAN_POINT ( 'NONE',  ( 0.6574803149579997452, -0.3104330708652991433, -0.4543307086595991251 ) ) ;
#2525 = EDGE_CURVE ( 'NONE', #1980, #1213, #2633, .T. ) ;
#2526 = EDGE_CURVE ( 'NONE', #2692, #2001, #3726, .T. ) ;
#2527 = EDGE_CURVE ( 'NONE', #3775, #5822, #5440, .T. ) ;
#2528 = ORIENTED_EDGE ( 'NONE', *, *, #6875, .F. ) ;
#2529 = DIRECTION ( 'NONE',  ( 0.0000000000000000000, 1.000000000000000000, 0.0000000000000000000 ) ) ;
#2530 = CIRCLE ( 'NONE', #1404, 0.007874015748000031539 ) ;
#2531 = LINE ( 'NONE', #3553, #1570 ) ;
#2532 = VECTOR ( 'NONE', #1285, 39.37007874015748143 ) ;
#2533 = CARTESIAN_POINT ( 'NONE',  ( -0.7387937305823462086, 0.2178143826499626956, -0.02267206398223126779 ) ) ;
#2534 = FACE_OUTER_BOUND ( 'NONE', #2220, .T. ) ;
#2535 = ORIENTED_EDGE ( 'NONE', *, *, #5167, .F. ) ;
#2536 = CIRCLE ( 'NONE', #736, 0.3070866141720003384 ) ;
#2537 = EDGE_CURVE ( 'NONE', #1975, #5460, #6954, .T. ) ;
#2538 = ORIENTED_EDGE ( 'NONE', *, *, #915, .T. ) ;
#2539 = VECTOR ( 'NONE', #284, 39.37007874015748143 ) ;
#2540 = EDGE_CURVE ( 'NONE', #3777, #3318, #2779, .T. ) ;
#2541 = CARTESIAN_POINT ( 'NONE',  ( 0.4960629921252364127, 0.3582677165339997472, 4.440892098500626162E-16 ) ) ;
#2542 = VERTEX_POINT ( 'NONE', #5905 ) ;
#2543 = CARTESIAN_POINT ( 'NONE',  ( 0.3474541065298666354, -0.3385826771640010335, -0.3118110236207991548 ) ) ;
#2544 = AXIS2_PLACEMENT_3D ( 'NONE', #4265, #6439, #1962 ) ;
#2545 = VERTEX_POINT ( 'NONE', #589 ) ;
#2546 = CARTESIAN_POINT ( 'NONE',  ( 0.3148038521911556975, -0.2722930320583651920, 0.1172306448981628724 ) ) ;
#2547 = ORIENTED_EDGE ( 'NONE', *, *, #6690, .T. ) ;
#2548 = VERTEX_POINT ( 'NONE', #3296 ) ;
#2549 = ADVANCED_FACE ( 'NONE', ( #5370 ), #521, .F. ) ;
#2550 = DIRECTION ( 'NONE',  ( -6.123031769111885058E-17, -1.000000000000000000, 0.0000000000000000000 ) ) ;
#2551 = ORIENTED_EDGE ( 'NONE', *, *, #3386, .F. ) ;
#2552 = CARTESIAN_POINT ( 'NONE',  ( -0.1181102362200006084, 0.3461256263398446720, 4.440892098500626162E-16 ) ) ;
#2553 = DIRECTION ( 'NONE',  ( 0.0000000000000000000, 0.0000000000000000000, -1.000000000000000000 ) ) ;
#2554 = LINE ( 'NONE', #2358, #5536 ) ;
#2555 = DIRECTION ( 'NONE',  ( 0.0000000000000000000, 1.000000000000000000, 0.0000000000000000000 ) ) ;
#2556 = LINE ( 'NONE', #5214, #773 ) ;
#2557 = CARTESIAN_POINT ( 'NONE',  ( -0.7387937305823460976, 0.2184121092834318545, 0.006334114454365347494 ) ) ;
#2558 = PLANE ( 'NONE',  #3523 ) ;
#2559 = DIRECTION ( 'NONE',  ( 1.000000000000000000, 3.061515884555970879E-17, 3.061515884555943146E-17 ) ) ;
#2560 = DIRECTION ( 'NONE',  ( 1.000000000000000000, 0.0000000000000000000, 0.0000000000000000000 ) ) ;
#2561 = CYLINDRICAL_SURFACE ( 'NONE', #4707, 0.01968503937000001119 ) ;
#2562 = VECTOR ( 'NONE', #1129, 39.37007874015748143 ) ;
#2563 = EDGE_LOOP ( 'NONE', ( #2873, #1493, #3086, #2158, #5717, #6367, #5015, #309, #1112, #711 ) ) ;
#2564 = ORIENTED_EDGE ( 'NONE', *, *, #4784, .T. ) ;
#2565 = AXIS2_PLACEMENT_3D ( 'NONE', #4472, #2491, #4047 ) ;
#2566 = CARTESIAN_POINT ( 'NONE',  ( 0.0000000000000000000, 0.2964566929121996708, 4.478739184632387100E-16 ) ) ;
#2567 = DIRECTION ( 'NONE',  ( 6.123031769111886291E-17, -1.000000000000000000, 0.0000000000000000000 ) ) ;
#2568 = CARTESIAN_POINT ( 'NONE',  ( -0.7387937305823458756, 0.1917901510418709987, -0.1057164002308513123 ) ) ;
#2569 = EDGE_CURVE ( 'NONE', #4149, #5520, #4290, .T. ) ;
#2570 = CARTESIAN_POINT ( 'NONE',  ( 0.07972440947149996016, 0.2785433070854992366, 0.1610236220466032264 ) ) ;
#2571 = EDGE_CURVE ( 'NONE', #3464, #3382, #3826, .T. ) ;
#2572 = VECTOR ( 'NONE', #4378, 39.37007874015748143 ) ;
#2573 = DIRECTION ( 'NONE',  ( 0.0000000000000000000, 0.0000000000000000000, 1.000000000000000000 ) ) ;
#2574 = AXIS2_PLACEMENT_3D ( 'NONE', #5071, #6173, #3328 ) ;
#2575 = ORIENTED_EDGE ( 'NONE', *, *, #3905, .T. ) ;
#2576 = LINE ( 'NONE', #2014, #3882 ) ;
#2577 = ORIENTED_EDGE ( 'NONE', *, *, #6519, .T. ) ;
#2578 = AXIS2_PLACEMENT_3D ( 'NONE', #4326, #2213, #5874 ) ;
#2579 = LINE ( 'NONE', #4729, #5750 ) ;
#2580 = EDGE_CURVE ( 'NONE', #6426, #2178, #4824, .T. ) ;
#2581 = ADVANCED_FACE ( 'NONE', ( #6992 ), #2143, .F. ) ;
#2582 = ORIENTED_EDGE ( 'NONE', *, *, #2310, .T. ) ;
#2583 = DIRECTION ( 'NONE',  ( -4.329637285359697429E-17, 0.7071067811865507924, 0.7071067811865443531 ) ) ;
#2584 = VECTOR ( 'NONE', #2635, 39.37007874015748143 ) ;
#2585 = CARTESIAN_POINT ( 'NONE',  ( 0.8010648269937901134, 0.3285433070852992188, 0.2964566929122001149 ) ) ;
#2586 = CARTESIAN_POINT ( 'NONE',  ( -0.5198818897637003111, 0.0000000000000000000, 0.0000000000000000000 ) ) ;
#2587 = DIRECTION ( 'NONE',  ( -3.749151804555343599E-33, 1.000000000000000000, -6.123031769111886291E-17 ) ) ;
#2588 = ADVANCED_FACE ( 'NONE', ( #2176 ), #2710, .T. ) ;
#2589 = DIRECTION ( 'NONE',  ( 0.0000000000000000000, -1.000000000000000000, 6.123031769111886291E-17 ) ) ;
#2590 = EDGE_CURVE ( 'NONE', #5460, #6426, #1651, .T. ) ;
#2591 = CARTESIAN_POINT ( 'NONE',  ( 0.4074803293998270348, -0.3104330708652991433, -0.3720363413119387452 ) ) ;
#2592 = DIRECTION ( 'NONE',  ( 0.0000000000000000000, 0.0000000000000000000, -1.000000000000000000 ) ) ;
#2593 = EDGE_CURVE ( 'NONE', #356, #3773, #1017, .T. ) ;
#2594 = VERTEX_POINT ( 'NONE', #1219 ) ;
#2595 = DIRECTION ( 'NONE',  ( 0.0000000000000000000, 0.0000000000000000000, 1.000000000000000000 ) ) ;
#2596 = DIRECTION ( 'NONE',  ( 0.0000000000000000000, -0.7071067811865443531, -0.7071067811865507924 ) ) ;
#2597 = CARTESIAN_POINT ( 'NONE',  ( 0.1015748031491998660, -0.3582677165339996916, -0.09999999999959906238 ) ) ;
#2598 = CARTESIAN_POINT ( 'NONE',  ( -0.5198818897637003111, 0.0000000000000000000, -0.1874999999992503497 ) ) ;
#2599 = CARTESIAN_POINT ( 'NONE',  ( 0.3515748031481988889, -0.3285433070852992188, -0.3118110236207991548 ) ) ;
#2600 = ORIENTED_EDGE ( 'NONE', *, *, #3625, .F. ) ;
#2601 = DIRECTION ( 'NONE',  ( 0.0000000000000000000, 6.123031769111886291E-17, 1.000000000000000000 ) ) ;
#2602 = LINE ( 'NONE', #562, #208 ) ;
#2603 = CYLINDRICAL_SURFACE ( 'NONE', #2194, 0.1659448819000000075 ) ;
#2604 = DIRECTION ( 'NONE',  ( 0.0000000000000000000, 0.0000000000000000000, 1.000000000000000000 ) ) ;
#2605 = ORIENTED_EDGE ( 'NONE', *, *, #5571, .F. ) ;
#2606 = DIRECTION ( 'NONE',  ( 1.000000000000000000, 3.749151804555343599E-33, -2.295617560651552647E-49 ) ) ;
#2607 = ADVANCED_FACE ( 'NONE', ( #2795 ), #4993, .T. ) ;
#2608 = ORIENTED_EDGE ( 'NONE', *, *, #2580, .T. ) ;
#2609 = ADVANCED_FACE ( 'NONE', ( #4391 ), #91, .T. ) ;
#2610 =( GEOMETRIC_REPRESENTATION_CONTEXT ( 3 ) GLOBAL_UNCERTAINTY_ASSIGNED_CONTEXT ( ( #3120 ) ) GLOBAL_UNIT_ASSIGNED_CONTEXT ( ( #2401, #5781, #5131 ) ) REPRESENTATION_CONTEXT ( 'NONE', 'WORKASPACE' ) );
#2611 = DIRECTION ( 'NONE',  ( 0.0000000000000000000, 1.000000000000000000, 0.0000000000000000000 ) ) ;
#2612 = ORIENTED_EDGE ( 'NONE', *, *, #2947, .T. ) ;
#2613 = DIRECTION ( 'NONE',  ( 6.123031769111886291E-17, -1.000000000000000000, 0.0000000000000000000 ) ) ;
#2614 =( CONVERSION_BASED_UNIT ( 'INCH', #4844 ) LENGTH_UNIT ( ) NAMED_UNIT ( #200 ) );
#2615 = AXIS2_PLACEMENT_3D ( 'NONE', #5277, #6472, #5887 ) ;
#2616 = ORIENTED_EDGE ( 'NONE', *, *, #5537, .F. ) ;
#2617 = DIRECTION ( 'NONE',  ( 1.000000000000000000, 6.123031769111886291E-17, -3.749151804555343599E-33 ) ) ;
#2618 = EDGE_LOOP ( 'NONE', ( #3188, #1032, #4995, #3851, #2772 ) ) ;
#2619 = EDGE_CURVE ( 'NONE', #1303, #173, #4461, .T. ) ;
#2620 = LINE ( 'NONE', #6642, #6377 ) ;
#2621 = DIRECTION ( 'NONE',  ( 0.0000000000000000000, -1.000000000000000000, 0.0000000000000000000 ) ) ;
#2622 = DIRECTION ( 'NONE',  ( 0.0000000000000000000, -1.000000000000000000, 6.123031769111886291E-17 ) ) ;
#2623 = CARTESIAN_POINT ( 'NONE',  ( 0.5797244094694997685, 0.2431879680263149268, 0.1963789611057866480 ) ) ;
#2624 = ORIENTED_EDGE ( 'NONE', *, *, #2870, .T. ) ;
#2625 = ORIENTED_EDGE ( 'NONE', *, *, #5951, .T. ) ;
#2626 = LINE ( 'NONE', #451, #1167 ) ;
#2627 = AXIS2_PLACEMENT_3D ( 'NONE', #6321, #2487, #3119 ) ;
#2628 = ADVANCED_FACE ( 'NONE', ( #6556 ), #2303, .F. ) ;
#2629 = EDGE_CURVE ( 'NONE', #4856, #6265, #6109, .T. ) ;
#2630 = CARTESIAN_POINT ( 'NONE',  ( 0.1015748031491998660, 0.3385826771639992572, -0.3118110236207992103 ) ) ;
#2631 = CARTESIAN_POINT ( 'NONE',  ( 0.0000000000000000000, 0.3285433070852992188, -0.3204724409435995014 ) ) ;
#2632 = CARTESIAN_POINT ( 'NONE',  ( 0.5001567713526080539, 0.2722930320583651920, 0.1172304988566748030 ) ) ;
#2633 = LINE ( 'NONE', #3266, #1444 ) ;
#2634 = ORIENTED_EDGE ( 'NONE', *, *, #1464, .F. ) ;
#2635 = DIRECTION ( 'NONE',  ( 0.0000000000000000000, 6.123031769111886291E-17, 1.000000000000000000 ) ) ;
#2636 = LINE ( 'NONE', #3128, #5984 ) ;
#2637 = CARTESIAN_POINT ( 'NONE',  ( -0.7387937305823457645, 0.2188338106528181504, -0.008206937217311433691 ) ) ;
#2638 = LINE ( 'NONE', #4365, #992 ) ;
#2639 = ORIENTED_EDGE ( 'NONE', *, *, #909, .F. ) ;
#2640 = AXIS2_PLACEMENT_3D ( 'NONE', #935, #969, #6274 ) ;
#2641 = DIRECTION ( 'NONE',  ( 1.000000000000000000, -0.0000000000000000000, -0.0000000000000000000 ) ) ;
#2642 = ORIENTED_EDGE ( 'NONE', *, *, #5366, .F. ) ;
#2643 = VECTOR ( 'NONE', #6234, 39.37007874015748854 ) ;
#2644 = DIRECTION ( 'NONE',  ( 1.000000000000000000, -6.123031769111886291E-17, 3.749151804555343599E-33 ) ) ;
#2645 = VECTOR ( 'NONE', #5510, 39.37007874015748143 ) ;
#2646 = ORIENTED_EDGE ( 'NONE', *, *, #6428, .T. ) ;
#2647 = DIRECTION ( 'NONE',  ( 0.0000000000000000000, 1.000000000000000000, 0.0000000000000000000 ) ) ;
#2648 = PRESENTATION_STYLE_ASSIGNMENT (( #1062 ) ) ;
#2649 = ORIENTED_EDGE ( 'NONE', *, *, #2814, .F. ) ;
#2650 = ORIENTED_EDGE ( 'NONE', *, *, #6425, .T. ) ;
#2651 = CARTESIAN_POINT ( 'NONE',  ( -0.6929133858260003720, 0.2519685039360020085, -2.630673927256098152E-49 ) ) ;
#2652 = ORIENTED_EDGE ( 'NONE', *, *, #6249, .F. ) ;
#2653 = CARTESIAN_POINT ( 'NONE',  ( -0.7387937305823463197, -0.04781409695976984037, 0.2145784383699883557 ) ) ;
#2654 = CARTESIAN_POINT ( 'NONE',  ( 0.05984251968459908949, 1.906500062255488377E-17, 0.1556775442178812696 ) ) ;
#2655 = CARTESIAN_POINT ( 'NONE',  ( -0.7387937305823458756, 0.2519685039360020085, -2.630673927256098152E-49 ) ) ;
#2656 = LINE ( 'NONE', #4316, #6749 ) ;
#2657 = ADVANCED_FACE ( 'NONE', ( #3364 ), #6668, .F. ) ;
#2658 = CARTESIAN_POINT ( 'NONE',  ( 0.2352362204714992522, -0.2273686271854815366, 0.1038228542632961826 ) ) ;
#2659 = ADVANCED_FACE ( 'NONE', ( #2769 ), #3935, .T. ) ;
#2660 = EDGE_LOOP ( 'NONE', ( #2850, #80, #2015, #812, #2983, #6168, #6919, #1189, #6791, #1455 ) ) ;
#2661 = VERTEX_POINT ( 'NONE', #5580 ) ;
#2662 = DIRECTION ( 'NONE',  ( 0.0000000000000000000, -1.000000000000000000, 6.123031769111886291E-17 ) ) ;
#2663 = AXIS2_PLACEMENT_3D ( 'NONE', #5369, #6991, #5501 ) ;
#2664 = CARTESIAN_POINT ( 'NONE',  ( -0.6929133858260003720, 0.1334614873917823741, 0.2137198127430401939 ) ) ;
#2665 = CYLINDRICAL_SURFACE ( 'NONE', #4048, 0.2519685039360020085 ) ;
#2666 = DIRECTION ( 'NONE',  ( 0.0000000000000000000, -1.000000000000000000, 0.0000000000000000000 ) ) ;
#2667 = CARTESIAN_POINT ( 'NONE',  ( 0.5797244094694997685, -0.3285433070852992188, 0.1610236220466032264 ) ) ;
#2668 = EDGE_LOOP ( 'NONE', ( #5457, #6630, #4285, #886, #2262, #5975, #3115, #4167, #4587, #1934, #6016, #2200, #6468, #2639, #4911, #5948 ) ) ;
#2669 = ADVANCED_FACE ( 'NONE', ( #5502 ), #1743, .F. ) ;
#2670 = AXIS2_PLACEMENT_3D ( 'NONE', #3320, #5493, #646 ) ;
#2671 = EDGE_LOOP ( 'NONE', ( #3003, #1826, #4028, #4368, #5860, #817, #4235, #1774, #6251, #2624, #2810, #106 ) ) ;
#2672 = ADVANCED_BREP_SHAPE_REPRESENTATION ( '', ( #6689, #1149 ), #1377 ) ;
#2673 = DIRECTION ( 'NONE',  ( 0.0000000000000000000, 1.000000000000000000, -6.123031769111886291E-17 ) ) ;
#2674 = AXIS2_PLACEMENT_3D ( 'NONE', #2249, #2152, #598 ) ;
#2675 = CARTESIAN_POINT ( 'NONE',  ( -0.7387937305823458756, 0.1466725848329148707, -0.1626091295033778028 ) ) ;
#2676 = CARTESIAN_POINT ( 'NONE',  ( -0.6279527559050004371, 0.0000000000000000000, -0.3070866141720003384 ) ) ;
#2677 = EDGE_CURVE ( 'NONE', #6326, #356, #722, .T. ) ;
#2678 = ADVANCED_FACE ( 'NONE', ( #5542 ), #2828, .T. ) ;
#2679 = EDGE_CURVE ( 'NONE', #6973, #308, #760, .T. ) ;
#2680 = VERTEX_POINT ( 'NONE', #4532 ) ;
#2681 = AXIS2_PLACEMENT_3D ( 'NONE', #6593, #3435, #3968 ) ;
#2682 = FACE_OUTER_BOUND ( 'NONE', #4662, .T. ) ;
#2683 = EDGE_LOOP ( 'NONE', ( #850, #6279, #2187, #4670 ) ) ;
#2684 = CARTESIAN_POINT ( 'NONE',  ( 0.4311023622030001334, -0.3104330708652991433, -0.3720363413119387452 ) ) ;
#2685 = CIRCLE ( 'NONE', #6307, 0.2519685039360020085 ) ;
#2686 = AXIS2_PLACEMENT_3D ( 'NONE', #3471, #1890, #1993 ) ;
#2687 = EDGE_LOOP ( 'NONE', ( #6647, #2874, #6798, #6577 ) ) ;
#2688 = CARTESIAN_POINT ( 'NONE',  ( 0.3297244094704998019, -0.2273686271854815366, 2.663551793822656786E-15 ) ) ;
#2689 = EDGE_LOOP ( 'NONE', ( #2492, #929 ) ) ;
#2690 = ORIENTED_EDGE ( 'NONE', *, *, #4032, .F. ) ;
#2691 = FACE_OUTER_BOUND ( 'NONE', #2391, .T. ) ;
#2692 = VERTEX_POINT ( 'NONE', #152 ) ;
#2693 = AXIS2_PLACEMENT_3D ( 'NONE', #2944, #5556, #4545 ) ;
#2694 = DIRECTION ( 'NONE',  ( -6.123031769111881361E-17, -1.000000000000000000, 0.0000000000000000000 ) ) ;
#2695 = DIRECTION ( 'NONE',  ( 0.03489949670263183673, -0.0000000000000000000, -0.9993908270190912102 ) ) ;
#2696 = FACE_OUTER_BOUND ( 'NONE', #4291, .T. ) ;
#2697 = DIRECTION ( 'NONE',  ( 0.4999999999487850788, 0.0000000000000000000, 0.8660254038140076105 ) ) ;
#2698 = DIRECTION ( 'NONE',  ( -0.4999999999486984259, 0.0000000000000000000, 0.8660254038140575705 ) ) ;
#2699 = VECTOR ( 'NONE', #2939, 39.37007874015748854 ) ;
#2700 = VERTEX_POINT ( 'NONE', #1780 ) ;
#2701 = VECTOR ( 'NONE', #5474, 39.37007874015748143 ) ;
#2702 = CARTESIAN_POINT ( 'NONE',  ( 0.4625058949115352647, -0.3104330708652991433, -0.3204724409435995014 ) ) ;
#2703 = EDGE_CURVE ( 'NONE', #744, #6963, #1253, .T. ) ;
#2704 = EDGE_CURVE ( 'NONE', #2680, #1204, #6704, .T. ) ;
#2705 = VECTOR ( 'NONE', #58, 39.37007874015748143 ) ;
#2706 = AXIS2_PLACEMENT_3D ( 'NONE', #1385, #5708, #958 ) ;
#2707 = CARTESIAN_POINT ( 'NONE',  ( 0.8114173228314003339, 0.3285433070852992188, 4.440892098500626162E-16 ) ) ;
#2708 = CARTESIAN_POINT ( 'NONE',  ( -0.7387937305823460976, 0.2180060848512568594, 0.02033459601986272250 ) ) ;
#2709 = CARTESIAN_POINT ( 'NONE',  ( 0.2352362204714992522, 0.3104330708648994630, 0.1610236220466032264 ) ) ;
#2710 = CYLINDRICAL_SURFACE ( 'NONE', #3004, 0.02362204724400002870 ) ;
#2711 = ORIENTED_EDGE ( 'NONE', *, *, #6770, .T. ) ;
#2712 = ORIENTED_EDGE ( 'NONE', *, *, #1803, .F. ) ;
#2713 = ADVANCED_FACE ( 'NONE', ( #6069 ), #623, .T. ) ;
#2714 = DIRECTION ( 'NONE',  ( 1.000000000000000000, 0.0000000000000000000, 0.0000000000000000000 ) ) ;
#2715 = CARTESIAN_POINT ( 'NONE',  ( 0.7133858267687989141, 0.3285433070852991633, -0.09999999999959907626 ) ) ;
#2716 = DIRECTION ( 'NONE',  ( -1.000000000000000000, -6.123031769111886291E-17, 3.749151804555343599E-33 ) ) ;
#2717 = CARTESIAN_POINT ( 'NONE',  ( 0.4074803293998270348, 0.3104330708652991433, -0.3204724409435990573 ) ) ;
#2718 = ORIENTED_EDGE ( 'NONE', *, *, #981, .T. ) ;
#2719 = ORIENTED_EDGE ( 'NONE', *, *, #2369, .F. ) ;
#2720 = EDGE_CURVE ( 'NONE', #108, #6074, #1470, .T. ) ;
#2721 = ADVANCED_FACE ( 'NONE', ( #3573 ), #868, .T. ) ;
#2722 = FACE_OUTER_BOUND ( 'NONE', #2431, .T. ) ;
#2723 = EDGE_LOOP ( 'NONE', ( #5918, #6339, #3556, #2838 ) ) ;
#2724 = DIRECTION ( 'NONE',  ( 0.0000000000000000000, 0.0000000000000000000, 1.000000000000000000 ) ) ;
#2725 = ORIENTED_EDGE ( 'NONE', *, *, #6512, .T. ) ;
#2726 = VERTEX_POINT ( 'NONE', #2441 ) ;
#2727 = DIRECTION ( 'NONE',  ( -1.000000000000000000, 0.0000000000000000000, 0.0000000000000000000 ) ) ;
#2728 = VERTEX_POINT ( 'NONE', #4137 ) ;
#2729 = DIRECTION ( 'NONE',  ( 0.0000000000000000000, 0.0000000000000000000, 1.000000000000000000 ) ) ;
#2730 = CARTESIAN_POINT ( 'NONE',  ( 0.04819264611997639558, 0.2964566929122000594, 0.5929133858244003408 ) ) ;
#2731 = CARTESIAN_POINT ( 'NONE',  ( 0.4852362204704991910, 0.3285433070852992188, 0.1610236220466032264 ) ) ;
#2732 = CARTESIAN_POINT ( 'NONE',  ( 0.7133858267687989141, -0.3285433070852992188, -0.09999999999959907626 ) ) ;
#2733 =( GEOMETRIC_REPRESENTATION_CONTEXT ( 3 ) GLOBAL_UNCERTAINTY_ASSIGNED_CONTEXT ( ( #4822 ) ) GLOBAL_UNIT_ASSIGNED_CONTEXT ( ( #6267, #2959, #1883 ) ) REPRESENTATION_CONTEXT ( 'NONE', 'WORKASPACE' ) );
#2734 = ORIENTED_EDGE ( 'NONE', *, *, #5625, .T. ) ;
#2735 = CARTESIAN_POINT ( 'NONE',  ( 0.7175065449599337120, 0.3104330708652991433, -0.3118110609859858773 ) ) ;
#2736 = LINE ( 'NONE', #4889, #4197 ) ;
#2737 = DIRECTION ( 'NONE',  ( 1.000000000000000000, 6.123031769111886291E-17, -3.749151804555343599E-33 ) ) ;
#2738 = CARTESIAN_POINT ( 'NONE',  ( 0.2352362204714992522, 0.2785433070854992366, 0.1929133858260032308 ) ) ;
#2739 = CARTESIAN_POINT ( 'NONE',  ( 0.4389763779509996411, -0.3285433070852992188, -0.3283464566915989535 ) ) ;
#2740 = ORIENTED_EDGE ( 'NONE', *, *, #2814, .T. ) ;
#2741 = EDGE_CURVE ( 'NONE', #121, #2961, #2451, .T. ) ;
#2742 = VECTOR ( 'NONE', #1437, 39.37007874015748143 ) ;
#2743 = DIRECTION ( 'NONE',  ( 0.0000000000000000000, 0.0000000000000000000, -1.000000000000000000 ) ) ;
#2744 = VERTEX_POINT ( 'NONE', #5177 ) ;
#2745 = DIRECTION ( 'NONE',  ( -1.000000000000000000, -0.0000000000000000000, -0.0000000000000000000 ) ) ;
#2746 = CARTESIAN_POINT ( 'NONE',  ( 0.2352362204714992522, 0.2785433070854992366, 0.1610236220466032264 ) ) ;
#2747 = CARTESIAN_POINT ( 'NONE',  ( 0.7352362204694999903, -0.2273686271854815366, 0.1038228542632961826 ) ) ;
#2748 = ADVANCED_FACE ( 'NONE', ( #1362 ), #338, .T. ) ;
#2749 = EDGE_CURVE ( 'NONE', #774, #4357, #3612, .T. ) ;
#2750 = EDGE_LOOP ( 'NONE', ( #3607, #3276, #4796, #2831, #2942 ) ) ;
#2751 = VERTEX_POINT ( 'NONE', #4634 ) ;
#2752 = PLANE ( 'NONE',  #1788 ) ;
#2753 = ORIENTED_EDGE ( 'NONE', *, *, #5976, .T. ) ;
#2754 = ORIENTED_EDGE ( 'NONE', *, *, #6038, .T. ) ;
#2755 = AXIS2_PLACEMENT_3D ( 'NONE', #6477, #5428, #5927 ) ;
#2756 = AXIS2_PLACEMENT_3D ( 'NONE', #4888, #4921, #84 ) ;
#2757 = LINE ( 'NONE', #6023, #2765 ) ;
#2758 = ORIENTED_EDGE ( 'NONE', *, *, #2393, .F. ) ;
#2759 = CARTESIAN_POINT ( 'NONE',  ( 0.4311023622030001334, 0.3285433070852992188, -0.3283464566915989535 ) ) ;
#2760 = VECTOR ( 'NONE', #4574, 39.37007874015748143 ) ;
#2761 = VECTOR ( 'NONE', #718, 39.37007874015748854 ) ;
#2762 = CARTESIAN_POINT ( 'NONE',  ( 0.1811023622040000003, -0.3285433070852992188, -0.3283464566915989535 ) ) ;
#2763 = ORIENTED_EDGE ( 'NONE', *, *, #5453, .T. ) ;
#2764 = FACE_OUTER_BOUND ( 'NONE', #264, .T. ) ;
#2765 = VECTOR ( 'NONE', #1170, 39.37007874015748854 ) ;
#2766 = CARTESIAN_POINT ( 'NONE',  ( 0.3188976377939995999, 0.2722931892469100390, 4.440934048144388746E-16 ) ) ;
#2767 = LINE ( 'NONE', #1251, #4273 ) ;
#2768 = DIRECTION ( 'NONE',  ( 1.000000000000000000, 0.0000000000000000000, -0.0000000000000000000 ) ) ;
#2769 = FACE_OUTER_BOUND ( 'NONE', #5116, .T. ) ;
#2770 = ORIENTED_EDGE ( 'NONE', *, *, #3827, .F. ) ;
#2771 = DIRECTION ( 'NONE',  ( 0.0000000000000000000, 1.000000000000000000, 0.0000000000000000000 ) ) ;
#2772 = ORIENTED_EDGE ( 'NONE', *, *, #4554, .F. ) ;
#2773 = CARTESIAN_POINT ( 'NONE',  ( -1.815213748867246283E-17, -0.2964566929121999483, 4.541114557476928495E-16 ) ) ;
#2774 = CARTESIAN_POINT ( 'NONE',  ( 0.4074803149589998341, 0.3285433070852992188, -0.4543307086595991251 ) ) ;
#2775 = CARTESIAN_POINT ( 'NONE',  ( -0.7387937305823458756, -1.404634042604545148E-18, 8.600618866843687843E-35 ) ) ;
#2776 = ORIENTED_EDGE ( 'NONE', *, *, #4873, .F. ) ;
#2777 = ORIENTED_EDGE ( 'NONE', *, *, #4300, .F. ) ;
#2778 = EDGE_CURVE ( 'NONE', #6617, #108, #1923, .T. ) ;
#2779 = CIRCLE ( 'NONE', #4254, 0.007874015748000031539 ) ;
#2780 = DIRECTION ( 'NONE',  ( 0.0000000000000000000, -6.123031769111886291E-17, -1.000000000000000000 ) ) ;
#2781 = VERTEX_POINT ( 'NONE', #5755 ) ;
#2782 = CARTESIAN_POINT ( 'NONE',  ( -8.881784197001252323E-16, -0.3385826771640010335, -0.3118110236207991548 ) ) ;
#2783 = VECTOR ( 'NONE', #3230, 39.37007874015748143 ) ;
#2784 = LINE ( 'NONE', #2168, #3909 ) ;
#2785 = CARTESIAN_POINT ( 'NONE',  ( 0.6259842519659999382, 0.3285433070852992188, -0.3204724409435992794 ) ) ;
#2786 = VECTOR ( 'NONE', #2119, 39.37007874015748143 ) ;
#2787 = EDGE_LOOP ( 'NONE', ( #5384, #2535, #3895, #5396 ) ) ;
#2788 = FACE_BOUND ( 'NONE', #2305, .T. ) ;
#2789 = EDGE_CURVE ( 'NONE', #5022, #1730, #907, .T. ) ;
#2790 = EDGE_CURVE ( 'NONE', #995, #5022, #2556, .T. ) ;
#2791 = CARTESIAN_POINT ( 'NONE',  ( -0.6279527559050004371, 3.760726391067384773E-17, 0.3070866141720003384 ) ) ;
#2792 = CIRCLE ( 'NONE', #5987, 0.01968503937000001119 ) ;
#2793 = AXIS2_PLACEMENT_3D ( 'NONE', #6939, #6908, #4232 ) ;
#2794 = CARTESIAN_POINT ( 'NONE',  ( 0.0000000000000000000, -0.2964566929121996708, 4.841781934405835494E-16 ) ) ;
#2795 = FACE_OUTER_BOUND ( 'NONE', #3735, .T. ) ;
#2796 = ORIENTED_EDGE ( 'NONE', *, *, #5665, .T. ) ;
#2797 = CARTESIAN_POINT ( 'NONE',  ( -0.1181102362200006084, 2.651794250172846949E-17, 0.2165354330750000056 ) ) ;
#2798 = VECTOR ( 'NONE', #6989, 39.37007874015748143 ) ;
#2799 = ORIENTED_EDGE ( 'NONE', *, *, #4292, .F. ) ;
#2800 = CARTESIAN_POINT ( 'NONE',  ( 0.0000000000000000000, -0.3285433070852992188, -0.3118110236207991548 ) ) ;
#2801 = VECTOR ( 'NONE', #3627, 39.37007874015748143 ) ;
#2802 = APPLICATION_CONTEXT ( 'automotive_design' ) ;
#2803 = CARTESIAN_POINT ( 'NONE',  ( 0.1889763779519997300, 0.3285433070852992188, -0.3204724409435995014 ) ) ;
#2804 = CARTESIAN_POINT ( 'NONE',  ( 0.1338582677159997902, -0.3285433070852992188, -0.4543307086595991251 ) ) ;
#2805 = DIRECTION ( 'NONE',  ( 0.0000000000000000000, 0.0000000000000000000, -1.000000000000000000 ) ) ;
#2806 = VECTOR ( 'NONE', #2377, 39.37007874015748143 ) ;
#2807 = EDGE_LOOP ( 'NONE', ( #5426, #4342, #1154, #500 ) ) ;
#2808 = ORIENTED_EDGE ( 'NONE', *, *, #3926, .F. ) ;
#2809 = CARTESIAN_POINT ( 'NONE',  ( 0.3515748031481988889, 0.3285433070852992188, -0.3118110236207991548 ) ) ;
#2810 = ORIENTED_EDGE ( 'NONE', *, *, #1454, .T. ) ;
#2811 = SHAPE_DEFINITION_REPRESENTATION ( #2924, #1026 ) ;
#2812 = VERTEX_POINT ( 'NONE', #6842 ) ;
#2813 = EDGE_CURVE ( 'NONE', #2744, #1805, #4706, .T. ) ;
#2814 = EDGE_CURVE ( 'NONE', #3703, #3133, #513, .T. ) ;
#2815 = ORIENTED_EDGE ( 'NONE', *, *, #909, .T. ) ;
#2816 = CARTESIAN_POINT ( 'NONE',  ( 0.8114173228314003339, 0.3582677165339996916, 4.439799359303160705E-16 ) ) ;
#2817 = ORIENTED_EDGE ( 'NONE', *, *, #5446, .F. ) ;
#2818 = CARTESIAN_POINT ( 'NONE',  ( 0.4852362204704991910, 0.2273686271854815644, 2.663551793822656786E-15 ) ) ;
#2819 = DIRECTION ( 'NONE',  ( -0.0000000000000000000, -0.7071067811865474617, -0.7071067811865474617 ) ) ;
#2820 = CARTESIAN_POINT ( 'NONE',  ( 0.7460629921242363238, 0.3582677165339997472, 4.440892098500626162E-16 ) ) ;
#2821 = EDGE_CURVE ( 'NONE', #1816, #5748, #4243, .T. ) ;
#2822 = ORIENTED_EDGE ( 'NONE', *, *, #6005, .F. ) ;
#2823 = ADVANCED_FACE ( 'NONE', ( #6415 ), #5897, .T. ) ;
#2824 = CARTESIAN_POINT ( 'NONE',  ( 0.6889763779499995522, -0.3104330708652991433, -0.3204724409435995014 ) ) ;
#2825 = AXIS2_PLACEMENT_3D ( 'NONE', #4489, #5607, #145 ) ;
#2826 = DIRECTION ( 'NONE',  ( 0.0000000000000000000, 1.000000000000000000, 0.0000000000000000000 ) ) ;
#2827 = CARTESIAN_POINT ( 'NONE',  ( 0.5797244094694997685, -0.2273686271854815366, 0.1038228542632961826 ) ) ;
#2828 = CYLINDRICAL_SURFACE ( 'NONE', #1562, 0.04999999999980000998 ) ;
#2829 = ADVANCED_FACE ( 'NONE', ( #3719 ), #1503, .F. ) ;
#2830 = DIRECTION ( 'NONE',  ( 6.123031769111886291E-17, 1.000000000000000000, -0.0000000000000000000 ) ) ;
#2831 = ORIENTED_EDGE ( 'NONE', *, *, #6549, .F. ) ;
#2832 = DIRECTION ( 'NONE',  ( 0.0000000000000000000, 1.000000000000000000, -6.123031769111886291E-17 ) ) ;
#2833 = LINE ( 'NONE', #268, #5461 ) ;
#2834 = DIRECTION ( 'NONE',  ( -0.0000000000000000000, -1.000000000000000000, 6.123031769111886291E-17 ) ) ;
#2835 = CARTESIAN_POINT ( 'NONE',  ( 0.5797244094694997685, 0.2785433070854992366, 0.1610236220466032264 ) ) ;
#2836 = VECTOR ( 'NONE', #1997, 39.37007874015748143 ) ;
#2837 = CARTESIAN_POINT ( 'NONE',  ( 0.4311023622030001334, 0.3285433070852992188, -0.4543307086595991251 ) ) ;
#2838 = ORIENTED_EDGE ( 'NONE', *, *, #3963, .F. ) ;
#2839 = VERTEX_POINT ( 'NONE', #52 ) ;
#2840 = AXIS2_PLACEMENT_3D ( 'NONE', #5472, #4359, #2743 ) ;
#2841 = DIRECTION ( 'NONE',  ( -1.000000000000000000, -0.0000000000000000000, 0.0000000000000000000 ) ) ;
#2842 = CARTESIAN_POINT ( 'NONE',  ( 0.07972440947149994628, -0.3285433070852992188, 0.1610236220466032264 ) ) ;
#2843 = DIRECTION ( 'NONE',  ( -0.4999999999487388935, 0.0000000000000000000, -0.8660254038140342558 ) ) ;
#2844 = ORIENTED_EDGE ( 'NONE', *, *, #4256, .T. ) ;
#2845 = CYLINDRICAL_SURFACE ( 'NONE', #68, 0.02362204724400002870 ) ;
#2846 = ORIENTED_EDGE ( 'NONE', *, *, #2225, .F. ) ;
#2847 = CARTESIAN_POINT ( 'NONE',  ( -0.7387937305823458756, -0.1772162934807760826, -0.1283802202873238762 ) ) ;
#2848 = PLANE ( 'NONE',  #6085 ) ;
#2849 = CARTESIAN_POINT ( 'NONE',  ( 0.7667679837961206557, 0.2964566929121998928, 0.5929133858244003408 ) ) ;
#2850 = ORIENTED_EDGE ( 'NONE', *, *, #4044, .F. ) ;
#2851 = DIRECTION ( 'NONE',  ( -1.000000000000000000, 6.123031769111886291E-17, -3.749151804555343599E-33 ) ) ;
#2852 = VECTOR ( 'NONE', #4703, 39.37007874015748143 ) ;
#2853 = CIRCLE ( 'NONE', #5937, 0.2519685039360020085 ) ;
#2854 = EDGE_CURVE ( 'NONE', #2242, #5150, #19, .T. ) ;
#2855 = DIRECTION ( 'NONE',  ( 0.0000000000000000000, -6.123031769111886291E-17, -1.000000000000000000 ) ) ;
#2856 = EDGE_CURVE ( 'NONE', #6594, #2751, #1075, .T. ) ;
#2857 = LINE ( 'NONE', #6591, #6433 ) ;
#2858 = EDGE_CURVE ( 'NONE', #3525, #3392, #3186, .T. ) ;
#2859 = LINE ( 'NONE', #6108, #4013 ) ;
#2860 = CARTESIAN_POINT ( 'NONE',  ( 0.4852362204704991910, -0.2273686271854815366, 0.1038228542632961826 ) ) ;
#2861 = ORIENTED_EDGE ( 'NONE', *, *, #5355, .T. ) ;
#2862 = AXIS2_PLACEMENT_3D ( 'NONE', #2388, #730, #2871 ) ;
#2863 = EDGE_LOOP ( 'NONE', ( #2359, #1199, #6306, #3502 ) ) ;
#2864 = CARTESIAN_POINT ( 'NONE',  ( 0.4675065449609338564, 0.3104330708652991433, -0.3118110609859860438 ) ) ;
#2865 = VERTEX_POINT ( 'NONE', #2169 ) ;
#2866 = DIRECTION ( 'NONE',  ( -1.000000000000000000, -6.123031769111886291E-17, 3.749151804555343599E-33 ) ) ;
#2867 = CARTESIAN_POINT ( 'NONE',  ( 0.2352362204714992522, 0.3285433070852992188, 2.664535259100375303E-15 ) ) ;
#2868 = DIRECTION ( 'NONE',  ( 0.0000000000000000000, 1.000000000000000000, -6.123031769111886291E-17 ) ) ;
#2869 = MECHANICAL_DESIGN_GEOMETRIC_PRESENTATION_REPRESENTATION (  '', ( #6394 ), #6844 ) ;
#2870 = EDGE_CURVE ( 'NONE', #5022, #3165, #5394, .T. ) ;
#2871 = DIRECTION ( 'NONE',  ( 0.0000000000000000000, 0.0000000000000000000, 1.000000000000000000 ) ) ;
#2872 = PLANE ( 'NONE',  #197 ) ;
#2873 = ORIENTED_EDGE ( 'NONE', *, *, #2813, .F. ) ;
#2874 = ORIENTED_EDGE ( 'NONE', *, *, #2856, .T. ) ;
#2875 = EDGE_CURVE ( 'NONE', #2244, #211, #3680, .T. ) ;
#2876 = VECTOR ( 'NONE', #3506, 39.37007874015748854 ) ;
#2877 = ADVANCED_FACE ( 'NONE', ( #543 ), #5859, .F. ) ;
#2878 = DIRECTION ( 'NONE',  ( -1.000000000000000000, -6.123031769111886291E-17, 3.749151804555343599E-33 ) ) ;
#2879 = EDGE_CURVE ( 'NONE', #4741, #1257, #1108, .T. ) ;
#2880 = CARTESIAN_POINT ( 'NONE',  ( 0.7133858267687989141, 0.3385826771639992017, -0.2921259842507990534 ) ) ;
#2881 = ORIENTED_EDGE ( 'NONE', *, *, #5355, .F. ) ;
#2882 = ORIENTED_EDGE ( 'NONE', *, *, #5004, .T. ) ;
#2883 = ORIENTED_EDGE ( 'NONE', *, *, #3603, .F. ) ;
#2884 = LINE ( 'NONE', #5563, #2539 ) ;
#2885 = VERTEX_POINT ( 'NONE', #582 ) ;
#2886 = DIRECTION ( 'NONE',  ( 1.000000000000000000, 0.0000000000000000000, 0.0000000000000000000 ) ) ;
#2887 = LINE ( 'NONE', #6548, #5174 ) ;
#2888 = CARTESIAN_POINT ( 'NONE',  ( 0.4960629921252364127, -0.2722930320583651920, 2.220446049250313081E-15 ) ) ;
#2889 = ORIENTED_EDGE ( 'NONE', *, *, #5279, .F. ) ;
#2890 = EDGE_LOOP ( 'NONE', ( #189, #3693, #5554, #2808 ) ) ;
#2891 = FACE_OUTER_BOUND ( 'NONE', #5464, .T. ) ;
#2892 = VECTOR ( 'NONE', #4644, 39.37007874015748143 ) ;
#2893 = CYLINDRICAL_SURFACE ( 'NONE', #4782, 0.2519685039360020085 ) ;
#2894 = FACE_OUTER_BOUND ( 'NONE', #1099, .T. ) ;
#2895 = DIRECTION ( 'NONE',  ( -6.123031769111881361E-17, -1.000000000000000000, 0.0000000000000000000 ) ) ;
#2896 = VECTOR ( 'NONE', #1457, 39.37007874015748143 ) ;
#2897 = VECTOR ( 'NONE', #2379, 39.37007874015748143 ) ;
#2898 = ORIENTED_EDGE ( 'NONE', *, *, #6068, .T. ) ;
#2899 = ADVANCED_FACE ( 'NONE', ( #480 ), #5286, .F. ) ;
#2900 = DIRECTION ( 'NONE',  ( 1.000000000000000000, 0.0000000000000000000, 0.0000000000000000000 ) ) ;
#2901 = EDGE_CURVE ( 'NONE', #780, #1531, #2199, .T. ) ;
#2902 = DIRECTION ( 'NONE',  ( 0.0000000000000000000, -1.000000000000000000, 6.123031769111886291E-17 ) ) ;
#2903 = VECTOR ( 'NONE', #4081, 39.37007874015748143 ) ;
#2904 = CARTESIAN_POINT ( 'NONE',  ( 0.6259842519659999382, 0.3104330708652991433, -0.3283464566915989535 ) ) ;
#2905 = PLANE ( 'NONE',  #708 ) ;
#2906 = DIRECTION ( 'NONE',  ( 0.0000000000000000000, -6.123031769111886291E-17, -1.000000000000000000 ) ) ;
#2907 = DIRECTION ( 'NONE',  ( -1.000000000000000000, 6.123031769111886291E-17, -3.749151804555343599E-33 ) ) ;
#2908 = DIRECTION ( 'NONE',  ( 2.651350529933675469E-17, -1.000000000000000000, 1.530757941963850550E-17 ) ) ;
#2909 = CIRCLE ( 'NONE', #3256, 0.02362204724400002870 ) ;
#2910 = AXIS2_PLACEMENT_3D ( 'NONE', #5873, #3659, #1590 ) ;
#2911 = VERTEX_POINT ( 'NONE', #83 ) ;
#2912 = EDGE_CURVE ( 'NONE', #6826, #6200, #2012, .T. ) ;
#2913 = ORIENTED_EDGE ( 'NONE', *, *, #3692, .T. ) ;
#2914 = CARTESIAN_POINT ( 'NONE',  ( 0.09745410653086672426, 0.3285433070852992188, -0.3118110983511730439 ) ) ;
#2915 = CARTESIAN_POINT ( 'NONE',  ( 0.4633858267697990030, -0.3285433070852991633, -0.09999999999959907626 ) ) ;
#2916 = DIRECTION ( 'NONE',  ( 1.000000000000000000, -3.061515884555943146E-17, 3.061515884555943146E-17 ) ) ;
#2917 = VERTEX_POINT ( 'NONE', #3288 ) ;
#2918 = VERTEX_POINT ( 'NONE', #4380 ) ;
#2919 = CIRCLE ( 'NONE', #3376, 0.01968503937000001119 ) ;
#2920 = VERTEX_POINT ( 'NONE', #2368 ) ;
#2921 = ADVANCED_FACE ( 'NONE', ( #2330 ), #4983, .T. ) ;
#2922 = CYLINDRICAL_SURFACE ( 'NONE', #3438, 0.01968503937000001119 ) ;
#2923 = ORIENTED_EDGE ( 'NONE', *, *, #6875, .T. ) ;
#2924 = PRODUCT_DEFINITION_SHAPE ( 'NONE', 'NONE',  #4640 ) ;
#2925 = CARTESIAN_POINT ( 'NONE',  ( 0.5797244094694997685, 0.3285433070852992188, 0.1610236220466032264 ) ) ;
#2926 = CARTESIAN_POINT ( 'NONE',  ( 0.0000000000000000000, 0.3582677165339997472, -0.09999999999959906238 ) ) ;
#2927 = CARTESIAN_POINT ( 'NONE',  ( 0.9263779527521984747, -0.1659448819000000630, 4.440892098500626162E-16 ) ) ;
#2928 = VERTEX_POINT ( 'NONE', #4488 ) ;
#2929 = LINE ( 'NONE', #1389, #2532 ) ;
#2930 = DIRECTION ( 'NONE',  ( 0.0000000000000000000, 1.000000000000000000, -6.123031769111886291E-17 ) ) ;
#2931 = FACE_OUTER_BOUND ( 'NONE', #3102, .T. ) ;
#2932 = DIRECTION ( 'NONE',  ( -1.000000000000000000, -6.123031769111886291E-17, 3.749151804555343599E-33 ) ) ;
#2933 = CARTESIAN_POINT ( 'NONE',  ( 0.0000000000000000000, -0.3582677165339997472, 4.439252989704427977E-16 ) ) ;
#2934 = EDGE_LOOP ( 'NONE', ( #1290, #2577, #2397, #6317 ) ) ;
#2935 = LINE ( 'NONE', #5108, #6813 ) ;
#2936 = PLANE ( 'NONE',  #4345 ) ;
#2937 = CIRCLE ( 'NONE', #3054, 0.2165354330699997554 ) ;
#2938 = CARTESIAN_POINT ( 'NONE',  ( 0.4852362204704991910, 0.2785433070854992366, 0.1610236220466032264 ) ) ;
#2939 = DIRECTION ( 'NONE',  ( -0.4999999999487624303, 0.0000000000000000000, 0.8660254038140206001 ) ) ;
#2940 = LINE ( 'NONE', #5112, #966 ) ;
#2941 = DIRECTION ( 'NONE',  ( 0.0000000000000000000, 0.0000000000000000000, -1.000000000000000000 ) ) ;
#2942 = ORIENTED_EDGE ( 'NONE', *, *, #5260, .F. ) ;
#2943 = CARTESIAN_POINT ( 'NONE',  ( 0.2352362204714993354, 0.07242074860119984692, 2.669296277896500903E-15 ) ) ;
#2944 = CARTESIAN_POINT ( 'NONE',  ( 0.1015748031491998660, -0.3385826771639992572, -0.2921259842507990534 ) ) ;
#2945 = CARTESIAN_POINT ( 'NONE',  ( 0.7352362204694999903, -0.2431879680263148991, 0.1963789611057866480 ) ) ;
#2946 = FACE_OUTER_BOUND ( 'NONE', #4195, .T. ) ;
#2947 = EDGE_CURVE ( 'NONE', #6272, #1303, #1280, .T. ) ;
#2948 = EDGE_CURVE ( 'NONE', #1204, #5900, #2887, .T. ) ;
#2949 = ORIENTED_EDGE ( 'NONE', *, *, #437, .F. ) ;
#2950 = ORIENTED_EDGE ( 'NONE', *, *, #3428, .F. ) ;
#2951 = ORIENTED_EDGE ( 'NONE', *, *, #1647, .F. ) ;
#2952 = CARTESIAN_POINT ( 'NONE',  ( -8.881784197001252323E-16, 0.3385826771639992572, -0.3118110236207992103 ) ) ;
#2953 = ORIENTED_EDGE ( 'NONE', *, *, #3923, .F. ) ;
#2954 = CARTESIAN_POINT ( 'NONE',  ( -0.7387937305823460976, -0.2166340021062838905, 0.03092926399010314381 ) ) ;
#2955 = EDGE_CURVE ( 'NONE', #6502, #4466, #1772, .T. ) ;
#2956 = CIRCLE ( 'NONE', #6017, 0.2165354330750000056 ) ;
#2957 =( LENGTH_UNIT ( ) NAMED_UNIT ( * ) SI_UNIT ( $, .METRE. ) );
#2958 = DIRECTION ( 'NONE',  ( 1.000000000000000000, 3.749151804555343599E-33, -2.295617560651552647E-49 ) ) ;
#2959 =( NAMED_UNIT ( * ) PLANE_ANGLE_UNIT ( ) SI_UNIT ( $, .RADIAN. ) );
#2960 = ORIENTED_EDGE ( 'NONE', *, *, #6358, .T. ) ;
#2961 = VERTEX_POINT ( 'NONE', #6656 ) ;
#2962 = CARTESIAN_POINT ( 'NONE',  ( 0.4625058949115352092, -0.3104330708652991433, -0.3204724409435995014 ) ) ;
#2963 = CARTESIAN_POINT ( 'NONE',  ( 0.07972440947149996016, 0.3104330708648994630, 0.1610236220466032264 ) ) ;
#2964 = LINE ( 'NONE', #6237, #4165 ) ;
#2965 = ADVANCED_FACE ( 'NONE', ( #1814 ), #5463, .F. ) ;
#2966 = LINE ( 'NONE', #685, #4698 ) ;
#2967 = VERTEX_POINT ( 'NONE', #5494 ) ;
#2968 = CARTESIAN_POINT ( 'NONE',  ( 0.2133858267707999523, -0.3582677165339995806, -0.2921259842507990534 ) ) ;
#2969 = CARTESIAN_POINT ( 'NONE',  ( 0.1811023622039997227, -0.3285433070852992188, -0.3283464566915989535 ) ) ;
#2970 = CIRCLE ( 'NONE', #3877, 0.1659448819000000075 ) ;
#2971 = CARTESIAN_POINT ( 'NONE',  ( 0.1574803294008270960, 0.3104330708652991433, -0.3204724409435990573 ) ) ;
#2972 = CARTESIAN_POINT ( 'NONE',  ( 0.5974541065288656583, -0.3285433070852991633, -0.3118110983511730439 ) ) ;
#2973 = CARTESIAN_POINT ( 'NONE',  ( 0.4852362204704991910, -0.3104330708648994075, 0.1610236220466032264 ) ) ;
#2974 = LINE ( 'NONE', #5188, #2892 ) ;
#2975 = ORIENTED_EDGE ( 'NONE', *, *, #6211, .F. ) ;
#2976 = AXIS2_PLACEMENT_3D ( 'NONE', #6180, #4471, #6635 ) ;
#2977 = ORIENTED_EDGE ( 'NONE', *, *, #8, .F. ) ;
#2978 = CIRCLE ( 'NONE', #1653, 0.1556775442178812696 ) ;
#2979 = CARTESIAN_POINT ( 'NONE',  ( 0.2352362204714992522, -0.2785433070854992366, 0.1610236220466032264 ) ) ;
#2980 = DIRECTION ( 'NONE',  ( 0.0000000000000000000, 6.123031769111886291E-17, 1.000000000000000000 ) ) ;
#2981 = CARTESIAN_POINT ( 'NONE',  ( 0.1889763779519997300, 0.3104330708652991433, -0.3204724409435995014 ) ) ;
#2982 = VERTEX_POINT ( 'NONE', #3959 ) ;
#2983 = ORIENTED_EDGE ( 'NONE', *, *, #2488, .F. ) ;
#2984 = VERTEX_POINT ( 'NONE', #5530 ) ;
#2985 = CARTESIAN_POINT ( 'NONE',  ( -0.1181102362200006223, 0.0000000000000000000, 0.0000000000000000000 ) ) ;
#2986 = EDGE_CURVE ( 'NONE', #862, #4741, #615, .T. ) ;
#2987 = ORIENTED_EDGE ( 'NONE', *, *, #6038, .F. ) ;
#2988 = EDGE_CURVE ( 'NONE', #5775, #6526, #3847, .T. ) ;
#2989 =( BOUNDED_CURVE ( )  B_SPLINE_CURVE ( 3, ( #22, #5400, #2139, #4388 ),
 .UNSPECIFIED., .F., .T. ) 
 B_SPLINE_CURVE_WITH_KNOTS ( ( 4, 4 ),
 ( 5.118935257220579516, 7.447435862197409939 ),
 .UNSPECIFIED. ) 
 CURVE ( )  GEOMETRIC_REPRESENTATION_ITEM ( )  RATIONAL_B_SPLINE_CURVE ( ( 1.000000000000000000, 0.5969594957072672514, 0.5969594957072672514, 1.000000000000000000 ) ) 
 REPRESENTATION_ITEM ( '' )  );
#2990 = CARTESIAN_POINT ( 'NONE',  ( 0.3524547350064632933, 0.3285433070852991633, -0.3204724409435991683 ) ) ;
#2991 = ORIENTED_EDGE ( 'NONE', *, *, #5262, .T. ) ;
#2992 = PLANE ( 'NONE',  #3695 ) ;
#2993 = ORIENTED_EDGE ( 'NONE', *, *, #3277, .F. ) ;
#2994 = VECTOR ( 'NONE', #6515, 39.37007874015748143 ) ;
#2995 = ORIENTED_EDGE ( 'NONE', *, *, #1291, .F. ) ;
#2996 = CARTESIAN_POINT ( 'NONE',  ( 0.6259842519659999382, -0.3285433070852992188, -0.3283464566915989535 ) ) ;
#2997 = ORIENTED_EDGE ( 'NONE', *, *, #1502, .F. ) ;
#2998 = CARTESIAN_POINT ( 'NONE',  ( 0.6024547350054627604, -0.3285433070852992188, -0.3204724409435998345 ) ) ;
#2999 = CARTESIAN_POINT ( 'NONE',  ( 0.1811023622040002223, 0.3285433070852992188, -0.4543307086595991251 ) ) ;
#3000 = CARTESIAN_POINT ( 'NONE',  ( 0.1015748031491998660, 0.3285433070852991633, -0.09999999999959906238 ) ) ;
#3001 = DIRECTION ( 'NONE',  ( 0.0000000000000000000, 1.000000000000000000, -6.123031769111886291E-17 ) ) ;
#3002 = ORIENTED_EDGE ( 'NONE', *, *, #4718, .F. ) ;
#3003 = ORIENTED_EDGE ( 'NONE', *, *, #3307, .T. ) ;
#3004 = AXIS2_PLACEMENT_3D ( 'NONE', #26, #2073, #3688 ) ;
#3005 = LINE ( 'NONE', #4534, #1055 ) ;
#3006 = ADVANCED_FACE ( 'NONE', ( #1675 ), #2848, .T. ) ;
#3007 = PLANE ( 'NONE',  #1264 ) ;
#3008 = EDGE_CURVE ( 'NONE', #3204, #1531, #1316, .T. ) ;
#3009 = EDGE_CURVE ( 'NONE', #5033, #3527, #2507, .T. ) ;
#3010 = CARTESIAN_POINT ( 'NONE',  ( 0.3838582677149998124, 0.3104330708652991433, -0.3283464566915989535 ) ) ;
#3011 = AXIS2_PLACEMENT_3D ( 'NONE', #2938, #6744, #5815 ) ;
#3012 = AXIS2_PLACEMENT_3D ( 'NONE', #5105, #3075, #3001 ) ;
#3013 = CARTESIAN_POINT ( 'NONE',  ( -0.7158535582041731793, 0.0000000000000000000, 0.0000000000000000000 ) ) ;
#3014 = CARTESIAN_POINT ( 'NONE',  ( -8.881784197001252323E-16, -0.3385826771639992572, -0.3118110236207991548 ) ) ;
#3015 = AXIS2_PLACEMENT_3D ( 'NONE', #3662, #5837, #6753 ) ;
#3016 = VERTEX_POINT ( 'NONE', #4128 ) ;
#3017 = LINE ( 'NONE', #1905, #2246 ) ;
#3018 = CARTESIAN_POINT ( 'NONE',  ( 0.0000000000000000000, -0.3385826771639992572, -0.2921259842507990534 ) ) ;
#3019 = LINE ( 'NONE', #6718, #4560 ) ;
#3020 = CYLINDRICAL_SURFACE ( 'NONE', #3403, 0.2125984251960000293 ) ;
#3021 = AXIS2_PLACEMENT_3D ( 'NONE', #3442, #4539, #235 ) ;
#3022 = ORIENTED_EDGE ( 'NONE', *, *, #2986, .F. ) ;
#3023 = ORIENTED_EDGE ( 'NONE', *, *, #1147, .F. ) ;
#3024 = CARTESIAN_POINT ( 'NONE',  ( 0.2352362204714993354, -0.04680900692053289319, 1.818171591584580393E-15 ) ) ;
#3025 = VERTEX_POINT ( 'NONE', #1882 ) ;
#3026 = VECTOR ( 'NONE', #4768, 39.37007874015748143 ) ;
#3027 = CARTESIAN_POINT ( 'NONE',  ( 0.7352362204694999903, 0.2785433070854992366, 0.1610236220466032264 ) ) ;
#3028 = EDGE_LOOP ( 'NONE', ( #496, #5972, #6672, #2817 ) ) ;
#3029 = EDGE_CURVE ( 'NONE', #3951, #746, #3030, .T. ) ;
#3030 = LINE ( 'NONE', #5097, #4038 ) ;
#3031 = VERTEX_POINT ( 'NONE', #6796 ) ;
#3032 = CARTESIAN_POINT ( 'NONE',  ( 0.4852362204704991910, 0.2785433070854992366, 0.1610236220466032264 ) ) ;
#3033 = VERTEX_POINT ( 'NONE', #5204 ) ;
#3034 = DIRECTION ( 'NONE',  ( 0.0000000000000000000, 1.000000000000000000, -6.123031769111886291E-17 ) ) ;
#3035 = PRODUCT_DEFINITION_SHAPE ( 'NONE', 'NONE',  #7000 ) ;
#3036 = CARTESIAN_POINT ( 'NONE',  ( -0.6377952755900002657, 0.0000000000000000000, 0.0000000000000000000 ) ) ;
#3037 = CARTESIAN_POINT ( 'NONE',  ( -0.7387937305823458756, 0.1334614873917825129, -0.2137198127430385286 ) ) ;
#3038 = VERTEX_POINT ( 'NONE', #1459 ) ;
#3039 = EDGE_CURVE ( 'NONE', #3025, #1975, #6198, .T. ) ;
#3040 = ORIENTED_EDGE ( 'NONE', *, *, #951, .T. ) ;
#3041 = CARTESIAN_POINT ( 'NONE',  ( -0.1181102362200006084, 0.0000000000000000000, 0.0000000000000000000 ) ) ;
#3042 = CARTESIAN_POINT ( 'NONE',  ( -1.512945118011449956E-33, 0.0000000000000000000, 0.0000000000000000000 ) ) ;
#3043 = DIRECTION ( 'NONE',  ( 0.0000000000000000000, 1.000000000000000000, 0.0000000000000000000 ) ) ;
#3044 = VECTOR ( 'NONE', #2008, 39.37007874015748854 ) ;
#3045 = CARTESIAN_POINT ( 'NONE',  ( 0.0000000000000000000, -0.3285433070852992188, -0.3118110236207991548 ) ) ;
#3046 = DIRECTION ( 'NONE',  ( 1.000000000000000000, 0.0000000000000000000, 0.0000000000000000000 ) ) ;
#3047 = EDGE_CURVE ( 'NONE', #5371, #1546, #6765, .T. ) ;
#3048 = ADVANCED_FACE ( 'NONE', ( #2471 ), #2992, .T. ) ;
#3049 = ORIENTED_EDGE ( 'NONE', *, *, #5584, .T. ) ;
#3050 = VERTEX_POINT ( 'NONE', #397 ) ;
#3051 = CYLINDRICAL_SURFACE ( 'NONE', #1690, 0.2519685039360020085 ) ;
#3052 = CARTESIAN_POINT ( 'NONE',  ( 0.0000000000000000000, -0.3104330708648994630, 4.850339715027985527E-16 ) ) ;
#3053 = CARTESIAN_POINT ( 'NONE',  ( -0.7387937305823457645, 0.1353481396388214186, -0.1721537683615697312 ) ) ;
#3054 = AXIS2_PLACEMENT_3D ( 'NONE', #6621, #1773, #5568 ) ;
#3055 = FACE_OUTER_BOUND ( 'NONE', #4754, .T. ) ;
#3056 = CARTESIAN_POINT ( 'NONE',  ( -8.881784197001252323E-16, -0.3104330708652991433, -0.3118110236207991548 ) ) ;
#3057 = ORIENTED_EDGE ( 'NONE', *, *, #6512, .F. ) ;
#3058 = CARTESIAN_POINT ( 'NONE',  ( 0.06889763779499968877, 0.3582677165339997472, 4.440892098500626162E-16 ) ) ;
#3059 = AXIS2_PLACEMENT_3D ( 'NONE', #5949, #2724, #4339 ) ;
#3060 = ORIENTED_EDGE ( 'NONE', *, *, #1323, .F. ) ;
#3061 = VECTOR ( 'NONE', #1448, 39.37007874015748143 ) ;
#3062 = CARTESIAN_POINT ( 'NONE',  ( 0.7133858267687989141, -0.3385826771639992017, -0.3118110236207991548 ) ) ;
#3063 = ORIENTED_EDGE ( 'NONE', *, *, #1131, .F. ) ;
#3064 = CARTESIAN_POINT ( 'NONE',  ( 0.07972440947149994628, 0.2273686271854815644, 0.1038228542632961826 ) ) ;
#3065 = CIRCLE ( 'NONE', #5346, 0.3070866141720003384 ) ;
#3066 = CARTESIAN_POINT ( 'NONE',  ( 0.0000000000000000000, 0.0000000000000000000, 0.0000000000000000000 ) ) ;
#3067 = ORIENTED_EDGE ( 'NONE', *, *, #4268, .F. ) ;
#3068 = VERTEX_POINT ( 'NONE', #291 ) ;
#3069 = CARTESIAN_POINT ( 'NONE',  ( 0.7352362204694999903, -0.2785433070854992366, 0.1610236220466032264 ) ) ;
#3070 = AXIS2_PLACEMENT_3D ( 'NONE', #2519, #5182, #343 ) ;
#3071 = CARTESIAN_POINT ( 'NONE',  ( 0.6015748031471988000, 0.3582677165339997472, -0.2921259842507990534 ) ) ;
#3072 = CARTESIAN_POINT ( 'NONE',  ( -0.7402402651364001773, -0.1905473956600261254, 0.1832747771604241460 ) ) ;
#3073 = DIRECTION ( 'NONE',  ( 0.0000000000000000000, 1.000000000000000000, -6.123031769111886291E-17 ) ) ;
#3074 = DIRECTION ( 'NONE',  ( -0.0000000000000000000, -1.000000000000000000, -0.0000000000000000000 ) ) ;
#3075 = DIRECTION ( 'NONE',  ( 0.0000000000000000000, -6.123031769111886291E-17, -1.000000000000000000 ) ) ;
#3076 = ORIENTED_EDGE ( 'NONE', *, *, #1768, .F. ) ;
#3077 = DIRECTION ( 'NONE',  ( 6.123031769111886291E-17, -1.000000000000000000, 6.123031769111886291E-17 ) ) ;
#3078 = EDGE_CURVE ( 'NONE', #4219, #6817, #1423, .T. ) ;
#3079 = ADVANCED_FACE ( 'NONE', ( #3989 ), #6166, .T. ) ;
#3080 = CARTESIAN_POINT ( 'NONE',  ( -0.6889763779520006182, -0.1254757207119654439, 0.2185039370070001041 ) ) ;
#3081 = CARTESIAN_POINT ( 'NONE',  ( 0.4057086613999993929, -0.1659448819000000075, 4.440892098500626162E-16 ) ) ;
#3082 = LINE ( 'NONE', #5335, #3215 ) ;
#3083 = FACE_OUTER_BOUND ( 'NONE', #6506, .T. ) ;
#3084 = CIRCLE ( 'NONE', #6264, 0.04999999999980000998 ) ;
#3085 = ORIENTED_EDGE ( 'NONE', *, *, #2540, .T. ) ;
#3086 = ORIENTED_EDGE ( 'NONE', *, *, #4207, .F. ) ;
#3087 = DIRECTION ( 'NONE',  ( 0.6804510993672793218, 8.974132039561584066E-17, 0.7327934916262976994 ) ) ;
#3088 = AXIS2_PLACEMENT_3D ( 'NONE', #2459, #6222, #5121 ) ;
#3089 = ADVANCED_FACE ( 'NONE', ( #5351 ), #532, .T. ) ;
#3090 = DIRECTION ( 'NONE',  ( -0.0000000000000000000, 0.7071067811865443531, 0.7071067811865507924 ) ) ;
#3091 = CONICAL_SURFACE ( 'NONE', #6717, 0.1874999999965732966, 0.5235987755617378392 ) ;
#3092 = CARTESIAN_POINT ( 'NONE',  ( -0.7387937305823458756, 0.09858255820124207924, -0.1955454683778783953 ) ) ;
#3093 = DIRECTION ( 'NONE',  ( -1.000000000000000000, 6.123031769111886291E-17, -3.749151804555343599E-33 ) ) ;
#3094 = ORIENTED_EDGE ( 'NONE', *, *, #339, .T. ) ;
#3095 = VECTOR ( 'NONE', #5830, 39.37007874015748143 ) ;
#3096 = AXIS2_PLACEMENT_3D ( 'NONE', #782, #4023, #320 ) ;
#3097 = CARTESIAN_POINT ( 'NONE',  ( 0.6338582677139997790, 0.3104330708652991433, -0.3283464566915989535 ) ) ;
#3098 = ORIENTED_EDGE ( 'NONE', *, *, #4384, .F. ) ;
#3099 = EDGE_CURVE ( 'NONE', #6030, #5045, #3139, .T. ) ;
#3100 = EDGE_CURVE ( 'NONE', #5646, #5382, #5316, .T. ) ;
#3101 = DIRECTION ( 'NONE',  ( 0.0000000000000000000, 0.0000000000000000000, 1.000000000000000000 ) ) ;
#3102 = EDGE_LOOP ( 'NONE', ( #3474, #1548, #5560, #2991 ) ) ;
#3103 = CARTESIAN_POINT ( 'NONE',  ( 0.8114173228314000008, -0.2964566929121998928, 4.841781934405836480E-16 ) ) ;
#3104 = ORIENTED_EDGE ( 'NONE', *, *, #5804, .T. ) ;
#3105 = VERTEX_POINT ( 'NONE', #4843 ) ;
#3106 = VECTOR ( 'NONE', #5439, 39.37007874015748143 ) ;
#3107 = LINE ( 'NONE', #364, #4904 ) ;
#3108 = EDGE_LOOP ( 'NONE', ( #1602, #4977 ) ) ;
#3109 = LINE ( 'NONE', #5893, #3933 ) ;
#3110 = CARTESIAN_POINT ( 'NONE',  ( -0.6929133858260003720, 1.319826729754073587E-17, 0.2155511811014996226 ) ) ;
#3111 = DIRECTION ( 'NONE',  ( 1.000000000000000000, 0.0000000000000000000, 0.0000000000000000000 ) ) ;
#3112 = AXIS2_PLACEMENT_3D ( 'NONE', #3791, #3327, #2666 ) ;
#3113 = FACE_OUTER_BOUND ( 'NONE', #3167, .T. ) ;
#3114 = DIRECTION ( 'NONE',  ( -0.8660254038140575705, -3.061515884241821815E-17, -0.4999999999486984259 ) ) ;
#3115 = ORIENTED_EDGE ( 'NONE', *, *, #2259, .T. ) ;
#3116 = ORIENTED_EDGE ( 'NONE', *, *, #5415, .T. ) ;
#3117 = CARTESIAN_POINT ( 'NONE',  ( 0.7352362204694999903, 0.2785433070854992366, 0.1610236220466032264 ) ) ;
#3118 = CIRCLE ( 'NONE', #756, 0.007874015748000031539 ) ;
#3119 = DIRECTION ( 'NONE',  ( 0.0000000000000000000, 1.000000000000000000, 0.0000000000000000000 ) ) ;
#3120 = UNCERTAINTY_MEASURE_WITH_UNIT (LENGTH_MEASURE( 1.000000000000000082E-05 ), #2401, 'distance_accuracy_value', 'NONE');
#3121 = DIRECTION ( 'NONE',  ( -6.123031769111886291E-17, -1.000000000000000000, 0.0000000000000000000 ) ) ;
#3122 = DIRECTION ( 'NONE',  ( 0.8660254038140342558, -3.061515884242069566E-17, -0.4999999999487388935 ) ) ;
#3123 = EDGE_CURVE ( 'NONE', #1757, #4295, #5867, .T. ) ;
#3124 = EDGE_CURVE ( 'NONE', #3773, #3672, #5299, .T. ) ;
#3125 = ORIENTED_EDGE ( 'NONE', *, *, #1342, .F. ) ;
#3126 = VERTEX_POINT ( 'NONE', #6969 ) ;
#3127 = CARTESIAN_POINT ( 'NONE',  ( 0.07972440947149994628, -0.3104330708648994075, 0.1610236220466032264 ) ) ;
#3128 = CARTESIAN_POINT ( 'NONE',  ( 0.6338582677139997790, -0.3285433070852992188, -0.4543307086595991251 ) ) ;
#3129 = CARTESIAN_POINT ( 'NONE',  ( -0.7387937305823460976, 0.2184121092834318545, 0.006334114454365347494 ) ) ;
#3130 = CARTESIAN_POINT ( 'NONE',  ( 0.6811023622019982682, 0.3104330708652991433, -0.3720363413119387452 ) ) ;
#3131 = AXIS2_PLACEMENT_3D ( 'NONE', #4758, #4061, #6229 ) ;
#3132 = AXIS2_PLACEMENT_3D ( 'NONE', #3894, #2339, #656 ) ;
#3133 = VERTEX_POINT ( 'NONE', #5885 ) ;
#3134 = DIRECTION ( 'NONE',  ( -1.000000000000000000, -0.0000000000000000000, -0.0000000000000000000 ) ) ;
#3135 = ORIENTED_EDGE ( 'NONE', *, *, #37, .F. ) ;
#3136 = DIRECTION ( 'NONE',  ( 1.000000000000000000, 0.0000000000000000000, -0.0000000000000000000 ) ) ;
#3137 = VECTOR ( 'NONE', #4578, 39.37007874015748854 ) ;
#3138 = ORIENTED_EDGE ( 'NONE', *, *, #4551, .F. ) ;
#3139 = LINE ( 'NONE', #6407, #3245 ) ;
#3140 =( LENGTH_UNIT ( ) NAMED_UNIT ( * ) SI_UNIT ( $, .METRE. ) );
#3141 = ORIENTED_EDGE ( 'NONE', *, *, #2854, .T. ) ;
#3142 = ADVANCED_FACE ( 'NONE', ( #4760 ), #4163, .F. ) ;
#3143 = VECTOR ( 'NONE', #1615, 39.37007874015748143 ) ;
#3144 = ORIENTED_EDGE ( 'NONE', *, *, #3964, .T. ) ;
#3145 = PLANE ( 'NONE',  #3540 ) ;
#3146 = ORIENTED_EDGE ( 'NONE', *, *, #5262, .F. ) ;
#3147 = PLANE ( 'NONE',  #4828 ) ;
#3148 = DIRECTION ( 'NONE',  ( -6.123031769111886291E-17, -1.000000000000000000, 0.0000000000000000000 ) ) ;
#3149 = CARTESIAN_POINT ( 'NONE',  ( 0.1574803149599999230, 0.3285433070852992188, -0.4543307086595991251 ) ) ;
#3150 = DIRECTION ( 'NONE',  ( 0.0000000000000000000, -1.000000000000000000, 6.123031769111886291E-17 ) ) ;
#3151 = CARTESIAN_POINT ( 'NONE',  ( 0.1338582677159996237, -0.3104330708652991433, -0.3720363413119387452 ) ) ;
#3152 = ORIENTED_EDGE ( 'NONE', *, *, #2526, .F. ) ;
#3153 = VERTEX_POINT ( 'NONE', #2546 ) ;
#3154 = FACE_OUTER_BOUND ( 'NONE', #4773, .T. ) ;
#3155 = DIRECTION ( 'NONE',  ( 1.000000000000000000, 6.123031769111886291E-17, -3.749151804555343599E-33 ) ) ;
#3156 = CARTESIAN_POINT ( 'NONE',  ( -0.7387937305823457645, 0.1136759690321899469, 0.1867364846797257838 ) ) ;
#3157 = CARTESIAN_POINT ( 'NONE',  ( 0.3838582677149995348, -0.3285433070852992188, -0.3283464566915989535 ) ) ;
#3158 = LINE ( 'NONE', #5971, #5289 ) ;
#3159 = ORIENTED_EDGE ( 'NONE', *, *, #2590, .F. ) ;
#3160 = ORIENTED_EDGE ( 'NONE', *, *, #1474, .F. ) ;
#3161 = DIRECTION ( 'NONE',  ( 1.000000000000000000, -3.749151804555343599E-33, 2.295617560651552647E-49 ) ) ;
#3162 = LINE ( 'NONE', #97, #6201 ) ;
#3163 = CARTESIAN_POINT ( 'NONE',  ( -0.7387937305823457645, 0.1113055939608715433, -0.1885924272546395386 ) ) ;
#3164 = FACE_OUTER_BOUND ( 'NONE', #2563, .T. ) ;
#3165 = VERTEX_POINT ( 'NONE', #3103 ) ;
#3166 = LINE ( 'NONE', #2086, #2420 ) ;
#3167 = EDGE_LOOP ( 'NONE', ( #6645, #2252, #1529, #5398, #6776, #5746, #1144, #12, #3804, #3587 ) ) ;
#3168 = EDGE_CURVE ( 'NONE', #5073, #1239, #1029, .T. ) ;
#3169 = MECHANICAL_DESIGN_GEOMETRIC_PRESENTATION_REPRESENTATION (  '', ( #6232 ), #365 ) ;
#3170 = ADVANCED_FACE ( 'NONE', ( #5848 ), #3673, .T. ) ;
#3171 = DIRECTION ( 'NONE',  ( -1.000000000000000000, 0.0000000000000000000, 0.0000000000000000000 ) ) ;
#3172 = EDGE_CURVE ( 'NONE', #2928, #6817, #434, .T. ) ;
#3173 = VERTEX_POINT ( 'NONE', #3707 ) ;
#3174 = DIRECTION ( 'NONE',  ( -0.4999999999486983704, 0.0000000000000000000, 0.8660254038140575705 ) ) ;
#3175 =( NAMED_UNIT ( * ) SI_UNIT ( $, .STERADIAN. ) SOLID_ANGLE_UNIT ( ) );
#3176 = ORIENTED_EDGE ( 'NONE', *, *, #1234, .F. ) ;
#3177 = CLOSED_SHELL ( 'NONE', ( #984, #4946, #2965, #2628, #4079, #1473, #3796, #6447, #5886, #2317, #2005, #1506, #4354, #3770, #841, #4247, #3170, #393, #2713, #1540, #2823, #2607, #5357, #1967, #4267, #2435, #813, #4293, #3529, #2154, #2659, #5393, #6250, #1812, #2498, #3737, #4881, #3006, #2476, #2316, #5803, #6698, #5230, #2921, #6099, #6681, #5328, #974, #3623, #2609, #6480, #2432, #1766, #2443, #5118, #1794, #5049, #953, #2372, #3991, #4658, #2721, #6857, #1900, #5127, #201, #1490, #1801, #3388, #5047, #551, #5845, #4351, #2588, #3515, #3181, #4284, #716, #5592, #4157, #6806, #3616, #4484, #2669, #4516, #4864, #5871, #2899, #3913, #5889, #599, #6921, #2549, #3530, #5561, #5306, #6397, #5870, #3142, #5444, #6056, #3836, #2581, #2433, #349, #3642, #133, #6827, #1821, #3691, #5270, #4679, #6444, #5878, #3405, #3552, #6741, #3211, #3089, #6750, #3734, #4343, #6637, #1804, #5952, #214, #4052, #6734, #6291, #5527, #2373, #2096, #2748, #1273, #6772, #4012, #4374, #3079, #1066, #1274, #5835, #4817, #634, #765, #5749, #2877, #5657, #6266, #982, #897, #2829, #2678, #3048, #5192, #1163, #2076, #6789, #5416, #514, #72, #1081, #4649, #2657, #1109, #2078, #1677, #4353, #1130, #5083, #4420, #5796, #786, #6722, #1937 ) ) ;
#3178 = ORIENTED_EDGE ( 'NONE', *, *, #326, .T. ) ;
#3179 = CARTESIAN_POINT ( 'NONE',  ( 0.2133858267707999523, -0.3385826771639992572, -0.2921259842507990534 ) ) ;
#3180 = DIRECTION ( 'NONE',  ( 0.0000000000000000000, -6.123031769111886291E-17, -1.000000000000000000 ) ) ;
#3181 = ADVANCED_FACE ( 'NONE', ( #6338 ), #4196, .F. ) ;
#3182 = LINE ( 'NONE', #3218, #3875 ) ;
#3183 = VECTOR ( 'NONE', #2210, 39.37007874015748143 ) ;
#3184 = CARTESIAN_POINT ( 'NONE',  ( 0.3524547350064635154, 0.3285433070852992188, -0.3204724409435995014 ) ) ;
#3185 = CARTESIAN_POINT ( 'NONE',  ( 0.0000000000000000000, 0.04680900692053314299, 4.631599255873611091E-16 ) ) ;
#3186 = LINE ( 'NONE', #6482, #2235 ) ;
#3187 = ORIENTED_EDGE ( 'NONE', *, *, #5932, .T. ) ;
#3188 = ORIENTED_EDGE ( 'NONE', *, *, #6770, .F. ) ;
#3189 = CARTESIAN_POINT ( 'NONE',  ( 0.5797244094694997685, -0.2431879680263148991, 0.1963789611057866480 ) ) ;
#3190 = EDGE_CURVE ( 'NONE', #6859, #3224, #6644, .T. ) ;
#3191 = EDGE_CURVE ( 'NONE', #361, #5687, #4717, .T. ) ;
#3192 = DIRECTION ( 'NONE',  ( 0.0000000000000000000, 0.0000000000000000000, 1.000000000000000000 ) ) ;
#3193 = CARTESIAN_POINT ( 'NONE',  ( -0.7387937305823345513, 0.09516942212052255379, 0.1968153611855923135 ) ) ;
#3194 = UNCERTAINTY_MEASURE_WITH_UNIT (LENGTH_MEASURE( 1.000000000000000082E-05 ), #2614, 'distance_accuracy_value', 'NONE');
#3195 = FACE_OUTER_BOUND ( 'NONE', #806, .T. ) ;
#3196 = EDGE_LOOP ( 'NONE', ( #6622, #4216, #5629, #3456 ) ) ;
#3197 = DIRECTION ( 'NONE',  ( 0.0000000000000000000, -0.4999999999997196132, 0.8660254037846004671 ) ) ;
#3198 = CARTESIAN_POINT ( 'NONE',  ( 0.0000000000000000000, -0.3285433070852992188, 4.861428670200348617E-16 ) ) ;
#3199 = CARTESIAN_POINT ( 'NONE',  ( 0.3515748031481997771, 0.3582677165339995806, -0.2921259842507990534 ) ) ;
#3200 = DIRECTION ( 'NONE',  ( -1.000000000000000000, -0.0000000000000000000, 0.0000000000000000000 ) ) ;
#3201 = VERTEX_POINT ( 'NONE', #2494 ) ;
#3202 = VECTOR ( 'NONE', #1777, 39.37007874015748854 ) ;
#3203 = DIRECTION ( 'NONE',  ( 0.0000000000000000000, -1.000000000000000000, 0.0000000000000000000 ) ) ;
#3204 = VERTEX_POINT ( 'NONE', #1969 ) ;
#3205 = VECTOR ( 'NONE', #6202, 39.37007874015748143 ) ;
#3206 = CARTESIAN_POINT ( 'NONE',  ( -0.6181102362200001643, 2.651794250111611313E-17, 0.2165354330699997554 ) ) ;
#3207 = AXIS2_PLACEMENT_3D ( 'NONE', #3491, #6256, #1407 ) ;
#3208 = VERTEX_POINT ( 'NONE', #6219 ) ;
#3209 = DIRECTION ( 'NONE',  ( 0.0000000000000000000, -0.7071067811865443531, 0.7071067811865507924 ) ) ;
#3210 = CONICAL_SURFACE ( 'NONE', #1080, 0.3070866141720002829, 0.8224182792713762291 ) ;
#3211 = ADVANCED_FACE ( 'NONE', ( #3488 ), #6327, .T. ) ;
#3212 = EDGE_CURVE ( 'NONE', #2839, #1271, #3705, .T. ) ;
#3213 = DIRECTION ( 'NONE',  ( 1.000000000000000000, 0.0000000000000000000, 0.0000000000000000000 ) ) ;
#3214 = ORIENTED_EDGE ( 'NONE', *, *, #3354, .T. ) ;
#3215 = VECTOR ( 'NONE', #487, 39.37007874015748143 ) ;
#3216 = DIRECTION ( 'NONE',  ( 0.0000000000000000000, -6.123031769111886291E-17, -1.000000000000000000 ) ) ;
#3217 = AXIS2_PLACEMENT_3D ( 'NONE', #956, #5272, #6935 ) ;
#3218 = CARTESIAN_POINT ( 'NONE',  ( 0.5688976377929995110, 0.2722930320583660802, 4.440934048261615448E-16 ) ) ;
#3219 = DIRECTION ( 'NONE',  ( 0.0000000000000000000, 1.000000000000000000, 0.0000000000000000000 ) ) ;
#3220 = CARTESIAN_POINT ( 'NONE',  ( 0.8114173228314003339, -0.3385826771639992017, -0.2921259842507990534 ) ) ;
#3221 = DIRECTION ( 'NONE',  ( 0.0000000000000000000, 1.000000000000000000, -6.123031769111886291E-17 ) ) ;
#3222 = ORIENTED_EDGE ( 'NONE', *, *, #1648, .T. ) ;
#3223 = EDGE_CURVE ( 'NONE', #1843, #4619, #807, .T. ) ;
#3224 = VERTEX_POINT ( 'NONE', #950 ) ;
#3225 = FACE_OUTER_BOUND ( 'NONE', #1700, .T. ) ;
#3226 = VECTOR ( 'NONE', #4891, 39.37007874015748143 ) ;
#3227 = CARTESIAN_POINT ( 'NONE',  ( -0.6889763779520012843, 3.423225304689537327E-17, 0.2519685039359994549 ) ) ;
#3228 = LINE ( 'NONE', #5401, #3143 ) ;
#3229 = CARTESIAN_POINT ( 'NONE',  ( -0.7158535582041731793, 0.1334614873917823186, 0.2137198127430401939 ) ) ;
#3230 = DIRECTION ( 'NONE',  ( -0.0000000000000000000, -6.123031769111886291E-17, -1.000000000000000000 ) ) ;
#3231 = EDGE_CURVE ( 'NONE', #6473, #2917, #5422, .T. ) ;
#3232 = ORIENTED_EDGE ( 'NONE', *, *, #2406, .F. ) ;
#3233 = EDGE_CURVE ( 'NONE', #3246, #6048, #2456, .T. ) ;
#3234 = EDGE_LOOP ( 'NONE', ( #4874, #6000, #6459, #1769 ) ) ;
#3235 = DIRECTION ( 'NONE',  ( -1.000000000000000000, 6.123031769111886291E-17, -3.749151804555343599E-33 ) ) ;
#3236 = CARTESIAN_POINT ( 'NONE',  ( 0.5797244094694997685, 0.3104330708648994630, 0.1610236220466032264 ) ) ;
#3237 = VECTOR ( 'NONE', #713, 39.37007874015748143 ) ;
#3238 = DIRECTION ( 'NONE',  ( 1.000000000000000000, 0.0000000000000000000, 0.0000000000000000000 ) ) ;
#3239 = CARTESIAN_POINT ( 'NONE',  ( 0.1574803294008270960, -0.3104330708652991433, -0.3720363413119387452 ) ) ;
#3240 = EDGE_LOOP ( 'NONE', ( #572, #4757 ) ) ;
#3241 = VECTOR ( 'NONE', #5296, 39.37007874015748143 ) ;
#3242 = ORIENTED_EDGE ( 'NONE', *, *, #3338, .F. ) ;
#3243 = LINE ( 'NONE', #5421, #447 ) ;
#3244 = VECTOR ( 'NONE', #4571, 39.37007874015748143 ) ;
#3245 = VECTOR ( 'NONE', #2091, 39.37007874015748143 ) ;
#3246 = VERTEX_POINT ( 'NONE', #4648 ) ;
#3247 = SURFACE_STYLE_FILL_AREA ( #470 ) ;
#3248 = CARTESIAN_POINT ( 'NONE',  ( 0.6024547350054634265, -0.3104330708652991433, -0.3204724409435995014 ) ) ;
#3249 = ORIENTED_EDGE ( 'NONE', *, *, #2405, .F. ) ;
#3250 = VECTOR ( 'NONE', #1127, 39.37007874015748854 ) ;
#3251 = DIRECTION ( 'NONE',  ( -0.0000000000000000000, -1.000000000000000000, 0.0000000000000000000 ) ) ;
#3252 = EDGE_CURVE ( 'NONE', #471, #3522, #6653, .T. ) ;
#3253 = CARTESIAN_POINT ( 'NONE',  ( 0.3297244094704998019, 0.2785433070854992366, 0.1610236220466032264 ) ) ;
#3254 = CARTESIAN_POINT ( 'NONE',  ( 0.1015748031491998660, -0.3582677165339995806, -0.2921259842507990534 ) ) ;
#3255 = CARTESIAN_POINT ( 'NONE',  ( -0.7158535582041731793, -0.1334614873947934655, -0.2137198127411598370 ) ) ;
#3256 = AXIS2_PLACEMENT_3D ( 'NONE', #2774, #2834, #5079 ) ;
#3257 = CIRCLE ( 'NONE', #452, 0.02362204724400002870 ) ;
#3258 = VERTEX_POINT ( 'NONE', #4614 ) ;
#3259 = FACE_BOUND ( 'NONE', #3634, .T. ) ;
#3260 = AXIS2_PLACEMENT_3D ( 'NONE', #3931, #3856, #1151 ) ;
#3261 = CARTESIAN_POINT ( 'NONE',  ( 0.0000000000000000000, -0.2722930320583651920, 4.826986448099228622E-16 ) ) ;
#3262 = EDGE_CURVE ( 'NONE', #1394, #3068, #2421, .T. ) ;
#3263 = CARTESIAN_POINT ( 'NONE',  ( -0.7158535582041731793, 0.0000000000000000000, 0.0000000000000000000 ) ) ;
#3264 = EDGE_CURVE ( 'NONE', #431, #6559, #5652, .T. ) ;
#3265 = FACE_OUTER_BOUND ( 'NONE', #60, .T. ) ;
#3266 = CARTESIAN_POINT ( 'NONE',  ( -0.6929133858260003720, -0.1334614873947943536, 0.2137198127411572279 ) ) ;
#3267 = EDGE_LOOP ( 'NONE', ( #4444, #3377, #3670, #1984 ) ) ;
#3268 = CARTESIAN_POINT ( 'NONE',  ( 0.5001567777274592563, -0.2722931342309194980, 0.1172306266429770094 ) ) ;
#3269 = EDGE_LOOP ( 'NONE', ( #919, #4887, #5695, #2975 ) ) ;
#3270 = CARTESIAN_POINT ( 'NONE',  ( 0.4633858267697990030, 0.3385826771639992572, -0.2921259842507990534 ) ) ;
#3271 = EDGE_CURVE ( 'NONE', #75, #5045, #5732, .T. ) ;
#3272 = CARTESIAN_POINT ( 'NONE',  ( 0.4852362204704991910, -0.3104330708648994075, 0.1610236220466032264 ) ) ;
#3273 = CARTESIAN_POINT ( 'NONE',  ( 0.3297244094704998019, -0.2785433070854992366, 0.1610236220466032264 ) ) ;
#3274 = DIRECTION ( 'NONE',  ( 0.0000000000000000000, -6.123031769111886291E-17, -1.000000000000000000 ) ) ;
#3275 = ORIENTED_EDGE ( 'NONE', *, *, #1408, .T. ) ;
#3276 = ORIENTED_EDGE ( 'NONE', *, *, #484, .F. ) ;
#3277 = EDGE_CURVE ( 'NONE', #3908, #847, #3017, .T. ) ;
#3278 = DIRECTION ( 'NONE',  ( 1.000000000000000000, -3.749151804555343599E-33, 2.295617560651552647E-49 ) ) ;
#3279 = EDGE_CURVE ( 'NONE', #4619, #6826, #4113, .T. ) ;
#3280 = ORIENTED_EDGE ( 'NONE', *, *, #5701, .F. ) ;
#3281 = ORIENTED_EDGE ( 'NONE', *, *, #5826, .T. ) ;
#3282 = ORIENTED_EDGE ( 'NONE', *, *, #3233, .T. ) ;
#3283 = CARTESIAN_POINT ( 'NONE',  ( 0.4633858267697998912, 0.3582677165339997472, -0.2921259842507990534 ) ) ;
#3284 = AXIS2_PLACEMENT_3D ( 'NONE', #6134, #6029, #3322 ) ;
#3285 = EDGE_LOOP ( 'NONE', ( #918, #2013, #498, #6062 ) ) ;
#3286 = CARTESIAN_POINT ( 'NONE',  ( -0.7158535582041731793, 0.2518175308233048248, 0.008721132139863582017 ) ) ;
#3287 = FACE_OUTER_BOUND ( 'NONE', #3494, .T. ) ;
#3288 = CARTESIAN_POINT ( 'NONE',  ( 0.2352362204714993354, -0.2431879680263150656, 0.1963789611057868423 ) ) ;
#3289 = PRODUCT_DEFINITION_FORMATION_WITH_SPECIFIED_SOURCE ( 'ANY', '', #4624, .NOT_KNOWN. ) ;
#3290 = EDGE_LOOP ( 'NONE', ( #4410, #4199, #3116, #5124 ) ) ;
#3291 = CARTESIAN_POINT ( 'NONE',  ( 0.4633858267697990030, -0.3285433070852991633, -0.3118110236207990438 ) ) ;
#3292 = VECTOR ( 'NONE', #2011, 39.37007874015748143 ) ;
#3293 = FACE_OUTER_BOUND ( 'NONE', #421, .T. ) ;
#3294 = LINE ( 'NONE', #5468, #4727 ) ;
#3295 = LINE ( 'NONE', #655, #4118 ) ;
#3296 = CARTESIAN_POINT ( 'NONE',  ( 0.5001567777274594784, 0.2722930320583651920, 0.1172306448981628724 ) ) ;
#3297 = ORIENTED_EDGE ( 'NONE', *, *, #190, .F. ) ;
#3298 = VECTOR ( 'NONE', #2412, 39.37007874015748143 ) ;
#3299 = ADVANCED_FACE ( 'NONE', ( #920 ), #3051, .T. ) ;
#3300 = DIRECTION ( 'NONE',  ( 0.0000000000000000000, 1.000000000000000000, -6.123031769111886291E-17 ) ) ;
#3301 = EDGE_CURVE ( 'NONE', #321, #4295, #4685, .T. ) ;
#3302 = ORIENTED_EDGE ( 'NONE', *, *, #5611, .T. ) ;
#3303 = PRODUCT_DEFINITION ( 'UNKNOWN', '', #3289, #2141 ) ;
#3304 = CYLINDRICAL_SURFACE ( 'NONE', #4331, 0.03188976377939998358 ) ;
#3305 = LINE ( 'NONE', #2717, #1209 ) ;
#3306 = DIMENSIONAL_EXPONENTS ( 1.000000000000000000, 0.0000000000000000000, 0.0000000000000000000, 0.0000000000000000000, 0.0000000000000000000, 0.0000000000000000000, 0.0000000000000000000 ) ;
#3307 = EDGE_CURVE ( 'NONE', #5123, #204, #5265, .T. ) ;
#3308 = ORIENTED_EDGE ( 'NONE', *, *, #6815, .F. ) ;
#3309 = ORIENTED_EDGE ( 'NONE', *, *, #5209, .F. ) ;
#3310 = LINE ( 'NONE', #3840, #4939 ) ;
#3311 = ORIENTED_EDGE ( 'NONE', *, *, #6501, .T. ) ;
#3312 = VERTEX_POINT ( 'NONE', #4016 ) ;
#3313 = AXIS2_PLACEMENT_3D ( 'NONE', #4134, #3609, #295 ) ;
#3314 = ORIENTED_EDGE ( 'NONE', *, *, #4737, .F. ) ;
#3315 = EDGE_CURVE ( 'NONE', #2984, #5364, #1341, .T. ) ;
#3316 = FACE_OUTER_BOUND ( 'NONE', #1028, .T. ) ;
#3317 = EDGE_CURVE ( 'NONE', #211, #3873, #2134, .T. ) ;
#3318 = VERTEX_POINT ( 'NONE', #1089 ) ;
#3319 = FACE_OUTER_BOUND ( 'NONE', #4340, .T. ) ;
#3320 = CARTESIAN_POINT ( 'NONE',  ( 0.05984251968459996379, 0.0000000000000000000, 0.01415250401980738641 ) ) ;
#3321 = DIRECTION ( 'NONE',  ( 0.0000000000000000000, 0.0000000000000000000, -1.000000000000000000 ) ) ;
#3322 = DIRECTION ( 'NONE',  ( 0.0000000000000000000, -1.000000000000000000, 6.123031769111886291E-17 ) ) ;
#3323 = ORIENTED_EDGE ( 'NONE', *, *, #3788, .T. ) ;
#3324 = VECTOR ( 'NONE', #6354, 39.37007874015748143 ) ;
#3325 = DIRECTION ( 'NONE',  ( -1.000000000000000000, 0.0000000000000000000, 0.0000000000000000000 ) ) ;
#3326 = CARTESIAN_POINT ( 'NONE',  ( 0.3297244094704998019, 0.07242074860119984692, 2.664535259100375303E-15 ) ) ;
#3327 = DIRECTION ( 'NONE',  ( -1.000000000000000000, 6.123031769111886291E-17, -3.749151804555343599E-33 ) ) ;
#3328 = DIRECTION ( 'NONE',  ( -0.4999999999487388935, 0.0000000000000000000, -0.8660254038140342558 ) ) ;
#3329 = ORIENTED_EDGE ( 'NONE', *, *, #6356, .T. ) ;
#3330 = CARTESIAN_POINT ( 'NONE',  ( 0.07972440947149994628, -0.2431879680263148991, 0.1963789611057866480 ) ) ;
#3331 = ORIENTED_EDGE ( 'NONE', *, *, #3279, .F. ) ;
#3332 =( NAMED_UNIT ( * ) PLANE_ANGLE_UNIT ( ) SI_UNIT ( $, .RADIAN. ) );
#3333 = CARTESIAN_POINT ( 'NONE',  ( 0.4960629921252364127, -0.2722930320583651920, 1.121629502610881634E-15 ) ) ;
#3334 = DIRECTION ( 'NONE',  ( 0.0000000000000000000, 1.000000000000000000, -6.123031769111886291E-17 ) ) ;
#3335 = CARTESIAN_POINT ( 'NONE',  ( 0.4852362204704992465, -0.2431879680263148991, 0.1963789611057866480 ) ) ;
#3336 = EDGE_CURVE ( 'NONE', #3050, #4502, #526, .T. ) ;
#3337 = CARTESIAN_POINT ( 'NONE',  ( 0.1338582677159996237, -0.3104330708652991433, -0.3283464566915989535 ) ) ;
#3338 = EDGE_CURVE ( 'NONE', #2295, #5543, #5988, .T. ) ;
#3339 = VECTOR ( 'NONE', #6481, 39.37007874015748143 ) ;
#3340 = EDGE_LOOP ( 'NONE', ( #1051, #4775, #2332, #3401 ) ) ;
#3341 = ORIENTED_EDGE ( 'NONE', *, *, #2105, .F. ) ;
#3342 = AXIS2_PLACEMENT_3D ( 'NONE', #2329, #1245, #2258 ) ;
#3343 = DIRECTION ( 'NONE',  ( 0.0000000000000000000, 1.000000000000000000, -6.123031769111886291E-17 ) ) ;
#3344 = EDGE_CURVE ( 'NONE', #2410, #1479, #6493, .T. ) ;
#3345 = ORIENTED_EDGE ( 'NONE', *, *, #5403, .F. ) ;
#3346 = ORIENTED_EDGE ( 'NONE', *, *, #3747, .T. ) ;
#3347 = AXIS2_PLACEMENT_3D ( 'NONE', #6892, #3584, #1478 ) ;
#3348 = ORIENTED_EDGE ( 'NONE', *, *, #2259, .F. ) ;
#3349 = DIRECTION ( 'NONE',  ( 0.0000000000000000000, 0.0000000000000000000, -1.000000000000000000 ) ) ;
#3350 = ORIENTED_EDGE ( 'NONE', *, *, #6228, .T. ) ;
#3351 = CARTESIAN_POINT ( 'NONE',  ( 0.8114173228314003339, -0.3385826771639992017, -0.3118110236207991548 ) ) ;
#3352 = AXIS2_PLACEMENT_3D ( 'NONE', #2658, #6383, #5930 ) ;
#3353 = EDGE_CURVE ( 'NONE', #5282, #4446, #4259, .T. ) ;
#3354 = EDGE_CURVE ( 'NONE', #5646, #5034, #32, .T. ) ;
#3355 = DIRECTION ( 'NONE',  ( -1.000000000000000000, -6.123031769111886291E-17, 3.749151804555343599E-33 ) ) ;
#3356 = FACE_OUTER_BOUND ( 'NONE', #6569, .T. ) ;
#3357 = CIRCLE ( 'NONE', #3927, 0.03188976377939998358 ) ;
#3358 = AXIS2_PLACEMENT_3D ( 'NONE', #5696, #1480, #4050 ) ;
#3359 = FACE_BOUND ( 'NONE', #3793, .T. ) ;
#3360 = DIRECTION ( 'NONE',  ( -0.0000000000000000000, 0.7071067811865443531, 0.7071067811865507924 ) ) ;
#3361 = CARTESIAN_POINT ( 'NONE',  ( 0.07972440947149994628, -0.3285433070852992188, 2.664535259100375303E-15 ) ) ;
#3362 = AXIS2_PLACEMENT_3D ( 'NONE', #422, #1936, #1403 ) ;
#3363 = CARTESIAN_POINT ( 'NONE',  ( 0.2352362204714992522, 0.2785433070854992366, 0.1610236220466032264 ) ) ;
#3364 = FACE_OUTER_BOUND ( 'NONE', #568, .T. ) ;
#3365 = ORIENTED_EDGE ( 'NONE', *, *, #5304, .T. ) ;
#3366 = FACE_OUTER_BOUND ( 'NONE', #6894, .T. ) ;
#3367 = VECTOR ( 'NONE', #6213, 39.37007874015748143 ) ;
#3368 = EDGE_LOOP ( 'NONE', ( #1837, #3040, #3144, #1375 ) ) ;
#3369 = CARTESIAN_POINT ( 'NONE',  ( 0.5797244094694997685, 0.2785433070854992366, 0.1610236220466032264 ) ) ;
#3370 = CIRCLE ( 'NONE', #5978, 0.2165354330699997554 ) ;
#3371 = CARTESIAN_POINT ( 'NONE',  ( 0.3474540777661321855, -0.3285433070852991633, -0.3118110236207990438 ) ) ;
#3372 = DIRECTION ( 'NONE',  ( 1.000000000000000000, 0.0000000000000000000, 0.0000000000000000000 ) ) ;
#3373 = DIRECTION ( 'NONE',  ( -1.000000000000000000, -0.0000000000000000000, -0.0000000000000000000 ) ) ;
#3374 = CARTESIAN_POINT ( 'NONE',  ( 0.6015748031471988000, 0.3285433070852992188, -0.3118110236207991548 ) ) ;
#3375 = DIRECTION ( 'NONE',  ( 0.0000000000000000000, -6.123031769111886291E-17, -1.000000000000000000 ) ) ;
#3376 = AXIS2_PLACEMENT_3D ( 'NONE', #2880, #6223, #2320 ) ;
#3377 = ORIENTED_EDGE ( 'NONE', *, *, #3277, .T. ) ;
#3378 = ORIENTED_EDGE ( 'NONE', *, *, #4699, .F. ) ;
#3379 = LINE ( 'NONE', #3490, #3479 ) ;
#3380 = PLANE ( 'NONE',  #2755 ) ;
#3381 = CARTESIAN_POINT ( 'NONE',  ( 0.2125058949125353536, 0.3285433070852992188, -0.3204724409435995014 ) ) ;
#3382 = VERTEX_POINT ( 'NONE', #6429 ) ;
#3383 = ORIENTED_EDGE ( 'NONE', *, *, #4915, .F. ) ;
#3384 = EDGE_LOOP ( 'NONE', ( #556, #1356, #5208, #2043 ) ) ;
#3385 = CARTESIAN_POINT ( 'NONE',  ( 0.4852362204704991355, 0.3104330708648994630, 1.560460843526877166E-15 ) ) ;
#3386 = EDGE_CURVE ( 'NONE', #2232, #2542, #6361, .T. ) ;
#3387 = ORIENTED_EDGE ( 'NONE', *, *, #5479, .F. ) ;
#3388 = ADVANCED_FACE ( 'NONE', ( #2149 ), #6996, .T. ) ;
#3389 = PLANE ( 'NONE',  #1111 ) ;
#3390 = CARTESIAN_POINT ( 'NONE',  ( -8.881784197001252323E-16, -0.3104330708652991433, -0.3118110236207991548 ) ) ;
#3391 = CARTESIAN_POINT ( 'NONE',  ( 0.6338582677139994459, 0.3285433070852992188, -0.4543307086595991251 ) ) ;
#3392 = VERTEX_POINT ( 'NONE', #2180 ) ;
#3393 = CARTESIAN_POINT ( 'NONE',  ( 0.2133858267707999523, -0.3582677165339996916, -0.09999999999959906238 ) ) ;
#3394 = EDGE_CURVE ( 'NONE', #1707, #3779, #560, .T. ) ;
#3395 = PRESENTATION_LAYER_ASSIGNMENT (  '', '', ( #6232 ) ) ;
#3396 = CARTESIAN_POINT ( 'NONE',  ( 0.4625058949115352647, 0.3104330708652991433, -0.3204724409435995014 ) ) ;
#3397 = DIRECTION ( 'NONE',  ( 0.0000000000000000000, 0.0000000000000000000, -1.000000000000000000 ) ) ;
#3398 = CARTESIAN_POINT ( 'NONE',  ( 0.6015748031471988000, -0.3385826771639992017, -0.3118110236207991548 ) ) ;
#3399 = DIRECTION ( 'NONE',  ( 0.03489949669734759841, -0.0000000000000000000, 0.9993908270192757293 ) ) ;
#3400 = VERTEX_POINT ( 'NONE', #1656 ) ;
#3401 = ORIENTED_EDGE ( 'NONE', *, *, #3692, .F. ) ;
#3402 = DIRECTION ( 'NONE',  ( 0.0000000000000000000, 0.0000000000000000000, 1.000000000000000000 ) ) ;
#3403 = AXIS2_PLACEMENT_3D ( 'NONE', #1974, #3555, #1941 ) ;
#3404 = ORIENTED_EDGE ( 'NONE', *, *, #2237, .F. ) ;
#3405 = ADVANCED_FACE ( 'NONE', ( #3797 ), #4186, .F. ) ;
#3406 = EDGE_CURVE ( 'NONE', #1596, #2170, #6887, .T. ) ;
#3407 = DIRECTION ( 'NONE',  ( -0.0000000000000000000, -1.000000000000000000, -0.0000000000000000000 ) ) ;
#3408 = CARTESIAN_POINT ( 'NONE',  ( 0.0000000000000000000, 0.3285433070852992188, -0.3204724409435995014 ) ) ;
#3409 = DIRECTION ( 'NONE',  ( 1.000000000000000000, -0.0000000000000000000, -0.0000000000000000000 ) ) ;
#3410 = CARTESIAN_POINT ( 'NONE',  ( 0.2352362204714992522, 0.2273686271854815644, 0.1038228542632961826 ) ) ;
#3411 = VECTOR ( 'NONE', #1790, 39.37007874015748143 ) ;
#3412 = LINE ( 'NONE', #6678, #1897 ) ;
#3413 = ORIENTED_EDGE ( 'NONE', *, *, #4435, .F. ) ;
#3414 = ORIENTED_EDGE ( 'NONE', *, *, #6511, .T. ) ;
#3415 = CARTESIAN_POINT ( 'NONE',  ( 0.7352362204694999903, -0.3285433070852992188, 2.664535259100375303E-15 ) ) ;
#3416 = LINE ( 'NONE', #5596, #61 ) ;
#3417 = DIRECTION ( 'NONE',  ( -0.0000000000000000000, 1.000000000000000000, -6.123031769111886291E-17 ) ) ;
#3418 = ORIENTED_EDGE ( 'NONE', *, *, #1079, .F. ) ;
#3419 = VERTEX_POINT ( 'NONE', #2045 ) ;
#3420 = ORIENTED_EDGE ( 'NONE', *, *, #4589, .T. ) ;
#3421 = FACE_OUTER_BOUND ( 'NONE', #245, .T. ) ;
#3422 = ORIENTED_EDGE ( 'NONE', *, *, #4966, .T. ) ;
#3423 = CARTESIAN_POINT ( 'NONE',  ( -0.7387937305823456535, -0.2169217225712435082, -0.02888153423811634646 ) ) ;
#3424 = AXIS2_PLACEMENT_3D ( 'NONE', #1391, #2587, #5175 ) ;
#3425 = CARTESIAN_POINT ( 'NONE',  ( 0.3297244094704998019, 0.3104330708648994630, 0.1610236220466032264 ) ) ;
#3426 = ADVANCED_FACE ( 'NONE', ( #4220 ), #490, .T. ) ;
#3427 = CARTESIAN_POINT ( 'NONE',  ( -0.3901574803154010951, 0.0000000000000000000, 0.0000000000000000000 ) ) ;
#3428 = EDGE_CURVE ( 'NONE', #2961, #3600, #5836, .T. ) ;
#3429 = CARTESIAN_POINT ( 'NONE',  ( 0.0000000000000000000, 0.3285433070852992188, -0.3204724409435995014 ) ) ;
#3430 = CARTESIAN_POINT ( 'NONE',  ( 0.8114173228314000008, 0.2964566929121998373, 4.458996087168407045E-16 ) ) ;
#3431 = AXIS2_PLACEMENT_3D ( 'NONE', #225, #2404, #294 ) ;
#3432 = CARTESIAN_POINT ( 'NONE',  ( 0.07972440947149994628, 0.2431879680263149268, 0.1963789611057866480 ) ) ;
#3433 = DIRECTION ( 'NONE',  ( 0.0000000000000000000, 6.123031769111886291E-17, 1.000000000000000000 ) ) ;
#3434 = CARTESIAN_POINT ( 'NONE',  ( 0.0000000000000000000, 0.3285433070852992188, 4.459092448837873977E-16 ) ) ;
#3435 = DIRECTION ( 'NONE',  ( -1.000000000000000000, 0.0000000000000000000, 0.0000000000000000000 ) ) ;
#3436 = ORIENTED_EDGE ( 'NONE', *, *, #302, .T. ) ;
#3437 = VECTOR ( 'NONE', #2980, 39.37007874015748143 ) ;
#3438 = AXIS2_PLACEMENT_3D ( 'NONE', #4483, #6725, #2465 ) ;
#3439 = DIRECTION ( 'NONE',  ( -0.1818138394791641854, -0.5119632431738804224, 0.8395459281139578955 ) ) ;
#3440 = LINE ( 'NONE', #2803, #3819 ) ;
#3441 = VECTOR ( 'NONE', #6423, 39.37007874015748143 ) ;
#3442 = CARTESIAN_POINT ( 'NONE',  ( -0.7387937305823458756, -1.404634042604543992E-18, 8.600618866843681429E-35 ) ) ;
#3443 = AXIS2_PLACEMENT_3D ( 'NONE', #6143, #4399, #3203 ) ;
#3444 = DIRECTION ( 'NONE',  ( 0.0000000000000000000, 0.0000000000000000000, -1.000000000000000000 ) ) ;
#3445 = DIRECTION ( 'NONE',  ( -0.0000000000000000000, 6.123031769111886291E-17, 1.000000000000000000 ) ) ;
#3446 = EDGE_CURVE ( 'NONE', #6604, #3224, #3729, .T. ) ;
#3447 = EDGE_CURVE ( 'NONE', #1257, #4920, #5301, .T. ) ;
#3448 = ORIENTED_EDGE ( 'NONE', *, *, #5099, .T. ) ;
#3449 = ORIENTED_EDGE ( 'NONE', *, *, #1646, .F. ) ;
#3450 = LINE ( 'NONE', #2809, #4599 ) ;
#3451 = AXIS2_PLACEMENT_3D ( 'NONE', #228, #3934, #6172 ) ;
#3452 = CARTESIAN_POINT ( 'NONE',  ( 0.3838582677150000899, 0.3285433070852992188, -0.3283464566915989535 ) ) ;
#3453 = DIRECTION ( 'NONE',  ( 0.0000000000000000000, 1.000000000000000000, -6.123031769111886291E-17 ) ) ;
#3454 = EDGE_LOOP ( 'NONE', ( #505, #1557, #6466, #20 ) ) ;
#3455 = VERTEX_POINT ( 'NONE', #2080 ) ;
#3456 = ORIENTED_EDGE ( 'NONE', *, *, #4994, .F. ) ;
#3457 = CARTESIAN_POINT ( 'NONE',  ( 0.3515748031481988889, -0.3285433070852992188, -0.09999999999959907626 ) ) ;
#3458 = VERTEX_POINT ( 'NONE', #3371 ) ;
#3459 = CARTESIAN_POINT ( 'NONE',  ( 0.07972440947149994628, -0.3285433070852992188, 0.1610236220466032264 ) ) ;
#3460 = MECHANICAL_DESIGN_GEOMETRIC_PRESENTATION_REPRESENTATION (  '', ( #878 ), #5048 ) ;
#3461 = CARTESIAN_POINT ( 'NONE',  ( 0.7460629921242362128, -0.2964566929121998928, 4.841781934405836480E-16 ) ) ;
#3462 = CARTESIAN_POINT ( 'NONE',  ( -0.7387937305823457645, -0.1056347180059842156, -0.1912727812297275454 ) ) ;
#3463 = ORIENTED_EDGE ( 'NONE', *, *, #417, .F. ) ;
#3464 = VERTEX_POINT ( 'NONE', #3899 ) ;
#3465 = DIRECTION ( 'NONE',  ( 0.0000000000000000000, -1.000000000000000000, 6.123031769111886291E-17 ) ) ;
#3466 = AXIS2_PLACEMENT_3D ( 'NONE', #5794, #3655, #5729 ) ;
#3467 = EDGE_CURVE ( 'NONE', #3487, #5608, #128, .T. ) ;
#3468 = DIRECTION ( 'NONE',  ( 0.0000000000000000000, 0.0000000000000000000, 1.000000000000000000 ) ) ;
#3469 = DIRECTION ( 'NONE',  ( -0.0000000000000000000, -0.0000000000000000000, 1.000000000000000000 ) ) ;
#3470 = CARTESIAN_POINT ( 'NONE',  ( 0.3515748031481988889, -0.3285433070852992188, -0.09999999999959907626 ) ) ;
#3471 = CARTESIAN_POINT ( 'NONE',  ( 0.07972440947149994628, -0.2785433070854992366, 0.1610236220466032264 ) ) ;
#3472 = ORIENTED_EDGE ( 'NONE', *, *, #3394, .F. ) ;
#3473 = AXIS2_PLACEMENT_3D ( 'NONE', #6133, #5063, #2230 ) ;
#3474 = ORIENTED_EDGE ( 'NONE', *, *, #3029, .F. ) ;
#3475 = DIRECTION ( 'NONE',  ( 0.0000000000000000000, -0.5000000000055667693, 0.8660254037812246120 ) ) ;
#3476 = LINE ( 'NONE', #911, #132 ) ;
#3477 = EDGE_CURVE ( 'NONE', #2812, #4357, #6320, .T. ) ;
#3478 = EDGE_CURVE ( 'NONE', #3779, #5900, #1828, .T. ) ;
#3479 = VECTOR ( 'NONE', #6087, 39.37007874015748143 ) ;
#3480 = LINE ( 'NONE', #6873, #5526 ) ;
#3481 = DIRECTION ( 'NONE',  ( -0.0000000000000000000, -1.000000000000000000, -0.0000000000000000000 ) ) ;
#3482 = CARTESIAN_POINT ( 'NONE',  ( 0.2352362204714992522, 0.3104330708648994630, 0.1610236220466032264 ) ) ;
#3483 = DIRECTION ( 'NONE',  ( 0.0000000000000000000, 0.0000000000000000000, 1.000000000000000000 ) ) ;
#3484 = DIRECTION ( 'NONE',  ( 0.0000000000000000000, -1.000000000000000000, 6.123031769111886291E-17 ) ) ;
#3485 = AXIS2_PLACEMENT_3D ( 'NONE', #96, #195, #628 ) ;
#3486 = ORIENTED_EDGE ( 'NONE', *, *, #2103, .F. ) ;
#3487 = VERTEX_POINT ( 'NONE', #4999 ) ;
#3488 = FACE_OUTER_BOUND ( 'NONE', #1625, .T. ) ;
#3489 = EDGE_CURVE ( 'NONE', #5443, #2001, #3440, .T. ) ;
#3490 = CARTESIAN_POINT ( 'NONE',  ( 0.09745410653086672426, -0.3385826771640010335, -0.3118110236207991548 ) ) ;
#3491 = CARTESIAN_POINT ( 'NONE',  ( -0.7158535582041731793, 0.0000000000000000000, 0.0000000000000000000 ) ) ;
#3492 = DIRECTION ( 'NONE',  ( 1.000000000000000000, 0.0000000000000000000, 0.0000000000000000000 ) ) ;
#3493 = ORIENTED_EDGE ( 'NONE', *, *, #1861, .F. ) ;
#3494 = EDGE_LOOP ( 'NONE', ( #1340, #1186, #627, #6983 ) ) ;
#3495 = ORIENTED_EDGE ( 'NONE', *, *, #374, .T. ) ;
#3496 = CARTESIAN_POINT ( 'NONE',  ( -0.3901574803154010951, 1.906500062255488377E-17, 0.1556775442178812696 ) ) ;
#3497 = EDGE_LOOP ( 'NONE', ( #3187, #163, #2025, #2121 ) ) ;
#3498 =( BOUNDED_SURFACE ( )  B_SPLINE_SURFACE ( 3, 3, ( 
 ( #6771, #6874, #5247, #5284 ),
 ( #3678, #5752, #4171, #3072 ),
 ( #3570, #1498, #6914, #1990 ),
 ( #5785, #333, #4098, #5817 ) ),
 .UNSPECIFIED., .F., .F., .T. ) 
 B_SPLINE_SURFACE_WITH_KNOTS ( ( 4, 4 ),
 ( 4, 4 ),
 ( 0.0000000000000000000, 1.000000000000000000 ),
 ( 0.0000000000000000000, 1.000000000000000000 ),
 .UNSPECIFIED. ) 
 GEOMETRIC_REPRESENTATION_ITEM ( )  RATIONAL_B_SPLINE_SURFACE ( (
 ( 1.000000000000000000, 0.9208856537416193477, 0.9208856537416193477, 1.000000000000000000),
 ( 0.9567064887327171308, 0.8810172803154774357, 0.8810172803154774357, 0.9567064887327171308),
 ( 0.9567064887327171308, 0.8810172803154774357, 0.8810172803154774357, 0.9567064887327171308),
 ( 1.000000000000000000, 0.9208856537416193477, 0.9208856537416193477, 1.000000000000000000) ) ) 
 REPRESENTATION_ITEM ( '' )  SURFACE ( )  );
#3499 = LINE ( 'NONE', #2818, #1799 ) ;
#3500 = DIRECTION ( 'NONE',  ( -4.329637285359697429E-17, 0.7071067811865507924, 0.7071067811865443531 ) ) ;
#3501 = DIRECTION ( 'NONE',  ( -1.000000000000000000, -0.0000000000000000000, 0.0000000000000000000 ) ) ;
#3502 = ORIENTED_EDGE ( 'NONE', *, *, #6825, .F. ) ;
#3503 = CARTESIAN_POINT ( 'NONE',  ( 0.7907123311561808920, -0.2964566929122000594, 0.5929133858244003408 ) ) ;
#3504 = CARTESIAN_POINT ( 'NONE',  ( 0.6811023622020000445, 0.3285433070852992188, -0.3283464566915989535 ) ) ;
#3505 = CARTESIAN_POINT ( 'NONE',  ( -0.7380991001164473042, 0.2202263707118663483, 0.007590899298306219914 ) ) ;
#3506 = DIRECTION ( 'NONE',  ( 0.0000000000000000000, 0.7071067811865474617, -0.7071067811865474617 ) ) ;
#3507 = VECTOR ( 'NONE', #4116, 39.37007874015748143 ) ;
#3508 = ORIENTED_EDGE ( 'NONE', *, *, #160, .F. ) ;
#3509 = CARTESIAN_POINT ( 'NONE',  ( 0.7352362204694999903, -0.3104330708648994075, 0.1610236220466032264 ) ) ;
#3510 = CARTESIAN_POINT ( 'NONE',  ( 0.07972440947149994628, -0.3104330708648994075, 0.1610236220466032264 ) ) ;
#3511 = CARTESIAN_POINT ( 'NONE',  ( 0.7133858267687989141, 0.3285433070852992188, -0.3118110236207991548 ) ) ;
#3512 = CARTESIAN_POINT ( 'NONE',  ( 0.5797244094694997685, 0.2559938388666496145, 0.1835730902654524599 ) ) ;
#3513 = CARTESIAN_POINT ( 'NONE',  ( -0.6929133858260003720, -0.2518175308232999954, 0.008721132140003884717 ) ) ;
#3514 = CARTESIAN_POINT ( 'NONE',  ( 0.6015748031471988000, -0.3582677165339996916, -0.09999999999959906238 ) ) ;
#3515 = ADVANCED_FACE ( 'NONE', ( #5507 ), #6144, .T. ) ;
#3516 = EDGE_CURVE ( 'NONE', #5150, #3527, #3257, .T. ) ;
#3517 = VERTEX_POINT ( 'NONE', #3832 ) ;
#3518 = ORIENTED_EDGE ( 'NONE', *, *, #3749, .F. ) ;
#3519 = CARTESIAN_POINT ( 'NONE',  ( -0.7387937305823458756, -1.404634042604543992E-18, 8.600618866843681429E-35 ) ) ;
#3520 = LINE ( 'NONE', #4018, #6386 ) ;
#3521 = LINE ( 'NONE', #3130, #1267 ) ;
#3522 = VERTEX_POINT ( 'NONE', #6077 ) ;
#3523 = AXIS2_PLACEMENT_3D ( 'NONE', #1542, #4641, #2596 ) ;
#3524 = AXIS2_PLACEMENT_3D ( 'NONE', #4464, #1256, #3402 ) ;
#3525 = VERTEX_POINT ( 'NONE', #2773 ) ;
#3526 = DIRECTION ( 'NONE',  ( 0.0000000000000000000, -6.123031769111886291E-17, -1.000000000000000000 ) ) ;
#3527 = VERTEX_POINT ( 'NONE', #5622 ) ;
#3528 = ORIENTED_EDGE ( 'NONE', *, *, #4396, .F. ) ;
#3529 = ADVANCED_FACE ( 'NONE', ( #3864 ), #4504, .T. ) ;
#3530 = ADVANCED_FACE ( 'NONE', ( #1752 ), #4969, .T. ) ;
#3531 = DIRECTION ( 'NONE',  ( 0.0000000000000000000, 6.123031769111886291E-17, 1.000000000000000000 ) ) ;
#3532 = ORIENTED_EDGE ( 'NONE', *, *, #6470, .F. ) ;
#3533 = DIRECTION ( 'NONE',  ( 1.000000000000000000, 0.0000000000000000000, 0.0000000000000000000 ) ) ;
#3534 = DIRECTION ( 'NONE',  ( 1.000000000000000000, -0.0000000000000000000, -0.0000000000000000000 ) ) ;
#3535 = ORIENTED_EDGE ( 'NONE', *, *, #2238, .T. ) ;
#3536 = ORIENTED_EDGE ( 'NONE', *, *, #2749, .F. ) ;
#3537 = VECTOR ( 'NONE', #5684, 39.37007874015748143 ) ;
#3538 = DIRECTION ( 'NONE',  ( 1.000000000000000000, 0.0000000000000000000, 0.0000000000000000000 ) ) ;
#3539 = CARTESIAN_POINT ( 'NONE',  ( 0.3297244094704998019, 0.2273686271854815644, 0.1038228542632961826 ) ) ;
#3540 = AXIS2_PLACEMENT_3D ( 'NONE', #2585, #6974, #473 ) ;
#3541 = LINE ( 'NONE', #345, #6807 ) ;
#3542 = CARTESIAN_POINT ( 'NONE',  ( -0.7653543307074652802, 0.0000000000000000000, 0.0000000000000000000 ) ) ;
#3543 = AXIS2_PLACEMENT_3D ( 'NONE', #6122, #3980, #1269 ) ;
#3544 = CYLINDRICAL_SURFACE ( 'NONE', #2202, 0.2519685039360020085 ) ;
#3545 = DIRECTION ( 'NONE',  ( 0.0000000000000000000, -6.123031769111886291E-17, -1.000000000000000000 ) ) ;
#3546 = VECTOR ( 'NONE', #3842, 39.37007874015748143 ) ;
#3547 = PRODUCT_DEFINITION_SHAPE ( 'NONE', 'NONE',  #6999 ) ;
#3548 = ORIENTED_EDGE ( 'NONE', *, *, #1850, .T. ) ;
#3549 = VECTOR ( 'NONE', #1965, 39.37007874015748143 ) ;
#3550 = ORIENTED_EDGE ( 'NONE', *, *, #3124, .T. ) ;
#3551 = DIRECTION ( 'NONE',  ( -1.000000000000000000, 6.123031769111886291E-17, -3.749151804555343599E-33 ) ) ;
#3552 = ADVANCED_FACE ( 'NONE', ( #2212 ), #2346, .F. ) ;
#3553 = CARTESIAN_POINT ( 'NONE',  ( -0.7387937305823458756, 0.1334614873917843170, 0.2137198127430366412 ) ) ;
#3554 = DIRECTION ( 'NONE',  ( -0.4999999999487009794, 0.0000000000000000000, 0.8660254038140561272 ) ) ;
#3555 = DIRECTION ( 'NONE',  ( 1.000000000000000000, 0.0000000000000000000, 0.0000000000000000000 ) ) ;
#3556 = ORIENTED_EDGE ( 'NONE', *, *, #6040, .T. ) ;
#3557 = LINE ( 'NONE', #4057, #702 ) ;
#3558 = ORIENTED_EDGE ( 'NONE', *, *, #81, .F. ) ;
#3559 = LINE ( 'NONE', #3058, #745 ) ;
#3560 = ORIENTED_EDGE ( 'NONE', *, *, #5740, .F. ) ;
#3561 = EDGE_CURVE ( 'NONE', #5520, #1097, #4269, .T. ) ;
#3562 = DIRECTION ( 'NONE',  ( -1.000000000000000000, -0.0000000000000000000, -0.0000000000000000000 ) ) ;
#3563 = EDGE_CURVE ( 'NONE', #6504, #2242, #5547, .T. ) ;
#3564 = ORIENTED_EDGE ( 'NONE', *, *, #1410, .T. ) ;
#3565 = EDGE_LOOP ( 'NONE', ( #6957, #6866, #135, #2434 ) ) ;
#3566 = ORIENTED_EDGE ( 'NONE', *, *, #5625, .F. ) ;
#3567 = DIRECTION ( 'NONE',  ( 0.0000000000000000000, 0.0000000000000000000, 1.000000000000000000 ) ) ;
#3568 = ORIENTED_EDGE ( 'NONE', *, *, #4522, .F. ) ;
#3569 = EDGE_CURVE ( 'NONE', #6302, #6454, #4154, .T. ) ;
#3570 = CARTESIAN_POINT ( 'NONE',  ( -0.7833598806325159369, 0.007948665835283887787, -0.1316598725916381385 ) ) ;
#3571 = CARTESIAN_POINT ( 'NONE',  ( -0.7571812095230664452, 0.1575369634174674516, -0.1437234395177304502 ) ) ;
#3572 = LINE ( 'NONE', #5754, #5843 ) ;
#3573 = FACE_OUTER_BOUND ( 'NONE', #5861, .T. ) ;
#3574 = VERTEX_POINT ( 'NONE', #3333 ) ;
#3575 = ORIENTED_EDGE ( 'NONE', *, *, #539, .T. ) ;
#3576 = VECTOR ( 'NONE', #4000, 39.37007874015748143 ) ;
#3577 = LINE ( 'NONE', #5689, #3977 ) ;
#3578 = CARTESIAN_POINT ( 'NONE',  ( 0.1015748031491998660, -0.3385826771639992572, -0.3118110236207991548 ) ) ;
#3579 = EDGE_CURVE ( 'NONE', #2427, #2503, #4468, .T. ) ;
#3580 = PLANE ( 'NONE',  #1579 ) ;
#3581 = VECTOR ( 'NONE', #3608, 39.37007874015748143 ) ;
#3582 = VECTOR ( 'NONE', #2482, 39.37007874015748143 ) ;
#3583 = DIRECTION ( 'NONE',  ( 0.0000000000000000000, 0.0000000000000000000, -1.000000000000000000 ) ) ;
#3584 = DIRECTION ( 'NONE',  ( 0.0000000000000000000, 1.000000000000000000, 0.0000000000000000000 ) ) ;
#3585 = AXIS2_PLACEMENT_3D ( 'NONE', #5517, #4975, #136 ) ;
#3586 = ORIENTED_EDGE ( 'NONE', *, *, #4034, .T. ) ;
#3587 = ORIENTED_EDGE ( 'NONE', *, *, #2077, .F. ) ;
#3588 = DIRECTION ( 'NONE',  ( 0.0000000000000000000, 0.5000000000055671023, 0.8660254037812245009 ) ) ;
#3589 = CARTESIAN_POINT ( 'NONE',  ( 0.4852362204704992465, 0.2431879680263149268, 0.1963789611057866480 ) ) ;
#3590 = DIRECTION ( 'NONE',  ( 0.0000000000000000000, 1.000000000000000000, -6.123031769111886291E-17 ) ) ;
#3591 = CYLINDRICAL_SURFACE ( 'NONE', #3854, 0.04999999999980000998 ) ;
#3592 = AXIS2_PLACEMENT_3D ( 'NONE', #493, #33, #3730 ) ;
#3593 = AXIS2_PLACEMENT_3D ( 'NONE', #274, #3551, #352 ) ;
#3594 = ORIENTED_EDGE ( 'NONE', *, *, #337, .T. ) ;
#3595 = ORIENTED_EDGE ( 'NONE', *, *, #4984, .T. ) ;
#3596 = DIRECTION ( 'NONE',  ( -0.0000000000000000000, -1.000000000000000000, 6.123031769111886291E-17 ) ) ;
#3597 = ORIENTED_EDGE ( 'NONE', *, *, #3661, .T. ) ;
#3598 = VECTOR ( 'NONE', #4914, 39.37007874015748143 ) ;
#3599 = PLANE ( 'NONE',  #5293 ) ;
#3600 = VERTEX_POINT ( 'NONE', #1295 ) ;
#3601 = CARTESIAN_POINT ( 'NONE',  ( 2.193684610184847036E-17, 0.3582677165339997472, -0.06594492574901833493 ) ) ;
#3602 = VECTOR ( 'NONE', #4704, 39.37007874015748143 ) ;
#3603 = EDGE_CURVE ( 'NONE', #381, #5884, #6115, .T. ) ;
#3604 = EDGE_CURVE ( 'NONE', #4132, #5923, #3480, .T. ) ;
#3605 = ORIENTED_EDGE ( 'NONE', *, *, #1987, .F. ) ;
#3606 = LINE ( 'NONE', #1532, #738 ) ;
#3607 = ORIENTED_EDGE ( 'NONE', *, *, #38, .F. ) ;
#3608 = DIRECTION ( 'NONE',  ( -0.0000000000000000000, -0.0000000000000000000, 1.000000000000000000 ) ) ;
#3609 = DIRECTION ( 'NONE',  ( -1.000000000000000000, -0.0000000000000000000, -0.0000000000000000000 ) ) ;
#3610 = CARTESIAN_POINT ( 'NONE',  ( -0.7158535582041731793, -0.2518175308232999954, 0.008721132140004710445 ) ) ;
#3611 = CARTESIAN_POINT ( 'NONE',  ( 0.6889763779499995522, 0.3104330708652991433, -0.3283464566915989535 ) ) ;
#3612 = LINE ( 'NONE', #2516, #3582 ) ;
#3613 = ORIENTED_EDGE ( 'NONE', *, *, #1433, .F. ) ;
#3614 = EDGE_CURVE ( 'NONE', #4060, #4511, #2461, .T. ) ;
#3615 = EDGE_LOOP ( 'NONE', ( #126, #4416, #2763, #2455 ) ) ;
#3616 = ADVANCED_FACE ( 'NONE', ( #6709 ), #442, .T. ) ;
#3617 = DIRECTION ( 'NONE',  ( -0.0000000000000000000, -1.000000000000000000, 0.0000000000000000000 ) ) ;
#3618 = LINE ( 'NONE', #4709, #1161 ) ;
#3619 = LINE ( 'NONE', #5186, #898 ) ;
#3620 = CARTESIAN_POINT ( 'NONE',  ( 0.7352362204694999903, -0.07242074860119956936, 1.751278501458924885E-15 ) ) ;
#3621 = DIRECTION ( 'NONE',  ( 0.0000000000000000000, -1.000000000000000000, 6.123031769111886291E-17 ) ) ;
#3622 = EDGE_CURVE ( 'NONE', #1764, #2918, #3109, .T. ) ;
#3623 = ADVANCED_FACE ( 'NONE', ( #1862 ), #5283, .F. ) ;
#3624 = VECTOR ( 'NONE', #6061, 39.37007874015748854 ) ;
#3625 = EDGE_CURVE ( 'NONE', #2865, #3808, #4007, .T. ) ;
#3626 = EDGE_LOOP ( 'NONE', ( #1242, #4002, #3282, #6483 ) ) ;
#3627 = DIRECTION ( 'NONE',  ( 0.0000000000000000000, 1.000000000000000000, -0.0000000000000000000 ) ) ;
#3628 = CARTESIAN_POINT ( 'NONE',  ( -0.7387937305823458756, 0.1983971651890373278, -0.09269749614195273157 ) ) ;
#3629 = VECTOR ( 'NONE', #5020, 39.37007874015748143 ) ;
#3630 = FACE_OUTER_BOUND ( 'NONE', #4408, .T. ) ;
#3631 = ORIENTED_EDGE ( 'NONE', *, *, #6646, .T. ) ;
#3632 = ORIENTED_EDGE ( 'NONE', *, *, #170, .F. ) ;
#3633 = CARTESIAN_POINT ( 'NONE',  ( 0.7133858267687989141, 0.3582677165339997472, -0.2921259842507990534 ) ) ;
#3634 = EDGE_LOOP ( 'NONE', ( #472, #488, #4663, #6031 ) ) ;
#3635 = CARTESIAN_POINT ( 'NONE',  ( 0.3759842519670000272, 0.3285433070852992188, -0.3283464566915989535 ) ) ;
#3636 = ORIENTED_EDGE ( 'NONE', *, *, #4567, .T. ) ;
#3637 = VECTOR ( 'NONE', #57, 39.37007874015748143 ) ;
#3638 = VERTEX_POINT ( 'NONE', #5110 ) ;
#3639 = DIRECTION ( 'NONE',  ( 1.000000000000000000, 6.123031769111886291E-17, -3.749151804555343599E-33 ) ) ;
#3640 = ORIENTED_EDGE ( 'NONE', *, *, #4424, .F. ) ;
#3641 = DIRECTION ( 'NONE',  ( 0.0000000000000000000, 1.000000000000000000, 0.0000000000000000000 ) ) ;
#3642 = ADVANCED_FACE ( 'NONE', ( #6345 ), #2095, .F. ) ;
#3643 = DIRECTION ( 'NONE',  ( 2.651350529933675469E-17, -1.000000000000000000, 1.530757941963850550E-17 ) ) ;
#3644 = ADVANCED_FACE ( 'NONE', ( #1004 ), #800, .T. ) ;
#3645 = CYLINDRICAL_SURFACE ( 'NONE', #4732, 0.02362204724400002870 ) ;
#3646 = CARTESIAN_POINT ( 'NONE',  ( -0.7387937305823458756, 0.1254757207119645279, -0.2185039370069996600 ) ) ;
#3647 = CARTESIAN_POINT ( 'NONE',  ( 0.2564154879621787231, -0.2722930320583660802, 0.2964566929122001149 ) ) ;
#3648 = ORIENTED_EDGE ( 'NONE', *, *, #4948, .T. ) ;
#3649 = VERTEX_POINT ( 'NONE', #2059 ) ;
#3650 = LINE ( 'NONE', #5399, #4201 ) ;
#3651 = CARTESIAN_POINT ( 'NONE',  ( 0.6338582677139994459, -0.3285433070852992188, -0.3283464566915989535 ) ) ;
#3652 = EDGE_CURVE ( 'NONE', #4228, #1132, #3806, .T. ) ;
#3653 = CARTESIAN_POINT ( 'NONE',  ( 0.6024547350054634265, -0.3285433070852992188, -0.3204724409435995014 ) ) ;
#3654 = LINE ( 'NONE', #1512, #6611 ) ;
#3655 = DIRECTION ( 'NONE',  ( 1.000000000000000000, -6.123031769111886291E-17, 3.749151804555343599E-33 ) ) ;
#3656 = VECTOR ( 'NONE', #1001, 39.37007874015748143 ) ;
#3657 = ORIENTED_EDGE ( 'NONE', *, *, #6922, .T. ) ;
#3658 = ORIENTED_EDGE ( 'NONE', *, *, #4215, .T. ) ;
#3659 = DIRECTION ( 'NONE',  ( 1.000000000000000000, 0.0000000000000000000, 0.0000000000000000000 ) ) ;
#3660 = AXIS2_PLACEMENT_3D ( 'NONE', #509, #1005, #3148 ) ;
#3661 = EDGE_CURVE ( 'NONE', #4741, #4978, #2685, .T. ) ;
#3662 = CARTESIAN_POINT ( 'NONE',  ( -0.7387937305823458756, 0.2352362204715010563, 0.0000000000000000000 ) ) ;
#3663 = VECTOR ( 'NONE', #5237, 39.37007874015748143 ) ;
#3664 = EDGE_CURVE ( 'NONE', #6048, #471, #267, .T. ) ;
#3665 = DIRECTION ( 'NONE',  ( -1.000000000000000000, -6.123031769111886291E-17, 3.749151804555343599E-33 ) ) ;
#3666 = CYLINDRICAL_SURFACE ( 'NONE', #2061, 0.01968503937000001119 ) ;
#3667 = VECTOR ( 'NONE', #1049, 39.37007874015748143 ) ;
#3668 = ORIENTED_EDGE ( 'NONE', *, *, #2593, .T. ) ;
#3669 = DIRECTION ( 'NONE',  ( 0.0000000000000000000, -1.000000000000000000, 6.123031769111886291E-17 ) ) ;
#3670 = ORIENTED_EDGE ( 'NONE', *, *, #819, .T. ) ;
#3671 = DIRECTION ( 'NONE',  ( -0.0000000000000000000, -1.000000000000000000, -0.0000000000000000000 ) ) ;
#3672 = VERTEX_POINT ( 'NONE', #234 ) ;
#3673 = PLANE ( 'NONE',  #209 ) ;
#3674 = ORIENTED_EDGE ( 'NONE', *, *, #4553, .T. ) ;
#3675 = AXIS2_PLACEMENT_3D ( 'NONE', #5970, #6555, #1714 ) ;
#3676 = LINE ( 'NONE', #1495, #3656 ) ;
#3677 = CARTESIAN_POINT ( 'NONE',  ( 0.2133858267707999523, -0.3385826771639992572, -0.3118110236207991548 ) ) ;
#3678 = CARTESIAN_POINT ( 'NONE',  ( -0.7796936538779083437, 0.1394117885598935569, -0.05069842050859350857 ) ) ;
#3679 = CARTESIAN_POINT ( 'NONE',  ( 0.7133858267687989141, 0.3582677165339994696, -0.2921259842507990534 ) ) ;
#3680 = LINE ( 'NONE', #2623, #1339 ) ;
#3681 = ORIENTED_EDGE ( 'NONE', *, *, #3947, .F. ) ;
#3682 = EDGE_LOOP ( 'NONE', ( #6141, #5704, #3658, #257 ) ) ;
#3683 = CARTESIAN_POINT ( 'NONE',  ( 0.1015748031491998660, 0.3582677165339996916, -0.09999999999959906238 ) ) ;
#3684 = AXIS2_PLACEMENT_3D ( 'NONE', #1880, #5566, #5643 ) ;
#3685 = CARTESIAN_POINT ( 'NONE',  ( -0.7158535582041731793, 0.1254757207119656937, -0.2185039370070018527 ) ) ;
#3686 = PLANE ( 'NONE',  #5767 ) ;
#3687 = DIRECTION ( 'NONE',  ( -1.000000000000000000, -3.749151804555343599E-33, 2.295617560651552647E-49 ) ) ;
#3688 = DIRECTION ( 'NONE',  ( 0.0000000000000000000, 0.0000000000000000000, 1.000000000000000000 ) ) ;
#3689 = EDGE_LOOP ( 'NONE', ( #4690, #1718, #5158, #5251 ) ) ;
#3690 = VECTOR ( 'NONE', #1545, 39.37007874015748143 ) ;
#3691 = ADVANCED_FACE ( 'NONE', ( #2385, #6376 ), #3147, .T. ) ;
#3692 = EDGE_CURVE ( 'NONE', #1577, #608, #476, .T. ) ;
#3693 = ORIENTED_EDGE ( 'NONE', *, *, #3428, .T. ) ;
#3694 = EDGE_CURVE ( 'NONE', #2090, #6262, #2450, .T. ) ;
#3695 = AXIS2_PLACEMENT_3D ( 'NONE', #3064, #1949, #4093 ) ;
#3696 = DIRECTION ( 'NONE',  ( 0.0000000000000000000, -1.000000000000000000, -0.0000000000000000000 ) ) ;
#3697 = DIRECTION ( 'NONE',  ( 0.0000000000000000000, 0.0000000000000000000, 1.000000000000000000 ) ) ;
#3698 = CARTESIAN_POINT ( 'NONE',  ( 0.8114173228314003339, -0.3582677165339994696, -0.2921259842507990534 ) ) ;
#3699 = DIRECTION ( 'NONE',  ( 0.0000000000000000000, 1.000000000000000000, 0.0000000000000000000 ) ) ;
#3700 = VECTOR ( 'NONE', #5697, 39.37007874015748143 ) ;
#3701 = VECTOR ( 'NONE', #3501, 39.37007874015748143 ) ;
#3702 = DIRECTION ( 'NONE',  ( -0.0000000000000000000, 1.000000000000000000, -6.123031769111886291E-17 ) ) ;
#3703 = VERTEX_POINT ( 'NONE', #3677 ) ;
#3704 = DIRECTION ( 'NONE',  ( 4.329637285359677707E-17, 0.7071067811865475727, -0.7071067811865475727 ) ) ;
#3705 = CIRCLE ( 'NONE', #3358, 0.03188976377939998358 ) ;
#3706 = EDGE_LOOP ( 'NONE', ( #5921, #3657, #5666, #1968 ) ) ;
#3707 = CARTESIAN_POINT ( 'NONE',  ( -6.026606071936572924E-19, -0.3385826771639992572, -0.3118110236207991548 ) ) ;
#3708 = DIRECTION ( 'NONE',  ( 0.0000000000000000000, 0.0000000000000000000, 1.000000000000000000 ) ) ;
#3709 = ORIENTED_EDGE ( 'NONE', *, *, #6787, .F. ) ;
#3710 = VECTOR ( 'NONE', #3469, 39.37007874015748143 ) ;
#3711 = ORIENTED_EDGE ( 'NONE', *, *, #1667, .T. ) ;
#3712 = VECTOR ( 'NONE', #4867, 39.37007874015748143 ) ;
#3713 = EDGE_CURVE ( 'NONE', #6859, #1505, #5854, .T. ) ;
#3714 = CARTESIAN_POINT ( 'NONE',  ( 0.0000000000000000000, -0.3582677165339997472, -0.09999999999959906238 ) ) ;
#3715 = DIRECTION ( 'NONE',  ( 0.0000000000000000000, 0.0000000000000000000, 1.000000000000000000 ) ) ;
#3716 = CARTESIAN_POINT ( 'NONE',  ( 0.1259842519680001161, -0.3285433070852992188, -0.3204724409435995014 ) ) ;
#3717 = DIRECTION ( 'NONE',  ( 0.0000000000000000000, 0.0000000000000000000, 1.000000000000000000 ) ) ;
#3718 = CARTESIAN_POINT ( 'NONE',  ( 0.1574803294008270960, 0.3104330708652991433, -0.3720363413119387452 ) ) ;
#3719 = FACE_OUTER_BOUND ( 'NONE', #5770, .T. ) ;
#3720 = ORIENTED_EDGE ( 'NONE', *, *, #6425, .F. ) ;
#3721 = ORIENTED_EDGE ( 'NONE', *, *, #1721, .F. ) ;
#3722 = DIRECTION ( 'NONE',  ( -0.4999999999487624303, 0.0000000000000000000, 0.8660254038140206001 ) ) ;
#3723 = CARTESIAN_POINT ( 'NONE',  ( 0.1338582677159996237, 0.3104330708652991433, -0.4543307086595991251 ) ) ;
#3724 = CARTESIAN_POINT ( 'NONE',  ( -0.7387937305823460976, 0.2184121092834318545, 0.006334114454365347494 ) ) ;
#3725 = CARTESIAN_POINT ( 'NONE',  ( 0.6811023622020000445, -0.3104330708652991433, -0.3720363413119387452 ) ) ;
#3726 = LINE ( 'NONE', #4780, #310 ) ;
#3727 = VERTEX_POINT ( 'NONE', #2128 ) ;
#3728 = ORIENTED_EDGE ( 'NONE', *, *, #4530, .F. ) ;
#3729 = LINE ( 'NONE', #1052, #4496 ) ;
#3730 = DIRECTION ( 'NONE',  ( 0.0000000000000000000, 0.0000000000000000000, 1.000000000000000000 ) ) ;
#3731 = CARTESIAN_POINT ( 'NONE',  ( 0.3838582677149995348, 0.3285433070852992188, -0.4543307086595991251 ) ) ;
#3732 = EDGE_CURVE ( 'NONE', #5364, #371, #6025, .T. ) ;
#3733 = CARTESIAN_POINT ( 'NONE',  ( 0.5099102584632407842, -0.1520444573138585720, 0.3965338261897093930 ) ) ;
#3734 = ADVANCED_FACE ( 'NONE', ( #1671 ), #6476, .T. ) ;
#3735 = EDGE_LOOP ( 'NONE', ( #5676, #5532, #247, #1201 ) ) ;
#3736 = ORIENTED_EDGE ( 'NONE', *, *, #6228, .F. ) ;
#3737 = ADVANCED_FACE ( 'NONE', ( #3745 ), #613, .T. ) ;
#3738 = ORIENTED_EDGE ( 'NONE', *, *, #2856, .F. ) ;
#3739 = CARTESIAN_POINT ( 'NONE',  ( 0.1024547350074636043, 0.3104330708652991433, -0.3204724409435995014 ) ) ;
#3740 = ORIENTED_EDGE ( 'NONE', *, *, #6290, .F. ) ;
#3741 =( GEOMETRIC_REPRESENTATION_CONTEXT ( 3 ) GLOBAL_UNCERTAINTY_ASSIGNED_CONTEXT ( ( #3194 ) ) GLOBAL_UNIT_ASSIGNED_CONTEXT ( ( #2614, #5849, #45 ) ) REPRESENTATION_CONTEXT ( 'NONE', 'WORKASPACE' ) );
#3742 = EDGE_LOOP ( 'NONE', ( #1660, #4110, #2002, #1169, #5583 ) ) ;
#3743 = CARTESIAN_POINT ( 'NONE',  ( 0.2599102581189457473, -0.1520443977904623045, 0.3965338163017512740 ) ) ;
#3744 = ORIENTED_EDGE ( 'NONE', *, *, #4334, .T. ) ;
#3745 = FACE_OUTER_BOUND ( 'NONE', #2668, .T. ) ;
#3746 = CARTESIAN_POINT ( 'NONE',  ( 0.5688976377929995110, -0.2722930320583651920, 1.809849295802574210E-15 ) ) ;
#3747 = EDGE_CURVE ( 'NONE', #5199, #6126, #3880, .T. ) ;
#3748 = FACE_OUTER_BOUND ( 'NONE', #76, .T. ) ;
#3749 = EDGE_CURVE ( 'NONE', #2542, #6454, #3814, .T. ) ;
#3750 = DIRECTION ( 'NONE',  ( 0.8660254038140342558, -3.061515884242069566E-17, -0.4999999999487388935 ) ) ;
#3751 = DIRECTION ( 'NONE',  ( 0.0000000000000000000, 1.000000000000000000, -0.0000000000000000000 ) ) ;
#3752 = EDGE_CURVE ( 'NONE', #6030, #1176, #2193, .T. ) ;
#3753 = ORIENTED_EDGE ( 'NONE', *, *, #5538, .F. ) ;
#3754 = CARTESIAN_POINT ( 'NONE',  ( 0.5797244094694997685, 0.2431879680263149268, 0.1963789611057866480 ) ) ;
#3755 = CIRCLE ( 'NONE', #2840, 0.2125984251960000293 ) ;
#3756 = CARTESIAN_POINT ( 'NONE',  ( 0.7133858267687989141, 0.3582677165339996916, -0.09999999999959906238 ) ) ;
#3757 = CARTESIAN_POINT ( 'NONE',  ( -0.5944881889760003091, 0.0000000000000000000, 0.0000000000000000000 ) ) ;
#3758 = DIRECTION ( 'NONE',  ( 0.0000000000000000000, 1.000000000000000000, 0.0000000000000000000 ) ) ;
#3759 = DIRECTION ( 'NONE',  ( 0.0000000000000000000, 0.0000000000000000000, 1.000000000000000000 ) ) ;
#3760 = ORIENTED_EDGE ( 'NONE', *, *, #1541, .T. ) ;
#3761 = ORIENTED_EDGE ( 'NONE', *, *, #1842, .F. ) ;
#3762 = ORIENTED_EDGE ( 'NONE', *, *, #5099, .F. ) ;
#3763 = CARTESIAN_POINT ( 'NONE',  ( 0.3297244094704998019, -0.3104330708648994075, 0.1610236220466032264 ) ) ;
#3764 = CARTESIAN_POINT ( 'NONE',  ( 0.0000000000000000000, 0.3104330708648994630, 4.470181404010237067E-16 ) ) ;
#3765 = DIRECTION ( 'NONE',  ( 0.0000000000000000000, 1.000000000000000000, -1.332267629550187691E-14 ) ) ;
#3766 = ORIENTED_EDGE ( 'NONE', *, *, #5613, .F. ) ;
#3767 = AXIS2_PLACEMENT_3D ( 'NONE', #5210, #5720, #864 ) ;
#3768 = EDGE_CURVE ( 'NONE', #5900, #932, #4344, .T. ) ;
#3769 = ORIENTED_EDGE ( 'NONE', *, *, #638, .T. ) ;
#3770 = ADVANCED_FACE ( 'NONE', ( #578 ), #3781, .T. ) ;
#3771 = CARTESIAN_POINT ( 'NONE',  ( 0.6811023622020000445, 0.3285433070852992188, -0.3283464566915989535 ) ) ;
#3772 = VECTOR ( 'NONE', #1228, 39.37007874015748143 ) ;
#3773 = VERTEX_POINT ( 'NONE', #5957 ) ;
#3774 = SHAPE_REPRESENTATION_RELATIONSHIP ( 'NONE' , 'NONE' ,  #2458, #2672 ) ;
#3775 = VERTEX_POINT ( 'NONE', #1102 ) ;
#3776 = VECTOR ( 'NONE', #3878, 39.37007874015748143 ) ;
#3777 = VERTEX_POINT ( 'NONE', #6449 ) ;
#3778 = CARTESIAN_POINT ( 'NONE',  ( 0.6015748031471988000, 0.3285433070852992188, -0.3118110236207991548 ) ) ;
#3779 = VERTEX_POINT ( 'NONE', #5996 ) ;
#3780 = VECTOR ( 'NONE', #4046, 39.37007874015748143 ) ;
#3781 = CYLINDRICAL_SURFACE ( 'NONE', #6982, 0.01968503937000001119 ) ;
#3782 = VECTOR ( 'NONE', #1751, 39.37007874015748143 ) ;
#3783 = FACE_OUTER_BOUND ( 'NONE', #27, .T. ) ;
#3784 = FILL_AREA_STYLE ('',( #18 ) ) ;
#3785 = ORIENTED_EDGE ( 'NONE', *, *, #1148, .F. ) ;
#3786 = CARTESIAN_POINT ( 'NONE',  ( -2.193684610184857821E-17, -0.3582677165339997472, -0.06594492574901833493 ) ) ;
#3787 = EDGE_CURVE ( 'NONE', #1077, #3031, #1141, .T. ) ;
#3788 = EDGE_CURVE ( 'NONE', #2839, #1198, #4413, .T. ) ;
#3789 = DIRECTION ( 'NONE',  ( -0.0000000000000000000, 6.123031769111886291E-17, 1.000000000000000000 ) ) ;
#3790 = FACE_OUTER_BOUND ( 'NONE', #546, .T. ) ;
#3791 = CARTESIAN_POINT ( 'NONE',  ( 0.7352362204694999903, 0.2785433070854992366, 0.1610236220466032264 ) ) ;
#3792 = CARTESIAN_POINT ( 'NONE',  ( 0.4852362204704991910, 0.2273686271854815644, 2.663551793822656786E-15 ) ) ;
#3793 = EDGE_LOOP ( 'NONE', ( #672, #636, #940, #4543 ) ) ;
#3794 = CARTESIAN_POINT ( 'NONE',  ( 0.3297244094704998019, 0.2431879680263150656, 0.1963789611057868423 ) ) ;
#3795 = EDGE_CURVE ( 'NONE', #5005, #869, #5427, .T. ) ;
#3796 = ADVANCED_FACE ( 'NONE', ( #3319 ), #643, .T. ) ;
#3797 = FACE_OUTER_BOUND ( 'NONE', #4029, .T. ) ;
#3798 = FACE_OUTER_BOUND ( 'NONE', #3269, .T. ) ;
#3799 = CARTESIAN_POINT ( 'NONE',  ( -0.7387937305823458756, 0.2518175308233049914, 0.008721132139860176755 ) ) ;
#3800 = PLANE ( 'NONE',  #4246 ) ;
#3801 = DIMENSIONAL_EXPONENTS ( 1.000000000000000000, 0.0000000000000000000, 0.0000000000000000000, 0.0000000000000000000, 0.0000000000000000000, 0.0000000000000000000, 0.0000000000000000000 ) ;
#3802 = ORIENTED_EDGE ( 'NONE', *, *, #465, .T. ) ;
#3803 = AXIS2_PLACEMENT_3D ( 'NONE', #4608, #2453, #4108 ) ;
#3804 = ORIENTED_EDGE ( 'NONE', *, *, #4984, .F. ) ;
#3805 = LINE ( 'NONE', #5947, #1002 ) ;
#3806 = CIRCLE ( 'NONE', #3011, 0.03188976377939998358 ) ;
#3807 = VECTOR ( 'NONE', #6239, 39.37007874015748143 ) ;
#3808 = VERTEX_POINT ( 'NONE', #2257 ) ;
#3809 = CARTESIAN_POINT ( 'NONE',  ( 0.0000000000000000000, 0.0000000000000000000, 0.0000000000000000000 ) ) ;
#3810 = ORIENTED_EDGE ( 'NONE', *, *, #2526, .T. ) ;
#3811 = CARTESIAN_POINT ( 'NONE',  ( 0.4311023622029992453, 0.3104330708652991433, -0.3720363413119387452 ) ) ;
#3812 = ORIENTED_EDGE ( 'NONE', *, *, #4054, .F. ) ;
#3813 = VECTOR ( 'NONE', #2156, 39.37007874015748143 ) ;
#3814 = LINE ( 'NONE', #2759, #6660 ) ;
#3815 = LINE ( 'NONE', #5392, #6966 ) ;
#3816 = EDGE_CURVE ( 'NONE', #4855, #4646, #715, .T. ) ;
#3817 = EDGE_CURVE ( 'NONE', #3649, #2269, #3499, .T. ) ;
#3818 = ORIENTED_EDGE ( 'NONE', *, *, #2279, .F. ) ;
#3819 = VECTOR ( 'NONE', #2832, 39.37007874015748143 ) ;
#3820 = ORIENTED_EDGE ( 'NONE', *, *, #6128, .F. ) ;
#3821 = CARTESIAN_POINT ( 'NONE',  ( -0.7387937305823458756, -0.1254757207119674978, -0.2185039370069996600 ) ) ;
#3822 = AXIS2_PLACEMENT_3D ( 'NONE', #3542, #2449, #2039 ) ;
#3823 = DIRECTION ( 'NONE',  ( 0.0000000000000000000, 1.000000000000000000, 0.0000000000000000000 ) ) ;
#3824 = FACE_OUTER_BOUND ( 'NONE', #4500, .T. ) ;
#3825 = LINE ( 'NONE', #4390, #6962 ) ;
#3826 = LINE ( 'NONE', #6392, #3690 ) ;
#3827 = EDGE_CURVE ( 'NONE', #6030, #5005, #288, .T. ) ;
#3828 = ORIENTED_EDGE ( 'NONE', *, *, #5924, .T. ) ;
#3829 = AXIS2_PLACEMENT_3D ( 'NONE', #334, #5786, #5212 ) ;
#3830 = DIRECTION ( 'NONE',  ( -6.123031769111883826E-17, 1.000000000000000000, 0.0000000000000000000 ) ) ;
#3831 = VERTEX_POINT ( 'NONE', #6058 ) ;
#3832 = CARTESIAN_POINT ( 'NONE',  ( 0.6338582677139995569, -0.3285433070852992188, -0.4543307086595991251 ) ) ;
#3833 = CARTESIAN_POINT ( 'NONE',  ( 0.1889763779519997300, -0.3104330708652991433, -0.3204724409435995014 ) ) ;
#3834 = PLANE ( 'NONE',  #1745 ) ;
#3835 = CYLINDRICAL_SURFACE ( 'NONE', #2674, 0.2519685039360020085 ) ;
#3836 = ADVANCED_FACE ( 'NONE', ( #219 ), #3389, .F. ) ;
#3837 = EDGE_CURVE ( 'NONE', #6473, #781, #2327, .T. ) ;
#3838 = EDGE_LOOP ( 'NONE', ( #3859, #5521, #1566, #1954, #5418, #6551, #6862, #3982, #1348, #2551, #6706, #3160, #1670, #4253 ) ) ;
#3839 = ORIENTED_EDGE ( 'NONE', *, *, #2741, .T. ) ;
#3840 = CARTESIAN_POINT ( 'NONE',  ( 0.3297244094704998019, 0.2431879680263149268, 0.1963789611057866480 ) ) ;
#3841 = ORIENTED_EDGE ( 'NONE', *, *, #2278, .T. ) ;
#3842 = DIRECTION ( 'NONE',  ( 0.0000000000000000000, 1.000000000000000000, -6.123031769111886291E-17 ) ) ;
#3843 = VECTOR ( 'NONE', #5645, 39.37007874015748143 ) ;
#3844 = ORIENTED_EDGE ( 'NONE', *, *, #2571, .F. ) ;
#3845 = DIRECTION ( 'NONE',  ( 0.0000000000000000000, -1.000000000000000000, -0.0000000000000000000 ) ) ;
#3846 = CARTESIAN_POINT ( 'NONE',  ( 0.6889763779499995522, 0.3104330708652991433, -0.3204724409435995014 ) ) ;
#3847 = LINE ( 'NONE', #3884, #1680 ) ;
#3848 = PRODUCT_DEFINITION_FORMATION_WITH_SPECIFIED_SOURCE ( 'ANY', '', #4562, .NOT_KNOWN. ) ;
#3849 = LINE ( 'NONE', #2231, #6567 ) ;
#3850 = ORIENTED_EDGE ( 'NONE', *, *, #4863, .F. ) ;
#3851 = ORIENTED_EDGE ( 'NONE', *, *, #1410, .F. ) ;
#3852 = FACE_BOUND ( 'NONE', #47, .T. ) ;
#3853 = EDGE_CURVE ( 'NONE', #2967, #3312, #6162, .T. ) ;
#3854 = AXIS2_PLACEMENT_3D ( 'NONE', #6932, #3093, #5198 ) ;
#3855 = PLANE ( 'NONE',  #4556 ) ;
#3856 = DIRECTION ( 'NONE',  ( 1.000000000000000000, 0.0000000000000000000, 0.0000000000000000000 ) ) ;
#3857 = DIRECTION ( 'NONE',  ( -0.0000000000000000000, 1.000000000000000000, -6.123031769111886291E-17 ) ) ;
#3858 = DIRECTION ( 'NONE',  ( 6.123031769111886291E-17, -1.000000000000000000, 0.0000000000000000000 ) ) ;
#3859 = ORIENTED_EDGE ( 'NONE', *, *, #993, .T. ) ;
#3860 = AXIS2_PLACEMENT_3D ( 'NONE', #2239, #653, #4858 ) ;
#3861 = VERTEX_POINT ( 'NONE', #1879 ) ;
#3862 = LINE ( 'NONE', #2307, #3183 ) ;
#3863 = ORIENTED_EDGE ( 'NONE', *, *, #4958, .T. ) ;
#3864 = FACE_OUTER_BOUND ( 'NONE', #2787, .T. ) ;
#3865 = FACE_OUTER_BOUND ( 'NONE', #709, .T. ) ;
#3866 = CARTESIAN_POINT ( 'NONE',  ( 0.4633858267697990030, 0.3285433070852992188, -0.3118110236207991548 ) ) ;
#3867 = DIRECTION ( 'NONE',  ( 0.0000000000000000000, -1.000000000000000000, 0.0000000000000000000 ) ) ;
#3868 = ORIENTED_EDGE ( 'NONE', *, *, #6005, .T. ) ;
#3869 = ORIENTED_EDGE ( 'NONE', *, *, #4032, .T. ) ;
#3870 = EDGE_CURVE ( 'NONE', #1198, #5045, #3957, .T. ) ;
#3871 = EDGE_CURVE ( 'NONE', #3873, #2381, #787, .T. ) ;
#3872 = DIRECTION ( 'NONE',  ( 0.0000000000000000000, -6.123031769111886291E-17, -1.000000000000000000 ) ) ;
#3873 = VERTEX_POINT ( 'NONE', #2925 ) ;
#3874 = EDGE_LOOP ( 'NONE', ( #4310, #1327, #5106, #1254 ) ) ;
#3875 = VECTOR ( 'NONE', #2695, 39.37007874015748143 ) ;
#3876 = ORIENTED_EDGE ( 'NONE', *, *, #5180, .F. ) ;
#3877 = AXIS2_PLACEMENT_3D ( 'NONE', #6664, #2851, #5716 ) ;
#3878 = DIRECTION ( 'NONE',  ( 0.0000000000000000000, 6.123031769111886291E-17, 1.000000000000000000 ) ) ;
#3879 = VERTEX_POINT ( 'NONE', #3351 ) ;
#3880 = LINE ( 'NONE', #15, #1236 ) ;
#3881 = AXIS2_PLACEMENT_3D ( 'NONE', #2007, #6899, #1046 ) ;
#3882 = VECTOR ( 'NONE', #4089, 39.37007874015748143 ) ;
#3883 = SURFACE_SIDE_STYLE ('',( #1106 ) ) ;
#3884 = CARTESIAN_POINT ( 'NONE',  ( 0.6338582677139994459, 0.3104330708652991433, -0.3720363413119387452 ) ) ;
#3885 = VERTEX_POINT ( 'NONE', #5528 ) ;
#3886 = ORIENTED_EDGE ( 'NONE', *, *, #5699, .T. ) ;
#3887 = AXIS2_PLACEMENT_3D ( 'NONE', #979, #2560, #2490 ) ;
#3888 = DIRECTION ( 'NONE',  ( 0.4999999999487850788, 0.0000000000000000000, 0.8660254038140076105 ) ) ;
#3889 = COLOUR_RGB ( '',0.7529411764705882248, 0.7529411764705882248, 0.7529411764705882248 ) ;
#3890 = DIRECTION ( 'NONE',  ( -1.000000000000000000, -6.123031769111886291E-17, 3.749151804555343599E-33 ) ) ;
#3891 = DIRECTION ( 'NONE',  ( 0.0000000000000000000, 1.000000000000000000, -0.0000000000000000000 ) ) ;
#3892 = UNCERTAINTY_MEASURE_WITH_UNIT (LENGTH_MEASURE( 1.000000000000000082E-05 ), #1492, 'distance_accuracy_value', 'NONE');
#3893 = CARTESIAN_POINT ( 'NONE',  ( 0.0000000000000000000, 2.651794250172846949E-17, 0.2165354330750000056 ) ) ;
#3894 = CARTESIAN_POINT ( 'NONE',  ( 0.2133858267707999523, -0.3285433070852992188, -0.09999999999959907626 ) ) ;
#3895 = ORIENTED_EDGE ( 'NONE', *, *, #2147, .T. ) ;
#3896 = ORIENTED_EDGE ( 'NONE', *, *, #6657, .T. ) ;
#3897 = ORIENTED_EDGE ( 'NONE', *, *, #4831, .T. ) ;
#3898 = CARTESIAN_POINT ( 'NONE',  ( 0.7175065665327347020, 0.3285433070852991633, -0.3118110236207990438 ) ) ;
#3899 = CARTESIAN_POINT ( 'NONE',  ( 0.3474541038332664700, 0.3285433070852991633, -0.3118110687704000461 ) ) ;
#3900 = CARTESIAN_POINT ( 'NONE',  ( 0.4852362204704992465, -0.07242074860119963875, 1.751278501458924885E-15 ) ) ;
#3901 = CARTESIAN_POINT ( 'NONE',  ( 0.4852362204704991910, 0.2785433070854992366, 0.1610236220466032264 ) ) ;
#3902 = CARTESIAN_POINT ( 'NONE',  ( 0.5797244094694997685, -0.2431879680263150656, 0.1963789611057868423 ) ) ;
#3903 = LINE ( 'NONE', #4403, #4367 ) ;
#3904 = EDGE_CURVE ( 'NONE', #6594, #111, #545, .T. ) ;
#3905 = EDGE_CURVE ( 'NONE', #4176, #1145, #250, .T. ) ;
#3906 = ADVANCED_FACE ( 'NONE', ( #4555 ), #6728, .T. ) ;
#3907 = EDGE_LOOP ( 'NONE', ( #4865, #2625, #6384, #4491 ) ) ;
#3908 = VERTEX_POINT ( 'NONE', #2990 ) ;
#3909 = VECTOR ( 'NONE', #6414, 39.37007874015748143 ) ;
#3910 = CYLINDRICAL_SURFACE ( 'NONE', #553, 0.01968503937000001119 ) ;
#3911 = CARTESIAN_POINT ( 'NONE',  ( 0.1024547350074634239, 0.3285433070852991633, -0.3204724409435992238 ) ) ;
#3912 = CARTESIAN_POINT ( 'NONE',  ( 0.04819264611997639558, -0.2964566929122001149, 0.5929133858244003408 ) ) ;
#3913 = ADVANCED_FACE ( 'NONE', ( #1525 ), #1488, .F. ) ;
#3914 = ORIENTED_EDGE ( 'NONE', *, *, #5553, .T. ) ;
#3915 = VECTOR ( 'NONE', #2908, 39.37007874015748143 ) ;
#3916 = EDGE_CURVE ( 'NONE', #3831, #1604, #5742, .T. ) ;
#3917 = DIRECTION ( 'NONE',  ( 0.0000000000000000000, 0.0000000000000000000, -1.000000000000000000 ) ) ;
#3918 = ORIENTED_EDGE ( 'NONE', *, *, #3816, .F. ) ;
#3919 = VECTOR ( 'NONE', #1352, 39.37007874015748143 ) ;
#3920 = CARTESIAN_POINT ( 'NONE',  ( 0.5797244094694997685, 0.3285433070852992188, 0.1610236220466032264 ) ) ;
#3921 = CARTESIAN_POINT ( 'NONE',  ( 0.1811023622039996395, 0.3104330708652991433, -0.4543307086595991251 ) ) ;
#3922 = CARTESIAN_POINT ( 'NONE',  ( 0.6574803293988269459, -0.3104330708652991433, -0.3204724409435995014 ) ) ;
#3923 = EDGE_CURVE ( 'NONE', #1604, #4907, #2020, .T. ) ;
#3924 = CARTESIAN_POINT ( 'NONE',  ( 0.7460629921242362128, 0.2964566929121998373, 4.478739184632387100E-16 ) ) ;
#3925 = EDGE_CURVE ( 'NONE', #1198, #5034, #4257, .T. ) ;
#3926 = EDGE_CURVE ( 'NONE', #4219, #2126, #6863, .T. ) ;
#3927 = AXIS2_PLACEMENT_3D ( 'NONE', #3027, #5202, #2051 ) ;
#3928 = VERTEX_POINT ( 'NONE', #4161 ) ;
#3929 = LINE ( 'NONE', #2172, #5825 ) ;
#3930 = FACE_OUTER_BOUND ( 'NONE', #6437, .T. ) ;
#3931 = CARTESIAN_POINT ( 'NONE',  ( 0.0000000000000000000, 0.0000000000000000000, 0.0000000000000000000 ) ) ;
#3932 = AXIS2_PLACEMENT_3D ( 'NONE', #1157, #6078, #2347 ) ;
#3933 = VECTOR ( 'NONE', #6913, 39.37007874015748143 ) ;
#3934 = DIRECTION ( 'NONE',  ( -5.302701060231067583E-17, 0.8660254037846021324, -0.4999999999997169486 ) ) ;
#3935 = PLANE ( 'NONE',  #2574 ) ;
#3936 = EDGE_LOOP ( 'NONE', ( #1784, #6836, #4185, #2725, #6359 ) ) ;
#3937 = ORIENTED_EDGE ( 'NONE', *, *, #5261, .F. ) ;
#3938 = CARTESIAN_POINT ( 'NONE',  ( 0.8114173228314003339, 8.881784197001252323E-16, 4.439252989704427977E-16 ) ) ;
#3939 = ORIENTED_EDGE ( 'NONE', *, *, #6081, .T. ) ;
#3940 = CYLINDRICAL_SURFACE ( 'NONE', #3443, 0.1659448819000000075 ) ;
#3941 = CARTESIAN_POINT ( 'NONE',  ( 0.7125058949105342876, -0.3285433070852991633, -0.3204724409435995014 ) ) ;
#3942 = FACE_OUTER_BOUND ( 'NONE', #2483, .T. ) ;
#3943 = PLANE ( 'NONE',  #1103 ) ;
#3944 = CIRCLE ( 'NONE', #1807, 0.2519685039360020085 ) ;
#3945 = ORIENTED_EDGE ( 'NONE', *, *, #5027, .F. ) ;
#3946 = VERTEX_POINT ( 'NONE', #3062 ) ;
#3947 = EDGE_CURVE ( 'NONE', #2700, #5637, #335, .T. ) ;
#3948 = LINE ( 'NONE', #3415, #6536 ) ;
#3949 = LINE ( 'NONE', #6943, #5129 ) ;
#3950 = CARTESIAN_POINT ( 'NONE',  ( 0.7133858267687989141, 0.3385826771639992017, -0.3118110236207992103 ) ) ;
#3951 = VERTEX_POINT ( 'NONE', #6336 ) ;
#3952 = ORIENTED_EDGE ( 'NONE', *, *, #3983, .F. ) ;
#3953 = ORIENTED_EDGE ( 'NONE', *, *, #6945, .F. ) ;
#3954 = CARTESIAN_POINT ( 'NONE',  ( 0.9263779527521984747, -3.188074612150488260E-17, 4.440892098500626162E-16 ) ) ;
#3955 = ORIENTED_EDGE ( 'NONE', *, *, #3664, .F. ) ;
#3956 = EDGE_CURVE ( 'NONE', #440, #3458, #927, .T. ) ;
#3957 = LINE ( 'NONE', #1315, #1678 ) ;
#3958 = LINE ( 'NONE', #3390, #3237 ) ;
#3959 = CARTESIAN_POINT ( 'NONE',  ( 0.5797244094694997685, 0.07242074860119965263, 1.832271301095619974E-15 ) ) ;
#3960 = FACE_OUTER_BOUND ( 'NONE', #6022, .T. ) ;
#3961 = ORIENTED_EDGE ( 'NONE', *, *, #3100, .T. ) ;
#3962 = CARTESIAN_POINT ( 'NONE',  ( -0.7387937305823458756, -0.2518175308232990517, 0.008721132140004694833 ) ) ;
#3963 = EDGE_CURVE ( 'NONE', #2982, #4129, #6937, .T. ) ;
#3964 = EDGE_CURVE ( 'NONE', #4237, #669, #3370, .T. ) ;
#3965 = DIRECTION ( 'NONE',  ( 0.0000000000000000000, -1.000000000000000000, -0.0000000000000000000 ) ) ;
#3966 = CARTESIAN_POINT ( 'NONE',  ( 0.3297244094704998019, -0.3104330708648994075, 0.1610236220466032264 ) ) ;
#3967 = DIRECTION ( 'NONE',  ( 0.0000000000000000000, 1.000000000000000000, 0.0000000000000000000 ) ) ;
#3968 = DIRECTION ( 'NONE',  ( 0.0000000000000000000, 0.0000000000000000000, 1.000000000000000000 ) ) ;
#3969 = EDGE_LOOP ( 'NONE', ( #3345, #1023, #2861, #870 ) ) ;
#3970 = EDGE_LOOP ( 'NONE', ( #5356, #5703, #2024, #2474 ) ) ;
#3971 = DIRECTION ( 'NONE',  ( -0.0000000000000000000, -1.000000000000000000, 6.123031769111886291E-17 ) ) ;
#3972 = CARTESIAN_POINT ( 'NONE',  ( -0.6909448818890004951, 0.0000000000000000000, -0.2125984251960000293 ) ) ;
#3973 = DIRECTION ( 'NONE',  ( 0.4999999999488567437, 0.0000000000000000000, 0.8660254038139660882 ) ) ;
#3974 = DIRECTION ( 'NONE',  ( -3.749151804555343599E-33, 1.000000000000000000, -6.123031769111886291E-17 ) ) ;
#3975 = DIRECTION ( 'NONE',  ( -0.0000000000000000000, -1.000000000000000000, -0.0000000000000000000 ) ) ;
#3976 = DIRECTION ( 'NONE',  ( -0.0000000000000000000, 1.000000000000000000, -6.123031769111886291E-17 ) ) ;
#3977 = VECTOR ( 'NONE', #3475, 39.37007874015748143 ) ;
#3978 = EDGE_LOOP ( 'NONE', ( #6570, #464, #4524, #2364 ) ) ;
#3979 = DIRECTION ( 'NONE',  ( -0.0000000000000000000, 6.123031769111886291E-17, 1.000000000000000000 ) ) ;
#3980 = DIRECTION ( 'NONE',  ( 1.000000000000000000, 0.0000000000000000000, 0.0000000000000000000 ) ) ;
#3981 = DIRECTION ( 'NONE',  ( -0.0000000000000000000, -1.000000000000000000, 6.123031769111886291E-17 ) ) ;
#3982 = ORIENTED_EDGE ( 'NONE', *, *, #4899, .T. ) ;
#3983 = EDGE_CURVE ( 'NONE', #6629, #2661, #5274, .T. ) ;
#3984 = CARTESIAN_POINT ( 'NONE',  ( 0.4311023622029997449, 0.3104330708652991433, -0.3283464566915989535 ) ) ;
#3985 = DIMENSIONAL_EXPONENTS ( 1.000000000000000000, 0.0000000000000000000, 0.0000000000000000000, 0.0000000000000000000, 0.0000000000000000000, 0.0000000000000000000, 0.0000000000000000000 ) ;
#3986 = VERTEX_POINT ( 'NONE', #5313 ) ;
#3987 = CARTESIAN_POINT ( 'NONE',  ( -0.7387937305823456535, -0.2092361295130870658, -0.06408772548243076017 ) ) ;
#3988 =( NAMED_UNIT ( * ) PLANE_ANGLE_UNIT ( ) SI_UNIT ( $, .RADIAN. ) );
#3989 = FACE_OUTER_BOUND ( 'NONE', #4862, .T. ) ;
#3990 = LINE ( 'NONE', #114, #5219 ) ;
#3991 = ADVANCED_FACE ( 'NONE', ( #5810 ), #4625, .F. ) ;
#3992 = EDGE_CURVE ( 'NONE', #744, #4565, #4660, .T. ) ;
#3993 = ORIENTED_EDGE ( 'NONE', *, *, #4422, .F. ) ;
#3994 = CARTESIAN_POINT ( 'NONE',  ( 0.7352362204694999903, 0.07242074860119984692, 2.669296277896500903E-15 ) ) ;
#3995 = VECTOR ( 'NONE', #6294, 39.37007874015748854 ) ;
#3996 = VECTOR ( 'NONE', #6769, 39.37007874015748854 ) ;
#3997 = CARTESIAN_POINT ( 'NONE',  ( 0.7133858267687989141, 0.3285433070852992188, -0.09999999999959907626 ) ) ;
#3998 = FACE_OUTER_BOUND ( 'NONE', #2160, .T. ) ;
#3999 = CARTESIAN_POINT ( 'NONE',  ( -0.7387937305823458756, -0.1334614873947940206, 0.2137198127411586990 ) ) ;
#4000 = DIRECTION ( 'NONE',  ( -0.0000000000000000000, -1.000000000000000000, 6.123031769111886291E-17 ) ) ;
#4001 = ORIENTED_EDGE ( 'NONE', *, *, #3008, .T. ) ;
#4002 = ORIENTED_EDGE ( 'NONE', *, *, #6816, .F. ) ;
#4003 = VECTOR ( 'NONE', #5638, 39.37007874015748143 ) ;
#4004 = EDGE_CURVE ( 'NONE', #640, #6272, #2579, .T. ) ;
#4005 = CARTESIAN_POINT ( 'NONE',  ( 0.1024547350074636043, 0.3285433070852992188, -0.3204724409435995014 ) ) ;
#4006 = CARTESIAN_POINT ( 'NONE',  ( 0.4074803293998270348, 0.3104330708652991433, -0.3204724409435995014 ) ) ;
#4007 = LINE ( 'NONE', #1331, #3581 ) ;
#4008 = DIRECTION ( 'NONE',  ( 1.000000000000000000, 0.0000000000000000000, 0.0000000000000000000 ) ) ;
#4009 = CARTESIAN_POINT ( 'NONE',  ( 0.4852362204704991910, -0.3285433070852992188, 0.1610236220466032264 ) ) ;
#4010 = LINE ( 'NONE', #4507, #2760 ) ;
#4011 = LINE ( 'NONE', #6181, #1672 ) ;
#4012 = ADVANCED_FACE ( 'NONE', ( #6906 ), #3599, .F. ) ;
#4013 = VECTOR ( 'NONE', #4460, 39.37007874015748143 ) ;
#4014 = VERTEX_POINT ( 'NONE', #5778 ) ;
#4015 = ORIENTED_EDGE ( 'NONE', *, *, #6054, .T. ) ;
#4016 = CARTESIAN_POINT ( 'NONE',  ( 0.07972440947149993240, 0.3104330708648994630, 1.560460843526877166E-15 ) ) ;
#4017 = FACE_OUTER_BOUND ( 'NONE', #1442, .T. ) ;
#4018 = CARTESIAN_POINT ( 'NONE',  ( 0.2352362204714992522, -0.3104330708648994075, 0.1610236220466032264 ) ) ;
#4019 = CARTESIAN_POINT ( 'NONE',  ( 0.06889763779499968877, 0.3285433070852992188, 4.440892098500626162E-16 ) ) ;
#4020 = ORIENTED_EDGE ( 'NONE', *, *, #3262, .T. ) ;
#4021 = ORIENTED_EDGE ( 'NONE', *, *, #1069, .F. ) ;
#4022 = ORIENTED_EDGE ( 'NONE', *, *, #3252, .T. ) ;
#4023 = DIRECTION ( 'NONE',  ( 0.0000000000000000000, 1.000000000000000000, 0.0000000000000000000 ) ) ;
#4024 = EDGE_LOOP ( 'NONE', ( #5789, #3495, #6020, #3575 ) ) ;
#4025 = CARTESIAN_POINT ( 'NONE',  ( -0.6279527559050004371, 0.0000000000000000000, 0.0000000000000000000 ) ) ;
#4026 = CIRCLE ( 'NONE', #1887, 0.2519685039360020085 ) ;
#4027 = CARTESIAN_POINT ( 'NONE',  ( 0.0000000000000000000, 0.0000000000000000000, 4.440892098500626162E-16 ) ) ;
#4028 = ORIENTED_EDGE ( 'NONE', *, *, #6358, .F. ) ;
#4029 = EDGE_LOOP ( 'NONE', ( #3493, #5216, #2511, #4980 ) ) ;
#4030 = CARTESIAN_POINT ( 'NONE',  ( 0.8114173228314000008, -0.2964566929121998928, 4.841781934405836480E-16 ) ) ;
#4031 = CIRCLE ( 'NONE', #4937, 0.2125984251960000293 ) ;
#4032 = EDGE_CURVE ( 'NONE', #1604, #3775, #3357, .T. ) ;
#4033 = LINE ( 'NONE', #3432, #6600 ) ;
#4034 = EDGE_CURVE ( 'NONE', #3133, #1884, #4194, .T. ) ;
#4035 = CARTESIAN_POINT ( 'NONE',  ( -0.7509909421631429938, 0.04129060609562468231, -0.2215604674638420868 ) ) ;
#4036 = LINE ( 'NONE', #721, #5044 ) ;
#4037 = AXIS2_PLACEMENT_3D ( 'NONE', #5007, #2356, #775 ) ;
#4038 = VECTOR ( 'NONE', #858, 39.37007874015748143 ) ;
#4039 = EDGE_LOOP ( 'NONE', ( #3955, #5386, #1489, #4264, #1782 ) ) ;
#4040 = DIRECTION ( 'NONE',  ( 1.000000000000000000, 0.0000000000000000000, -0.0000000000000000000 ) ) ;
#4041 = CARTESIAN_POINT ( 'NONE',  ( 0.2352362204714992522, 0.2785433070854992366, 0.1929133858260032308 ) ) ;
#4042 = VECTOR ( 'NONE', #5041, 39.37007874015748854 ) ;
#4043 = CARTESIAN_POINT ( 'NONE',  ( -0.6181102362200001643, 0.0000000000000000000, 0.0000000000000000000 ) ) ;
#4044 = EDGE_CURVE ( 'NONE', #6126, #6757, #5647, .T. ) ;
#4045 = LINE ( 'NONE', #945, #4610 ) ;
#4046 = DIRECTION ( 'NONE',  ( -1.000000000000000000, -0.0000000000000000000, 0.0000000000000000000 ) ) ;
#4047 = DIRECTION ( 'NONE',  ( 0.0000000000000000000, 6.123031769111886291E-17, 1.000000000000000000 ) ) ;
#4048 = AXIS2_PLACEMENT_3D ( 'NONE', #3263, #2737, #6353 ) ;
#4049 = ORIENTED_EDGE ( 'NONE', *, *, #4301, .T. ) ;
#4050 = DIRECTION ( 'NONE',  ( 0.0000000000000000000, 0.0000000000000000000, -1.000000000000000000 ) ) ;
#4051 = CARTESIAN_POINT ( 'NONE',  ( 0.8114173228314003339, -0.3385826771640010335, -0.3118110236207991548 ) ) ;
#4052 = ADVANCED_FACE ( 'NONE', ( #6539 ), #6503, .T. ) ;
#4053 = CARTESIAN_POINT ( 'NONE',  ( -0.7387937305823457645, 0.07844154486002925808, -0.2040687130644909530 ) ) ;
#4054 = EDGE_CURVE ( 'NONE', #5687, #420, #5883, .T. ) ;
#4055 = PLANE ( 'NONE',  #5441 ) ;
#4056 = ORIENTED_EDGE ( 'NONE', *, *, #1626, .F. ) ;
#4057 = CARTESIAN_POINT ( 'NONE',  ( 0.3515748031481988889, 0.3285433070852992188, -0.3118110236207991548 ) ) ;
#4058 = VERTEX_POINT ( 'NONE', #1027 ) ;
#4059 = DIRECTION ( 'NONE',  ( -1.000000000000000000, 6.123031769111886291E-17, -3.749151804555343599E-33 ) ) ;
#4060 = VERTEX_POINT ( 'NONE', #4336 ) ;
#4061 = DIRECTION ( 'NONE',  ( -1.000000000000000000, 6.123031769111886291E-17, -3.749151804555343599E-33 ) ) ;
#4062 = ORIENTED_EDGE ( 'NONE', *, *, #2105, .T. ) ;
#4063 = CARTESIAN_POINT ( 'NONE',  ( 0.0000000000000000000, -0.2722930320583651920, 4.826986448099228622E-16 ) ) ;
#4064 = ORIENTED_EDGE ( 'NONE', *, *, #2520, .F. ) ;
#4065 = ORIENTED_EDGE ( 'NONE', *, *, #2225, .T. ) ;
#4066 = FACE_OUTER_BOUND ( 'NONE', #3682, .T. ) ;
#4067 = EDGE_LOOP ( 'NONE', ( #3640, #4549, #4062, #2898 ) ) ;
#4068 = LINE ( 'NONE', #1535, #2852 ) ;
#4069 = CARTESIAN_POINT ( 'NONE',  ( 0.1024547350074634516, 0.3104330708652991433, -0.3204724409435992238 ) ) ;
#4070 = CARTESIAN_POINT ( 'NONE',  ( 0.07972440947149994628, -0.2273686271854815366, 2.663551793822656786E-15 ) ) ;
#4071 = VERTEX_POINT ( 'NONE', #6469 ) ;
#4072 = ORIENTED_EDGE ( 'NONE', *, *, #1243, .F. ) ;
#4073 = CARTESIAN_POINT ( 'NONE',  ( 0.3515748031481997771, -0.3582677165339997472, -0.2921259842507990534 ) ) ;
#4074 = DIRECTION ( 'NONE',  ( 1.000000000000000000, 0.0000000000000000000, 0.0000000000000000000 ) ) ;
#4075 = FACE_OUTER_BOUND ( 'NONE', #2108, .T. ) ;
#4076 = CARTESIAN_POINT ( 'NONE',  ( 0.1259842519680001161, 0.3285433070852992188, -0.3204724409435992794 ) ) ;
#4077 = CARTESIAN_POINT ( 'NONE',  ( -0.6062992125980004587, 0.0000000000000000000, 0.0000000000000000000 ) ) ;
#4078 = CARTESIAN_POINT ( 'NONE',  ( 0.4389763779509996411, 0.3285433070852992188, -0.3204724409435995014 ) ) ;
#4079 = ADVANCED_FACE ( 'NONE', ( #6018 ), #604, .F. ) ;
#4080 = VERTEX_POINT ( 'NONE', #3771 ) ;
#4081 = DIRECTION ( 'NONE',  ( 0.0000000000000000000, -6.123031769111886291E-17, -1.000000000000000000 ) ) ;
#4082 = FACE_OUTER_BOUND ( 'NONE', #1122, .T. ) ;
#4083 = CARTESIAN_POINT ( 'NONE',  ( 0.6811023622020000445, -0.3285433070852992188, -0.4543307086595991251 ) ) ;
#4084 = EDGE_LOOP ( 'NONE', ( #2353, #1050, #3760, #1025 ) ) ;
#4085 = DIRECTION ( 'NONE',  ( 0.0000000000000000000, 0.0000000000000000000, -1.000000000000000000 ) ) ;
#4086 = EDGE_CURVE ( 'NONE', #4405, #4654, #1663, .T. ) ;
#4087 = CIRCLE ( 'NONE', #5231, 0.01968503937000001119 ) ;
#4088 = EDGE_CURVE ( 'NONE', #5594, #1031, #3310, .T. ) ;
#4089 = DIRECTION ( 'NONE',  ( -1.000000000000000000, -0.0000000000000000000, -0.0000000000000000000 ) ) ;
#4090 = ORIENTED_EDGE ( 'NONE', *, *, #5553, .F. ) ;
#4091 = DIRECTION ( 'NONE',  ( 1.000000000000000000, 0.0000000000000000000, 0.0000000000000000000 ) ) ;
#4092 = ORIENTED_EDGE ( 'NONE', *, *, #3301, .T. ) ;
#4093 = DIRECTION ( 'NONE',  ( -6.123031769111886291E-17, -1.000000000000000000, 0.0000000000000000000 ) ) ;
#4094 =( LENGTH_UNIT ( ) NAMED_UNIT ( * ) SI_UNIT ( $, .METRE. ) );
#4095 = ORIENTED_EDGE ( 'NONE', *, *, #5795, .T. ) ;
#4096 = CARTESIAN_POINT ( 'NONE',  ( 0.1015748031491998660, 0.3285433070852992188, -0.09999999999959907626 ) ) ;
#4097 = EDGE_LOOP ( 'NONE', ( #1178, #3648, #95, #4700 ) ) ;
#4098 = CARTESIAN_POINT ( 'NONE',  ( -0.7374304349286002758, -0.1909742505051299777, -0.1250565655600005821 ) ) ;
#4099 = CARTESIAN_POINT ( 'NONE',  ( 0.0000000000000000000, 0.3285433070852992188, -0.3204724409435995014 ) ) ;
#4100 = ORIENTED_EDGE ( 'NONE', *, *, #3078, .T. ) ;
#4101 = VECTOR ( 'NONE', #2477, 39.37007874015748143 ) ;
#4102 = DIRECTION ( 'NONE',  ( -0.0000000000000000000, -1.000000000000000000, 6.123031769111886291E-17 ) ) ;
#4103 = DIRECTION ( 'NONE',  ( 0.0000000000000000000, -1.000000000000000000, -0.0000000000000000000 ) ) ;
#4104 = AXIS2_PLACEMENT_3D ( 'NONE', #2996, #754, #6135 ) ;
#4105 = CARTESIAN_POINT ( 'NONE',  ( -0.5944881889760003091, 2.296212748392106741E-17, 0.1874999999992503497 ) ) ;
#4106 = CARTESIAN_POINT ( 'NONE',  ( -0.6929133858260003720, -0.1334614873947922165, -0.2137198127411606419 ) ) ;
#4107 = DIRECTION ( 'NONE',  ( 0.0000000000000000000, 1.000000000000000000, 0.0000000000000000000 ) ) ;
#4108 = DIRECTION ( 'NONE',  ( 0.0000000000000000000, 0.0000000000000000000, -1.000000000000000000 ) ) ;
#4109 = VECTOR ( 'NONE', #4121, 39.37007874015748143 ) ;
#4110 = ORIENTED_EDGE ( 'NONE', *, *, #854, .F. ) ;
#4111 = AXIS2_PLACEMENT_3D ( 'NONE', #1999, #378, #4107 ) ;
#4112 = ORIENTED_EDGE ( 'NONE', *, *, #6568, .F. ) ;
#4113 = LINE ( 'NONE', #1445, #331 ) ;
#4114 = DIRECTION ( 'NONE',  ( 0.9993908270192757293, -2.136907270038746878E-18, -0.03489949669734759841 ) ) ;
#4115 = DIRECTION ( 'NONE',  ( -1.000000000000000000, 6.123031769111886291E-17, -3.749151804555343599E-33 ) ) ;
#4116 = DIRECTION ( 'NONE',  ( 1.000000000000000000, 6.123031769111886291E-17, -3.749151804555343599E-33 ) ) ;
#4117 = EDGE_CURVE ( 'NONE', #146, #4894, #3805, .T. ) ;
#4118 = VECTOR ( 'NONE', #4925, 39.37007874015748143 ) ;
#4119 = EDGE_LOOP ( 'NONE', ( #6723, #2087, #5707, #5593 ) ) ;
#4120 = ORIENTED_EDGE ( 'NONE', *, *, #4034, .F. ) ;
#4121 = DIRECTION ( 'NONE',  ( -0.0000000000000000000, -0.0000000000000000000, 1.000000000000000000 ) ) ;
#4122 = ORIENTED_EDGE ( 'NONE', *, *, #2112, .T. ) ;
#4123 = VECTOR ( 'NONE', #2338, 39.37007874015748143 ) ;
#4124 = DIRECTION ( 'NONE',  ( 0.4999999999486984259, -0.0000000000000000000, -0.8660254038140575705 ) ) ;
#4125 = EDGE_CURVE ( 'NONE', #2323, #4967, #5178, .T. ) ;
#4126 = EDGE_CURVE ( 'NONE', #4357, #5545, #5484, .T. ) ;
#4127 = ORIENTED_EDGE ( 'NONE', *, *, #6378, .T. ) ;
#4128 = CARTESIAN_POINT ( 'NONE',  ( 0.07972440947149993240, 0.04680900692053285850, 1.816260838008213680E-15 ) ) ;
#4129 = VERTEX_POINT ( 'NONE', #1598 ) ;
#4130 = VERTEX_POINT ( 'NONE', #3206 ) ;
#4131 = DIRECTION ( 'NONE',  ( -1.000000000000000000, 0.0000000000000000000, 0.0000000000000000000 ) ) ;
#4132 = VERTEX_POINT ( 'NONE', #5383 ) ;
#4133 = DIRECTION ( 'NONE',  ( -6.123031769111886291E-17, -1.000000000000000000, 0.0000000000000000000 ) ) ;
#4134 = CARTESIAN_POINT ( 'NONE',  ( -0.5944881889760003091, 0.0000000000000000000, 0.0000000000000000000 ) ) ;
#4135 = PLANE ( 'NONE',  #6 ) ;
#4136 = EDGE_CURVE ( 'NONE', #5879, #5635, #531, .T. ) ;
#4137 = CARTESIAN_POINT ( 'NONE',  ( -0.4452755905514003132, 0.0000000000000000000, 0.1874999999984376109 ) ) ;
#4138 = EDGE_CURVE ( 'NONE', #4726, #6541, #3243, .T. ) ;
#4139 = EDGE_LOOP ( 'NONE', ( #3281, #6403, #1891, #6572 ) ) ;
#4140 = VERTEX_POINT ( 'NONE', #4905 ) ;
#4141 = VECTOR ( 'NONE', #3445, 39.37007874015748143 ) ;
#4142 = DIRECTION ( 'NONE',  ( 0.0000000000000000000, -6.123031769111886291E-17, -1.000000000000000000 ) ) ;
#4143 = LINE ( 'NONE', #6388, #2275 ) ;
#4144 = DIRECTION ( 'NONE',  ( -0.0000000000000000000, 6.123031769111886291E-17, 1.000000000000000000 ) ) ;
#4145 = AXIS2_PLACEMENT_3D ( 'NONE', #537, #1635, #3216 ) ;
#4146 = VECTOR ( 'NONE', #5031, 39.37007874015748143 ) ;
#4147 = CARTESIAN_POINT ( 'NONE',  ( 0.0000000000000000000, 0.3285433070852992188, -0.3118110236207991548 ) ) ;
#4148 = AXIS2_PLACEMENT_3D ( 'NONE', #4686, #423, #6898 ) ;
#4149 = VERTEX_POINT ( 'NONE', #5455 ) ;
#4150 = CARTESIAN_POINT ( 'NONE',  ( -0.6377952755900002657, 3.760726391067384157E-17, 0.3070866141720002829 ) ) ;
#4151 = CARTESIAN_POINT ( 'NONE',  ( 0.5797244094694997685, -0.2785433070854992366, 0.1610236220466032264 ) ) ;
#4152 = LINE ( 'NONE', #5801, #5376 ) ;
#4153 = LINE ( 'NONE', #2460, #6243 ) ;
#4154 = CIRCLE ( 'NONE', #1230, 0.007874015748000031539 ) ;
#4155 = CARTESIAN_POINT ( 'NONE',  ( -0.7387937305823458756, -1.404634042604545148E-18, 8.600618866843687843E-35 ) ) ;
#4156 = CARTESIAN_POINT ( 'NONE',  ( -0.3901574803154005955, 4.766092744917043786E-18, 0.07783877210894019072 ) ) ;
#4157 = ADVANCED_FACE ( 'NONE', ( #2722 ), #2752, .T. ) ;
#4158 = ORIENTED_EDGE ( 'NONE', *, *, #1861, .T. ) ;
#4159 = EDGE_CURVE ( 'NONE', #5618, #1239, #3379, .T. ) ;
#4160 = CIRCLE ( 'NONE', #5992, 0.1874999999992503497 ) ;
#4161 = CARTESIAN_POINT ( 'NONE',  ( 0.4633858267697990030, 0.3285433070852991633, -0.3118110236207990438 ) ) ;
#4162 = ORIENTED_EDGE ( 'NONE', *, *, #563, .T. ) ;
#4163 = PLANE ( 'NONE',  #2793 ) ;
#4164 = DIRECTION ( 'NONE',  ( 0.0000000000000000000, 0.0000000000000000000, 1.000000000000000000 ) ) ;
#4165 = VECTOR ( 'NONE', #6802, 39.37007874015748143 ) ;
#4166 = ORIENTED_EDGE ( 'NONE', *, *, #1249, .F. ) ;
#4167 = ORIENTED_EDGE ( 'NONE', *, *, #5562, .T. ) ;
#4168 = CARTESIAN_POINT ( 'NONE',  ( 0.5688976377929995110, 0.2722930320583657471, 1.333987949143294279E-15 ) ) ;
#4169 = ORIENTED_EDGE ( 'NONE', *, *, #3099, .T. ) ;
#4170 = AXIS2_PLACEMENT_3D ( 'NONE', #1876, #3453, #4515 ) ;
#4171 = CARTESIAN_POINT ( 'NONE',  ( -0.7921593597097204009, -0.05533866156154780558, 0.1574986883687437000 ) ) ;
#4172 = LINE ( 'NONE', #4770, #1918 ) ;
#4173 =( BOUNDED_SURFACE ( )  B_SPLINE_SURFACE ( 3, 3, ( 
 ( #1324, #1888, #296, #3505 ),
 ( #937, #3571, #5753, #6702 ),
 ( #4035, #904, #367, #2439 ),
 ( #4595, #6204, #1360, #5685 ) ),
 .UNSPECIFIED., .F., .F., .F. ) 
 B_SPLINE_SURFACE_WITH_KNOTS ( ( 4, 4 ),
 ( 4, 4 ),
 ( 0.0000000000000000000, 1.000000000000000000 ),
 ( 0.0000000000000000000, 1.000000000000000000 ),
 .UNSPECIFIED. ) 
 GEOMETRIC_REPRESENTATION_ITEM ( )  RATIONAL_B_SPLINE_SURFACE ( (
 ( 1.000000000000000000, 0.9905095127726338822, 0.9905095127726338822, 1.000000000000000000),
 ( 0.9677923579445135704, 0.9586075369326986229, 0.9586075369326986229, 0.9677923579445135704),
 ( 0.9677923579445135704, 0.9586075369326986229, 0.9586075369326986229, 0.9677923579445135704),
 ( 1.000000000000000000, 0.9905095127726338822, 0.9905095127726338822, 1.000000000000000000) ) ) 
 REPRESENTATION_ITEM ( '' )  SURFACE ( )  );
#4174 = DIRECTION ( 'NONE',  ( 0.0000000000000000000, 0.0000000000000000000, 1.000000000000000000 ) ) ;
#4175 = EDGE_LOOP ( 'NONE', ( #2650, #1689, #363, #10 ) ) ;
#4176 = VERTEX_POINT ( 'NONE', #4442 ) ;
#4177 = CYLINDRICAL_SURFACE ( 'NONE', #4752, 0.02362204724400002870 ) ;
#4178 = EDGE_CURVE ( 'NONE', #6800, #5309, #6092, .T. ) ;
#4179 = EDGE_CURVE ( 'NONE', #2728, #895, #5417, .T. ) ;
#4180 = CARTESIAN_POINT ( 'NONE',  ( 0.3515748031481992775, 0.3385826771639992572, -0.3118110236207992103 ) ) ;
#4181 = CARTESIAN_POINT ( 'NONE',  ( -0.7387937305823457645, 0.1312144453167277958, 0.1752764115942071488 ) ) ;
#4182 = LINE ( 'NONE', #5295, #5943 ) ;
#4183 = DIRECTION ( 'NONE',  ( 2.135605524210595349E-18, -1.000000000000000000, 7.457698823724505906E-20 ) ) ;
#4184 = EDGE_LOOP ( 'NONE', ( #4964, #4953, #4406, #5496, #2223, #6184, #6093, #2429, #1056, #4548, #1221, #1935, #5769, #2753 ) ) ;
#4185 = ORIENTED_EDGE ( 'NONE', *, *, #2677, .F. ) ;
#4186 = PLANE ( 'NONE',  #670 ) ;
#4187 = FACE_OUTER_BOUND ( 'NONE', #3615, .T. ) ;
#4188 = FACE_OUTER_BOUND ( 'NONE', #6760, .T. ) ;
#4189 = CARTESIAN_POINT ( 'NONE',  ( 0.3474541065298666354, -0.3285433070852992188, -0.3118110983511730439 ) ) ;
#4190 = VERTEX_POINT ( 'NONE', #5050 ) ;
#4191 = CARTESIAN_POINT ( 'NONE',  ( 0.3474541065298666354, -0.3385826771640010335, -0.3118110236207991548 ) ) ;
#4192 = CIRCLE ( 'NONE', #4645, 0.007874015748000031539 ) ;
#4193 = VERTEX_POINT ( 'NONE', #6716 ) ;
#4194 = LINE ( 'NONE', #6370, #893 ) ;
#4195 = EDGE_LOOP ( 'NONE', ( #2881, #4909 ) ) ;
#4196 = CYLINDRICAL_SURFACE ( 'NONE', #5519, 0.007874015748000031539 ) ;
#4197 = VECTOR ( 'NONE', #4355, 39.37007874015748143 ) ;
#4198 = DIRECTION ( 'NONE',  ( 0.0000000000000000000, 1.000000000000000000, 0.0000000000000000000 ) ) ;
#4199 = ORIENTED_EDGE ( 'NONE', *, *, #1382, .F. ) ;
#4200 = DIRECTION ( 'NONE',  ( 0.0000000000000000000, 0.0000000000000000000, 1.000000000000000000 ) ) ;
#4201 = VECTOR ( 'NONE', #3617, 39.37007874015748143 ) ;
#4202 = DIRECTION ( 'NONE',  ( 1.000000000000000000, 6.123031769111886291E-17, -3.749151804555343599E-33 ) ) ;
#4203 = FACE_BOUND ( 'NONE', #239, .T. ) ;
#4204 = DIRECTION ( 'NONE',  ( -1.000000000000000000, 0.0000000000000000000, 0.0000000000000000000 ) ) ;
#4205 = CARTESIAN_POINT ( 'NONE',  ( 0.3759842519670000272, 0.3104330708652991433, -0.3283464566915989535 ) ) ;
#4206 = EDGE_CURVE ( 'NONE', #3419, #3208, #703, .T. ) ;
#4207 = EDGE_CURVE ( 'NONE', #1601, #4466, #2345, .T. ) ;
#4208 = ORIENTED_EDGE ( 'NONE', *, *, #3301, .F. ) ;
#4209 = ORIENTED_EDGE ( 'NONE', *, *, #561, .T. ) ;
#4210 = DIRECTION ( 'NONE',  ( 0.0000000000000000000, 0.0000000000000000000, -1.000000000000000000 ) ) ;
#4211 = CARTESIAN_POINT ( 'NONE',  ( 0.3515748031481988889, 0.3285433070852992188, -0.09999999999959907626 ) ) ;
#4212 = CARTESIAN_POINT ( 'NONE',  ( -0.7387937305823458756, 0.01416072092072879693, 0.2185039370070001874 ) ) ;
#4213 = DIRECTION ( 'NONE',  ( 0.0000000000000000000, 6.123031769111886291E-17, 1.000000000000000000 ) ) ;
#4214 = CARTESIAN_POINT ( 'NONE',  ( 0.7352362204694999903, 0.2785433070854992366, 0.1929133858260032308 ) ) ;
#4215 = EDGE_CURVE ( 'NONE', #4446, #204, #167, .T. ) ;
#4216 = ORIENTED_EDGE ( 'NONE', *, *, #1165, .T. ) ;
#4217 = CIRCLE ( 'NONE', #3313, 0.2165354330699997554 ) ;
#4218 = AXIS2_PLACEMENT_3D ( 'NONE', #793, #4559, #5682 ) ;
#4219 = VERTEX_POINT ( 'NONE', #1305 ) ;
#4220 = FACE_OUTER_BOUND ( 'NONE', #3384, .T. ) ;
#4221 = VECTOR ( 'NONE', #1306, 39.37007874015748143 ) ;
#4222 = CARTESIAN_POINT ( 'NONE',  ( 0.6024547350054629824, 0.3104330708652991433, -0.3204724409435993349 ) ) ;
#4223 = VECTOR ( 'NONE', #5161, 39.37007874015748143 ) ;
#4224 = LINE ( 'NONE', #6400, #1298 ) ;
#4225 = CARTESIAN_POINT ( 'NONE',  ( -0.7158535582041731793, 0.2519685039360020085, 0.0000000000000000000 ) ) ;
#4226 = EDGE_CURVE ( 'NONE', #1085, #6504, #1268, .T. ) ;
#4227 = VECTOR ( 'NONE', #3687, 39.37007874015748143 ) ;
#4228 = VERTEX_POINT ( 'NONE', #4475 ) ;
#4229 = DIRECTION ( 'NONE',  ( 0.0000000000000000000, 1.000000000000000000, -6.123031769111886291E-17 ) ) ;
#4230 = ORIENTED_EDGE ( 'NONE', *, *, #5137, .F. ) ;
#4231 = VERTEX_POINT ( 'NONE', #4513 ) ;
#4232 = DIRECTION ( 'NONE',  ( 0.0000000000000000000, 0.0000000000000000000, -1.000000000000000000 ) ) ;
#4233 = APPLICATION_PROTOCOL_DEFINITION ( 'draft international standard', 'automotive_design', 1998, #24 ) ;
#4234 = ORIENTED_EDGE ( 'NONE', *, *, #2488, .T. ) ;
#4235 = ORIENTED_EDGE ( 'NONE', *, *, #2858, .F. ) ;
#4236 = DIRECTION ( 'NONE',  ( -1.000000000000000000, 0.0000000000000000000, 0.0000000000000000000 ) ) ;
#4237 = VERTEX_POINT ( 'NONE', #1200 ) ;
#4238 = DIRECTION ( 'NONE',  ( -1.000000000000000000, 0.0000000000000000000, 0.0000000000000000000 ) ) ;
#4239 = CARTESIAN_POINT ( 'NONE',  ( 0.1015748031491998660, -0.3582677165339997472, -0.2921259842507990534 ) ) ;
#4240 = LINE ( 'NONE', #4809, #1019 ) ;
#4241 = VECTOR ( 'NONE', #4379, 39.37007874015748143 ) ;
#4242 = CARTESIAN_POINT ( 'NONE',  ( 0.7133858267687989141, -0.2722930320583651920, 0.1172304988566748030 ) ) ;
#4243 = LINE ( 'NONE', #446, #6763 ) ;
#4244 = ORIENTED_EDGE ( 'NONE', *, *, #6091, .T. ) ;
#4245 = LINE ( 'NONE', #6387, #4783 ) ;
#4246 = AXIS2_PLACEMENT_3D ( 'NONE', #3239, #633, #3274 ) ;
#4247 = ADVANCED_FACE ( 'NONE', ( #6641 ), #1798, .F. ) ;
#4248 = DIRECTION ( 'NONE',  ( -1.000000000000000000, -0.0000000000000000000, 0.0000000000000000000 ) ) ;
#4249 = CARTESIAN_POINT ( 'NONE',  ( -0.7387937305823325529, 0.2056934732477474215, 0.07504893225138330182 ) ) ;
#4250 =( REPRESENTATION_RELATIONSHIP ('NONE','NONE', #1738, #1026 ) REPRESENTATION_RELATIONSHIP_WITH_TRANSFORMATION ( #4445 )SHAPE_REPRESENTATION_RELATIONSHIP( ) );
#4251 = DIRECTION ( 'NONE',  ( 1.000000000000000000, 0.0000000000000000000, 0.0000000000000000000 ) ) ;
#4252 = DIRECTION ( 'NONE',  ( 0.0000000000000000000, 0.0000000000000000000, -1.000000000000000000 ) ) ;
#4253 = ORIENTED_EDGE ( 'NONE', *, *, #1344, .T. ) ;
#4254 = AXIS2_PLACEMENT_3D ( 'NONE', #2739, #5936, #555 ) ;
#4255 = ORIENTED_EDGE ( 'NONE', *, *, #4785, .T. ) ;
#4256 = EDGE_CURVE ( 'NONE', #6669, #4149, #3948, .T. ) ;
#4257 = CIRCLE ( 'NONE', #6434, 0.03188976377939998358 ) ;
#4258 = VECTOR ( 'NONE', #5327, 39.37007874015748143 ) ;
#4259 = LINE ( 'NONE', #4325, #5533 ) ;
#4260 = CARTESIAN_POINT ( 'NONE',  ( 0.1259842519680001161, -0.3104330708652991433, -0.3204724409435995014 ) ) ;
#4261 = DIRECTION ( 'NONE',  ( -0.0000000000000000000, -1.000000000000000000, 0.0000000000000000000 ) ) ;
#4262 = CARTESIAN_POINT ( 'NONE',  ( 0.5001567777274594784, 0.2722930320583651920, 0.1172306448981628724 ) ) ;
#4263 = VECTOR ( 'NONE', #5595, 39.37007874015748143 ) ;
#4264 = ORIENTED_EDGE ( 'NONE', *, *, #645, .F. ) ;
#4265 = CARTESIAN_POINT ( 'NONE',  ( 0.3297244094704998019, 0.3285433070852992188, 2.664535259100375303E-15 ) ) ;
#4266 = ORIENTED_EDGE ( 'NONE', *, *, #3447, .T. ) ;
#4267 = ADVANCED_FACE ( 'NONE', ( #4017 ), #6187, .T. ) ;
#4268 = EDGE_CURVE ( 'NONE', #178, #3382, #3450, .T. ) ;
#4269 = CIRCLE ( 'NONE', #5877, 0.04999999999980000998 ) ;
#4270 = ORIENTED_EDGE ( 'NONE', *, *, #6808, .F. ) ;
#4271 = CARTESIAN_POINT ( 'NONE',  ( 0.5974541065288656583, 0.3285433070852992188, -0.3118110983511730439 ) ) ;
#4272 = ORIENTED_EDGE ( 'NONE', *, *, #5403, .T. ) ;
#4273 = VECTOR ( 'NONE', #1741, 39.37007874015748143 ) ;
#4274 = ORIENTED_EDGE ( 'NONE', *, *, #6002, .F. ) ;
#4275 = AXIS2_PLACEMENT_3D ( 'NONE', #2904, #1465, #2415 ) ;
#4276 = CYLINDRICAL_SURFACE ( 'NONE', #5018, 0.2964566929122000039 ) ;
#4277 = ORIENTED_EDGE ( 'NONE', *, *, #3661, .F. ) ;
#4278 = DIRECTION ( 'NONE',  ( 6.123031769111886291E-17, -1.000000000000000000, 6.123031769111886291E-17 ) ) ;
#4279 = FACE_OUTER_BOUND ( 'NONE', #1715, .T. ) ;
#4280 = LINE ( 'NONE', #4852, #6216 ) ;
#4281 = CIRCLE ( 'NONE', #5082, 0.04999999999980000998 ) ;
#4282 = PLANE ( 'NONE',  #2437 ) ;
#4283 = ORIENTED_EDGE ( 'NONE', *, *, #767, .T. ) ;
#4284 = ADVANCED_FACE ( 'NONE', ( #240 ), #1727, .T. ) ;
#4285 = ORIENTED_EDGE ( 'NONE', *, *, #5674, .T. ) ;
#4286 = CARTESIAN_POINT ( 'NONE',  ( 0.6574803149579997452, -0.3285433070852992188, -0.4543307086595991251 ) ) ;
#4287 = DIRECTION ( 'NONE',  ( -0.0000000000000000000, 6.123031769111886291E-17, 1.000000000000000000 ) ) ;
#4288 = FACE_OUTER_BOUND ( 'NONE', #2442, .T. ) ;
#4289 = CARTESIAN_POINT ( 'NONE',  ( 0.07972440947149994628, 0.2431879680263150656, 0.1963789611057868423 ) ) ;
#4290 = LINE ( 'NONE', #2667, #6977 ) ;
#4291 = EDGE_LOOP ( 'NONE', ( #4015, #5205, #1948, #3383 ) ) ;
#4292 = EDGE_CURVE ( 'NONE', #1213, #862, #1901, .T. ) ;
#4293 = ADVANCED_FACE ( 'NONE', ( #2282 ), #3910, .T. ) ;
#4294 = ORIENTED_EDGE ( 'NONE', *, *, #4226, .F. ) ;
#4295 = VERTEX_POINT ( 'NONE', #987 ) ;
#4296 = CARTESIAN_POINT ( 'NONE',  ( 0.1811023622040002223, 0.3285433070852992188, -0.3283464566915989535 ) ) ;
#4297 = DIRECTION ( 'NONE',  ( 0.0000000000000000000, -1.000000000000000000, 0.0000000000000000000 ) ) ;
#4298 = DIRECTION ( 'NONE',  ( -0.0000000000000000000, 6.123031769111886291E-17, 1.000000000000000000 ) ) ;
#4299 = DIRECTION ( 'NONE',  ( 0.0000000000000000000, -1.000000000000000000, 6.123031769111886291E-17 ) ) ;
#4300 = EDGE_CURVE ( 'NONE', #6008, #2885, #662, .T. ) ;
#4301 = EDGE_CURVE ( 'NONE', #6537, #6669, #2046, .T. ) ;
#4302 = ORIENTED_EDGE ( 'NONE', *, *, #2879, .T. ) ;
#4303 = ORIENTED_EDGE ( 'NONE', *, *, #4730, .T. ) ;
#4304 = ORIENTED_EDGE ( 'NONE', *, *, #1813, .T. ) ;
#4305 =( CONVERSION_BASED_UNIT ( 'INCH', #5990 ) LENGTH_UNIT ( ) NAMED_UNIT ( #699 ) );
#4306 = EDGE_CURVE ( 'NONE', #6757, #3879, #4616, .T. ) ;
#4307 = VECTOR ( 'NONE', #4469, 39.37007874015748143 ) ;
#4308 = EDGE_LOOP ( 'NONE', ( #4481, #6905, #1203, #2634 ) ) ;
#4309 = CARTESIAN_POINT ( 'NONE',  ( 0.0000000000000000000, 0.3582677165339997472, 4.439252989704427977E-16 ) ) ;
#4310 = ORIENTED_EDGE ( 'NONE', *, *, #6300, .T. ) ;
#4311 = CARTESIAN_POINT ( 'NONE',  ( -0.7387937305823454315, -0.1758946606202335394, 0.1301955044307580023 ) ) ;
#4312 = VECTOR ( 'NONE', #4248, 39.37007874015748143 ) ;
#4313 = CARTESIAN_POINT ( 'NONE',  ( 0.07972440947149994628, 0.3285433070852992188, 2.664535259100375303E-15 ) ) ;
#4314 = VECTOR ( 'NONE', #688, 39.37007874015748143 ) ;
#4315 = DIRECTION ( 'NONE',  ( 0.0000000000000000000, -6.123031769111886291E-17, -1.000000000000000000 ) ) ;
#4316 = CARTESIAN_POINT ( 'NONE',  ( 0.3759842519670000272, -0.3285433070852992188, -0.3204724409435995014 ) ) ;
#4317 = ORIENTED_EDGE ( 'NONE', *, *, #5037, .F. ) ;
#4318 = FACE_BOUND ( 'NONE', #2135, .T. ) ;
#4319 = DIRECTION ( 'NONE',  ( 0.0000000000000000000, 0.0000000000000000000, -1.000000000000000000 ) ) ;
#4320 = CARTESIAN_POINT ( 'NONE',  ( -0.7387937305823460976, 0.1624251041478891322, 0.1468400235942148579 ) ) ;
#4321 = CYLINDRICAL_SURFACE ( 'NONE', #4459, 0.03188976377939998358 ) ;
#4322 = DIRECTION ( 'NONE',  ( -1.000000000000000000, -0.0000000000000000000, 0.0000000000000000000 ) ) ;
#4323 = ORIENTED_EDGE ( 'NONE', *, *, #1057, .T. ) ;
#4324 = ORIENTED_EDGE ( 'NONE', *, *, #426, .F. ) ;
#4325 = CARTESIAN_POINT ( 'NONE',  ( 0.4057086613999993929, 0.1659448819000000075, 4.644115966954346444E-16 ) ) ;
#4326 = CARTESIAN_POINT ( 'NONE',  ( 0.5797244094694997685, 0.2273686271854815644, 0.1038228542632961826 ) ) ;
#4327 = AXIS2_PLACEMENT_3D ( 'NONE', #6106, #2930, #3468 ) ;
#4328 = DIRECTION ( 'NONE',  ( -4.329637285359697429E-17, 0.7071067811865507924, 0.7071067811865443531 ) ) ;
#4329 = PLANE ( 'NONE',  #4363 ) ;
#4330 = ORIENTED_EDGE ( 'NONE', *, *, #3029, .T. ) ;
#4331 = AXIS2_PLACEMENT_3D ( 'NONE', #3273, #3238, #6013 ) ;
#4332 = ORIENTED_EDGE ( 'NONE', *, *, #1474, .T. ) ;
#4333 = CIRCLE ( 'NONE', #1406, 0.02362204724400002870 ) ;
#4334 = EDGE_CURVE ( 'NONE', #4856, #6537, #5800, .T. ) ;
#4335 = EDGE_CURVE ( 'NONE', #5520, #6265, #952, .T. ) ;
#4336 = CARTESIAN_POINT ( 'NONE',  ( -0.3901574803123589175, 0.0000000000000000000, 0.1556775442173904955 ) ) ;
#4337 = EDGE_CURVE ( 'NONE', #6008, #1077, #2531, .T. ) ;
#4338 = ORIENTED_EDGE ( 'NONE', *, *, #6662, .F. ) ;
#4339 = DIRECTION ( 'NONE',  ( 1.000000000000000000, 0.0000000000000000000, 0.0000000000000000000 ) ) ;
#4340 = EDGE_LOOP ( 'NONE', ( #2057, #2065, #5782, #1087, #2254, #5238, #3613, #3668, #3674, #2740, #4338, #3594, #4697, #4955, #6113, #6218, #1664, #3896, #5353, #4427, #772, #1485, #5497, #4602, #1095, #3897, #3711, #5798, #3844, #2399, #5805, #5172, #3486, #1452, #6517, #123, #6316, #1699, #4576, #6895, #5991, #5243, #2390, #1697, #5482, #1390, #1162, #1314, #2425, #4825, #1696, #955 ) ) ;
#4341 = CARTESIAN_POINT ( 'NONE',  ( 0.6889763779499995522, 0.3285433070852992188, -0.3204724409435995014 ) ) ;
#4342 = ORIENTED_EDGE ( 'NONE', *, *, #4680, .F. ) ;
#4343 = ADVANCED_FACE ( 'NONE', ( #6786 ), #6851, .T. ) ;
#4344 = LINE ( 'NONE', #5925, #3598 ) ;
#4345 = AXIS2_PLACEMENT_3D ( 'NONE', #6708, #2902, #6809 ) ;
#4346 = CARTESIAN_POINT ( 'NONE',  ( 0.6338582677139994459, -0.3285433070852992188, -0.3283464566915989535 ) ) ;
#4347 = LINE ( 'NONE', #2198, #4241 ) ;
#4348 = VERTEX_POINT ( 'NONE', #6221 ) ;
#4349 = ORIENTED_EDGE ( 'NONE', *, *, #5453, .F. ) ;
#4350 = FACE_OUTER_BOUND ( 'NONE', #3978, .T. ) ;
#4351 = ADVANCED_FACE ( 'NONE', ( #843 ), #2006, .T. ) ;
#4352 = VECTOR ( 'NONE', #5579, 39.37007874015748143 ) ;
#4353 = ADVANCED_FACE ( 'NONE', ( #4187 ), #4579, .F. ) ;
#4354 = ADVANCED_FACE ( 'NONE', ( #2422 ), #6292, .F. ) ;
#4355 = DIRECTION ( 'NONE',  ( -6.123031769111886291E-17, -1.000000000000000000, 0.0000000000000000000 ) ) ;
#4356 = PLANE ( 'NONE',  #5730 ) ;
#4357 = VERTEX_POINT ( 'NONE', #1938 ) ;
#4358 = AXIS2_PLACEMENT_3D ( 'NONE', #4205, #407, #4771 ) ;
#4359 = DIRECTION ( 'NONE',  ( 1.000000000000000000, 0.0000000000000000000, 0.0000000000000000000 ) ) ;
#4360 = ORIENTED_EDGE ( 'NONE', *, *, #3516, .T. ) ;
#4361 = CARTESIAN_POINT ( 'NONE',  ( 0.3188976377939995999, 0.3285433070852992188, 4.440892098500626162E-16 ) ) ;
#4362 = CARTESIAN_POINT ( 'NONE',  ( 0.4852362204704992465, 0.2431879680263150656, 0.1963789611057868423 ) ) ;
#4363 = AXIS2_PLACEMENT_3D ( 'NONE', #4792, #6961, #5912 ) ;
#4364 = CARTESIAN_POINT ( 'NONE',  ( 0.4389763779509996411, -0.3285433070852992188, -0.3204724409435995014 ) ) ;
#4365 = CARTESIAN_POINT ( 'NONE',  ( 1.815213748867246900E-17, 0.2964566929122000039, 4.803934848274075542E-16 ) ) ;
#4366 = EDGE_LOOP ( 'NONE', ( #6927, #3769, #5892, #6538 ) ) ;
#4367 = VECTOR ( 'NONE', #1793, 39.37007874015748143 ) ;
#4368 = ORIENTED_EDGE ( 'NONE', *, *, #5221, .T. ) ;
#4369 = DIRECTION ( 'NONE',  ( 0.0000000000000000000, 0.0000000000000000000, -1.000000000000000000 ) ) ;
#4370 = VECTOR ( 'NONE', #2841, 39.37007874015748143 ) ;
#4371 = VECTOR ( 'NONE', #6453, 39.37007874015748143 ) ;
#4372 = ORIENTED_EDGE ( 'NONE', *, *, #5632, .T. ) ;
#4373 = ORIENTED_EDGE ( 'NONE', *, *, #1372, .T. ) ;
#4374 = ADVANCED_FACE ( 'NONE', ( #5196 ), #353, .F. ) ;
#4375 = ORIENTED_EDGE ( 'NONE', *, *, #5261, .T. ) ;
#4376 = PLANE ( 'NONE',  #1645 ) ;
#4377 = ORIENTED_EDGE ( 'NONE', *, *, #714, .T. ) ;
#4378 = DIRECTION ( 'NONE',  ( 1.000000000000000000, 6.123031769111886291E-17, -3.749151804555343599E-33 ) ) ;
#4379 = DIRECTION ( 'NONE',  ( 2.651350529933675469E-17, -1.000000000000000000, 1.530757941963850550E-17 ) ) ;
#4380 = CARTESIAN_POINT ( 'NONE',  ( 0.3515748031481994440, 0.3285433070852991633, -0.09999999999959906238 ) ) ;
#4381 = CARTESIAN_POINT ( 'NONE',  ( -0.7387937305823458756, -0.01850755427753979568, -0.2185039370069995768 ) ) ;
#4382 = ORIENTED_EDGE ( 'NONE', *, *, #168, .F. ) ;
#4383 = AXIS2_PLACEMENT_3D ( 'NONE', #3270, #6896, #4749 ) ;
#4384 = EDGE_CURVE ( 'NONE', #2269, #4544, #5232, .T. ) ;
#4385 = VERTEX_POINT ( 'NONE', #5772 ) ;
#4386 = CARTESIAN_POINT ( 'NONE',  ( 0.07972440947149994628, 0.2431879680263149268, 0.1963789611057866480 ) ) ;
#4387 = VECTOR ( 'NONE', #4494, 39.37007874015748143 ) ;
#4388 = CARTESIAN_POINT ( 'NONE',  ( 0.3148038575701820885, 0.2722931376724760377, 0.1172305273733906944 ) ) ;
#4389 = CARTESIAN_POINT ( 'NONE',  ( 0.3838582677149995348, -0.3104330708652991433, -0.3720363413119387452 ) ) ;
#4390 = CARTESIAN_POINT ( 'NONE',  ( 0.0000000000000000000, 0.3285433070852992188, -0.3204724409435990573 ) ) ;
#4391 = FACE_OUTER_BOUND ( 'NONE', #1733, .T. ) ;
#4392 = ORIENTED_EDGE ( 'NONE', *, *, #3353, .T. ) ;
#4393 = ADVANCED_FACE ( 'NONE', ( #5266 ), #1517, .T. ) ;
#4394 = AXIS2_PLACEMENT_3D ( 'NONE', #5089, #5009, #2195 ) ;
#4395 = VERTEX_POINT ( 'NONE', #527 ) ;
#4396 = EDGE_CURVE ( 'NONE', #4907, #4140, #6461, .T. ) ;
#4397 = CARTESIAN_POINT ( 'NONE',  ( 0.4311023622029998559, -0.3104330708652991433, -0.3283464566915989535 ) ) ;
#4398 = EDGE_LOOP ( 'NONE', ( #5777, #6492, #5512, #814, #3, #2354, #5555, #3414, #5655 ) ) ;
#4399 = DIRECTION ( 'NONE',  ( -1.000000000000000000, 6.123031769111886291E-17, -3.749151804555343599E-33 ) ) ;
#4400 = DIRECTION ( 'NONE',  ( -0.8660254038140575705, -3.061515884241821815E-17, -0.4999999999486984259 ) ) ;
#4401 = CARTESIAN_POINT ( 'NONE',  ( 0.4389763779509996411, 0.3285433070852992188, -0.3204724409435995014 ) ) ;
#4402 = CARTESIAN_POINT ( 'NONE',  ( 0.4852362204704991910, 0.2785433070854992366, 0.1929133858260032308 ) ) ;
#4403 = CARTESIAN_POINT ( 'NONE',  ( 0.7133858267687989141, 0.2722930320583651920, 0.1172304988566748030 ) ) ;
#4404 = CIRCLE ( 'NONE', #4626, 0.1874999999992503497 ) ;
#4405 = VERTEX_POINT ( 'NONE', #5339 ) ;
#4406 = ORIENTED_EDGE ( 'NONE', *, *, #3625, .T. ) ;
#4407 = DIRECTION ( 'NONE',  ( 0.0000000000000000000, 6.123031769111886291E-17, 1.000000000000000000 ) ) ;
#4408 = EDGE_LOOP ( 'NONE', ( #3060, #1668, #1708, #3309 ) ) ;
#4409 = ORIENTED_EDGE ( 'NONE', *, *, #3344, .T. ) ;
#4410 = ORIENTED_EDGE ( 'NONE', *, *, #915, .F. ) ;
#4411 = CARTESIAN_POINT ( 'NONE',  ( 0.7133858267687989141, -0.3285433070852992188, -0.09999999999959907626 ) ) ;
#4412 = ORIENTED_EDGE ( 'NONE', *, *, #6865, .F. ) ;
#4413 = LINE ( 'NONE', #6545, #4711 ) ;
#4414 = DIRECTION ( 'NONE',  ( 0.0000000000000000000, -0.7071067811865443531, 0.7071067811865507924 ) ) ;
#4415 = LINE ( 'NONE', #1211, #30 ) ;
#4416 = ORIENTED_EDGE ( 'NONE', *, *, #2018, .F. ) ;
#4417 = ORIENTED_EDGE ( 'NONE', *, *, #3563, .F. ) ;
#4418 = DIRECTION ( 'NONE',  ( -0.8660254038140575705, -3.061515884241821815E-17, -0.4999999999486984259 ) ) ;
#4419 = VECTOR ( 'NONE', #6073, 39.37007874015748143 ) ;
#4420 = ADVANCED_FACE ( 'NONE', ( #67 ), #460, .T. ) ;
#4421 = LINE ( 'NONE', #6065, #6490 ) ;
#4422 = EDGE_CURVE ( 'NONE', #6805, #361, #1456, .T. ) ;
#4423 = CARTESIAN_POINT ( 'NONE',  ( -0.4452755905514003132, 0.0000000000000000000, 0.0000000000000000000 ) ) ;
#4424 = EDGE_CURVE ( 'NONE', #4913, #6739, #5411, .T. ) ;
#4425 = CYLINDRICAL_SURFACE ( 'NONE', #3675, 0.01968503937000001119 ) ;
#4426 = DIRECTION ( 'NONE',  ( -1.000000000000000000, 6.123031769111886291E-17, -3.749151804555343599E-33 ) ) ;
#4427 = ORIENTED_EDGE ( 'NONE', *, *, #5761, .T. ) ;
#4428 = AXIS2_PLACEMENT_3D ( 'NONE', #4043, #3372, #6145 ) ;
#4429 = CIRCLE ( 'NONE', #6363, 0.2519685039360020085 ) ;
#4430 = ORIENTED_EDGE ( 'NONE', *, *, #5758, .F. ) ;
#4431 = CARTESIAN_POINT ( 'NONE',  ( -0.7387937305823458756, -0.1254757207119654439, 0.2185039370070001041 ) ) ;
#4432 = ORIENTED_EDGE ( 'NONE', *, *, #6175, .T. ) ;
#4433 = SURFACE_STYLE_FILL_AREA ( #691 ) ;
#4434 = DIRECTION ( 'NONE',  ( -1.000000000000000000, 0.0000000000000000000, 0.0000000000000000000 ) ) ;
#4435 = EDGE_CURVE ( 'NONE', #3517, #2661, #2636, .T. ) ;
#4436 = CIRCLE ( 'NONE', #3070, 0.1659448819000000075 ) ;
#4437 = EDGE_CURVE ( 'NONE', #3033, #5460, #2602, .T. ) ;
#4438 = DIRECTION ( 'NONE',  ( 0.0000000000000000000, -0.7071067811865443531, 0.7071067811865507924 ) ) ;
#4439 = DIRECTION ( 'NONE',  ( 1.000000000000000000, 0.0000000000000000000, 0.0000000000000000000 ) ) ;
#4440 = VERTEX_POINT ( 'NONE', #2715 ) ;
#4441 = ORIENTED_EDGE ( 'NONE', *, *, #732, .F. ) ;
#4442 = CARTESIAN_POINT ( 'NONE',  ( 0.3524547350064635154, -0.3104330708652991433, -0.3204724409435995014 ) ) ;
#4443 = CARTESIAN_POINT ( 'NONE',  ( 0.2501567777284591787, -0.2722930320583657471, 0.1172306448981620536 ) ) ;
#4444 = ORIENTED_EDGE ( 'NONE', *, *, #993, .F. ) ;
#4445 = ITEM_DEFINED_TRANSFORMATION ( 'NONE', 'NONE', #5797,  #1149 ) ;
#4446 = VERTEX_POINT ( 'NONE', #4896 ) ;
#4447 = AXIS2_PLACEMENT_3D ( 'NONE', #6410, #4766, #2027 ) ;
#4448 = CARTESIAN_POINT ( 'NONE',  ( 0.4389763779509996411, 0.3104330708652991433, -0.3204724409435995014 ) ) ;
#4449 = VERTEX_POINT ( 'NONE', #2081 ) ;
#4450 = CARTESIAN_POINT ( 'NONE',  ( -0.7387937305823460976, -0.1448840993455687565, -0.1639994256792638716 ) ) ;
#4451 = VECTOR ( 'NONE', #2248, 39.37007874015748143 ) ;
#4452 = VECTOR ( 'NONE', #6687, 39.37007874015748143 ) ;
#4453 = VERTEX_POINT ( 'NONE', #4222 ) ;
#4454 = EDGE_LOOP ( 'NONE', ( #2987, #674, #5012, #1824 ) ) ;
#4455 = CIRCLE ( 'NONE', #2976, 0.02362204724400002870 ) ;
#4456 = PLANE ( 'NONE',  #2756 ) ;
#4457 = CARTESIAN_POINT ( 'NONE',  ( 0.2352362204714992522, -0.2559938388666496145, 0.1835730902654524599 ) ) ;
#4458 = LINE ( 'NONE', #1778, #4387 ) ;
#4459 = AXIS2_PLACEMENT_3D ( 'NONE', #6489, #90, #2142 ) ;
#4460 = DIRECTION ( 'NONE',  ( 1.000000000000000000, 0.0000000000000000000, -0.0000000000000000000 ) ) ;
#4461 = LINE ( 'NONE', #6628, #3576 ) ;
#4462 = ORIENTED_EDGE ( 'NONE', *, *, #6814, .T. ) ;
#4463 = ORIENTED_EDGE ( 'NONE', *, *, #5039, .F. ) ;
#4464 = CARTESIAN_POINT ( 'NONE',  ( 0.4389763779509996411, -0.3285433070852992188, -0.3283464566915989535 ) ) ;
#4465 = EDGE_CURVE ( 'NONE', #1796, #6800, #6997, .T. ) ;
#4466 = VERTEX_POINT ( 'NONE', #3833 ) ;
#4467 = PLANE ( 'NONE',  #5723 ) ;
#4468 = LINE ( 'NONE', #3941, #4611 ) ;
#4469 = DIRECTION ( 'NONE',  ( -0.0000000000000000000, 1.000000000000000000, 0.0000000000000000000 ) ) ;
#4470 = CARTESIAN_POINT ( 'NONE',  ( 0.4633858267697998912, -0.3582677165339997472, -0.2921259842507990534 ) ) ;
#4471 = DIRECTION ( 'NONE',  ( 0.0000000000000000000, 1.000000000000000000, -6.123031769111886291E-17 ) ) ;
#4472 = CARTESIAN_POINT ( 'NONE',  ( 0.3297244094704998019, -0.3104330708648994075, 0.1610236220466032264 ) ) ;
#4473 = ORIENTED_EDGE ( 'NONE', *, *, #3279, .T. ) ;
#4474 = ORIENTED_EDGE ( 'NONE', *, *, #6566, .T. ) ;
#4475 = CARTESIAN_POINT ( 'NONE',  ( 0.4852362204704991910, 0.3104330708648994630, 0.1610236220466032264 ) ) ;
#4476 = FACE_OUTER_BOUND ( 'NONE', #5757, .T. ) ;
#4477 = DIRECTION ( 'NONE',  ( -0.03489949670263183673, 0.0000000000000000000, 0.9993908270190912102 ) ) ;
#4478 = ORIENTED_EDGE ( 'NONE', *, *, #4465, .F. ) ;
#4479 = VECTOR ( 'NONE', #3621, 39.37007874015748143 ) ;
#4480 = EDGE_CURVE ( 'NONE', #687, #1764, #6012, .T. ) ;
#4481 = ORIENTED_EDGE ( 'NONE', *, *, #549, .T. ) ;
#4482 = EDGE_CURVE ( 'NONE', #2542, #6095, #5420, .T. ) ;
#4483 = CARTESIAN_POINT ( 'NONE',  ( 0.0000000000000000000, -0.3385826771639992572, -0.2921259842507990534 ) ) ;
#4484 = ADVANCED_FACE ( 'NONE', ( #4832 ), #5909, .F. ) ;
#4485 = EDGE_LOOP ( 'NONE', ( #5280, #1008, #6680, #4234 ) ) ;
#4486 = DIRECTION ( 'NONE',  ( -6.123031769111886291E-17, -1.000000000000000000, 0.0000000000000000000 ) ) ;
#4487 = VECTOR ( 'NONE', #4812, 39.37007874015748143 ) ;
#4488 = CARTESIAN_POINT ( 'NONE',  ( 0.2352362204714992244, -0.3285433070852991633, 1.575011241300965445E-15 ) ) ;
#4489 = CARTESIAN_POINT ( 'NONE',  ( 0.1259842519680001161, 0.3104330708652991433, -0.3283464566915989535 ) ) ;
#4490 = AXIS2_PLACEMENT_3D ( 'NONE', #4151, #6364, #1481 ) ;
#4491 = ORIENTED_EDGE ( 'NONE', *, *, #5516, .F. ) ;
#4492 = LINE ( 'NONE', #5171, #3205 ) ;
#4493 = PLANE ( 'NONE',  #6486 ) ;
#4494 = DIRECTION ( 'NONE',  ( 1.000000000000000000, 0.0000000000000000000, 0.0000000000000000000 ) ) ;
#4495 = CIRCLE ( 'NONE', #6886, 0.03188976377939998358 ) ;
#4496 = VECTOR ( 'NONE', #5908, 39.37007874015748143 ) ;
#4497 = FACE_OUTER_BOUND ( 'NONE', #660, .T. ) ;
#4498 = CARTESIAN_POINT ( 'NONE',  ( 0.2352362204714992522, 0.2785433070854992366, 0.1610236220466032264 ) ) ;
#4499 = ORIENTED_EDGE ( 'NONE', *, *, #237, .F. ) ;
#4500 = EDGE_LOOP ( 'NONE', ( #6686, #1020, #5995, #6395 ) ) ;
#4501 = CARTESIAN_POINT ( 'NONE',  ( 0.5797244094694997685, -0.3285433070852992188, 0.1610236220466032264 ) ) ;
#4502 = VERTEX_POINT ( 'NONE', #4260 ) ;
#4503 = DIRECTION ( 'NONE',  ( 1.000000000000000000, 0.0000000000000000000, 0.0000000000000000000 ) ) ;
#4504 = PLANE ( 'NONE',  #6205 ) ;
#4505 = CARTESIAN_POINT ( 'NONE',  ( 0.1024547350074636043, 0.3285433070852992188, -0.3204724409435995014 ) ) ;
#4506 = CARTESIAN_POINT ( 'NONE',  ( 0.1889763779519997300, 0.3285433070852992188, -0.3204724409435995014 ) ) ;
#4507 = CARTESIAN_POINT ( 'NONE',  ( 0.7133858267687989141, 0.3285433070852992188, -0.09999999999959907626 ) ) ;
#4508 = EDGE_CURVE ( 'NONE', #290, #224, #2792, .T. ) ;
#4509 = CARTESIAN_POINT ( 'NONE',  ( 0.6574803293988269459, -0.3104330708652991433, -0.3720363413119387452 ) ) ;
#4510 = VECTOR ( 'NONE', #2029, 39.37007874015748143 ) ;
#4511 = VERTEX_POINT ( 'NONE', #1657 ) ;
#4512 = ORIENTED_EDGE ( 'NONE', *, *, #4609, .F. ) ;
#4513 = CARTESIAN_POINT ( 'NONE',  ( -0.6889763779520006182, 2.603579809200494519E-17, 0.2125984251960000293 ) ) ;
#4514 = FACE_OUTER_BOUND ( 'NONE', #4998, .T. ) ;
#4515 = DIRECTION ( 'NONE',  ( 0.0000000000000000000, 0.0000000000000000000, 1.000000000000000000 ) ) ;
#4516 = ADVANCED_FACE ( 'NONE', ( #3798 ), #1053, .F. ) ;
#4517 = EDGE_LOOP ( 'NONE', ( #577, #4392, #5021, #2470 ) ) ;
#4518 = ORIENTED_EDGE ( 'NONE', *, *, #5795, .F. ) ;
#4519 = FACE_OUTER_BOUND ( 'NONE', #3565, .T. ) ;
#4520 = ORIENTED_EDGE ( 'NONE', *, *, #1558, .T. ) ;
#4521 = CARTESIAN_POINT ( 'NONE',  ( -0.7387937305823458756, -0.2149806872166352689, -0.04086928645073186622 ) ) ;
#4522 = EDGE_CURVE ( 'NONE', #6669, #6265, #5981, .T. ) ;
#4523 = CARTESIAN_POINT ( 'NONE',  ( 0.6338582677139997790, 0.3285433070852992188, -0.3283464566915989535 ) ) ;
#4524 = ORIENTED_EDGE ( 'NONE', *, *, #426, .T. ) ;
#4525 = AXIS2_PLACEMENT_3D ( 'NONE', #5495, #5064, #1706 ) ;
#4526 = ORIENTED_EDGE ( 'NONE', *, *, #934, .T. ) ;
#4527 = FACE_OUTER_BOUND ( 'NONE', #5010, .T. ) ;
#4528 = DIRECTION ( 'NONE',  ( -0.0000000000000000000, -6.123031769111886291E-17, -1.000000000000000000 ) ) ;
#4529 = DIRECTION ( 'NONE',  ( -0.0000000000000000000, -1.000000000000000000, -0.0000000000000000000 ) ) ;
#4530 = EDGE_CURVE ( 'NONE', #6726, #3312, #5940, .T. ) ;
#4531 = DIRECTION ( 'NONE',  ( -1.000000000000000000, -0.0000000000000000000, 0.0000000000000000000 ) ) ;
#4532 = CARTESIAN_POINT ( 'NONE',  ( 0.4625058949115352647, -0.3285433070852991633, -0.3204724409435995014 ) ) ;
#4533 = ORIENTED_EDGE ( 'NONE', *, *, #5039, .T. ) ;
#4534 = CARTESIAN_POINT ( 'NONE',  ( 0.0000000000000000000, 0.3285433070852992188, -0.3118110236207991548 ) ) ;
#4535 = PRODUCT_DEFINITION_FORMATION_WITH_SPECIFIED_SOURCE ( 'ANY', '', #6727, .NOT_KNOWN. ) ;
#4536 = LINE ( 'NONE', #1367, #6917 ) ;
#4537 = CARTESIAN_POINT ( 'NONE',  ( -0.3901574803123589175, 0.0000000000000000000, 0.0000000000000000000 ) ) ;
#4538 = LINE ( 'NONE', #1863, #2836 ) ;
#4539 = DIRECTION ( 'NONE',  ( 1.000000000000000000, 6.123031769111886291E-17, -3.749151804555343599E-33 ) ) ;
#4540 = DIRECTION ( 'NONE',  ( -1.000000000000000000, 0.0000000000000000000, 0.0000000000000000000 ) ) ;
#4541 = LINE ( 'NONE', #6712, #2445 ) ;
#4542 = CIRCLE ( 'NONE', #1509, 0.02362204724400002870 ) ;
#4543 = ORIENTED_EDGE ( 'NONE', *, *, #3078, .F. ) ;
#4544 = VERTEX_POINT ( 'NONE', #4362 ) ;
#4545 = DIRECTION ( 'NONE',  ( 0.0000000000000000000, 1.000000000000000000, 0.0000000000000000000 ) ) ;
#4546 = CARTESIAN_POINT ( 'NONE',  ( -0.7387937305823458756, 0.02916464289306458860, -0.2170341256930327645 ) ) ;
#4547 = PLANE ( 'NONE',  #1136 ) ;
#4548 = ORIENTED_EDGE ( 'NONE', *, *, #252, .F. ) ;
#4549 = ORIENTED_EDGE ( 'NONE', *, *, #5058, .F. ) ;
#4550 = DIRECTION ( 'NONE',  ( 0.0000000000000000000, 0.0000000000000000000, 1.000000000000000000 ) ) ;
#4551 = EDGE_CURVE ( 'NONE', #1271, #4395, #4750, .T. ) ;
#4552 = ORIENTED_EDGE ( 'NONE', *, *, #1749, .F. ) ;
#4553 = EDGE_CURVE ( 'NONE', #3773, #3703, #3162, .T. ) ;
#4554 = EDGE_CURVE ( 'NONE', #6615, #5524, #2247, .T. ) ;
#4555 = FACE_OUTER_BOUND ( 'NONE', #4097, .T. ) ;
#4556 = AXIS2_PLACEMENT_3D ( 'NONE', #6033, #1047, #6522 ) ;
#4557 = ORIENTED_EDGE ( 'NONE', *, *, #3652, .F. ) ;
#4558 = ORIENTED_EDGE ( 'NONE', *, *, #5997, .F. ) ;
#4559 = DIRECTION ( 'NONE',  ( -1.000000000000000000, 0.0000000000000000000, 0.0000000000000000000 ) ) ;
#4560 = VECTOR ( 'NONE', #3554, 39.37007874015748854 ) ;
#4561 = CARTESIAN_POINT ( 'NONE',  ( 0.3297244094704998019, 0.2431879680263149268, 0.1963789611057866480 ) ) ;
#4562 = PRODUCT ( 'Imported5', 'Imported5', '', ( #5385 ) ) ;
#4563 = DIRECTION ( 'NONE',  ( 0.0000000000000000000, 1.000000000000000000, 0.0000000000000000000 ) ) ;
#4564 = DIRECTION ( 'NONE',  ( -1.000000000000000000, -0.0000000000000000000, -0.0000000000000000000 ) ) ;
#4565 = VERTEX_POINT ( 'NONE', #159 ) ;
#4566 = FACE_OUTER_BOUND ( 'NONE', #5745, .T. ) ;
#4567 = EDGE_CURVE ( 'NONE', #5884, #4978, #2312, .T. ) ;
#4568 = FACE_OUTER_BOUND ( 'NONE', #6337, .T. ) ;
#4569 = EDGE_CURVE ( 'NONE', #204, #6374, #1261, .T. ) ;
#4570 = EDGE_CURVE ( 'NONE', #3419, #2244, #5550, .T. ) ;
#4571 = DIRECTION ( 'NONE',  ( -0.0000000000000000000, -6.123031769111886291E-17, -1.000000000000000000 ) ) ;
#4572 = CARTESIAN_POINT ( 'NONE',  ( 0.07972440947149994628, -0.2559938388666496145, 0.1835730902654524321 ) ) ;
#4573 = LINE ( 'NONE', #304, #6893 ) ;
#4574 = DIRECTION ( 'NONE',  ( -0.0000000000000000000, 1.000000000000000000, -6.123031769111886291E-17 ) ) ;
#4575 = CARTESIAN_POINT ( 'NONE',  ( 0.7175065665327347020, -0.3285433070852991633, -0.3118110236207990438 ) ) ;
#4576 = ORIENTED_EDGE ( 'NONE', *, *, #6165, .T. ) ;
#4577 = ORIENTED_EDGE ( 'NONE', *, *, #4609, .T. ) ;
#4578 = DIRECTION ( 'NONE',  ( -0.0000000000000000000, -0.7071067811865474617, -0.7071067811865474617 ) ) ;
#4579 = CYLINDRICAL_SURFACE ( 'NONE', #4490, 0.03188976377939998358 ) ;
#4580 = AXIS2_PLACEMENT_3D ( 'NONE', #5787, #1501, #6916 ) ;
#4581 = CARTESIAN_POINT ( 'NONE',  ( -0.7387937305823455425, 0.05753816417905362190, -0.2109189344333338434 ) ) ;
#4582 = DIRECTION ( 'NONE',  ( 0.0000000000000000000, 0.0000000000000000000, 1.000000000000000000 ) ) ;
#4583 = ORIENTED_EDGE ( 'NONE', *, *, #5615, .F. ) ;
#4584 = EDGE_LOOP ( 'NONE', ( #450, #5938, #1347, #5572 ) ) ;
#4585 = VECTOR ( 'NONE', #2367, 39.37007874015748143 ) ;
#4586 = DIRECTION ( 'NONE',  ( 1.000000000000000000, 0.0000000000000000000, 0.0000000000000000000 ) ) ;
#4587 = ORIENTED_EDGE ( 'NONE', *, *, #5613, .T. ) ;
#4588 = CIRCLE ( 'NONE', #6191, 0.01968503937000001119 ) ;
#4589 = EDGE_CURVE ( 'NONE', #108, #438, #129, .T. ) ;
#4590 = EDGE_CURVE ( 'NONE', #1224, #2232, #2909, .T. ) ;
#4591 = ORIENTED_EDGE ( 'NONE', *, *, #2056, .F. ) ;
#4592 = DIRECTION ( 'NONE',  ( 0.0000000000000000000, 1.000000000000000000, 0.0000000000000000000 ) ) ;
#4593 = AXIS2_PLACEMENT_3D ( 'NONE', #2782, #4949, #112 ) ;
#4594 = AXIS2_PLACEMENT_3D ( 'NONE', #2860, #4963, #3858 ) ;
#4595 = CARTESIAN_POINT ( 'NONE',  ( -0.7226502011230109268, -0.08611202997884026544, -0.2428598018044749174 ) ) ;
#4596 = LINE ( 'NONE', #4070, #1093 ) ;
#4597 = CARTESIAN_POINT ( 'NONE',  ( 0.3297244094704998019, -0.07242074860119984692, 2.664535259100375303E-15 ) ) ;
#4598 = EDGE_CURVE ( 'NONE', #5923, #1394, #5001, .T. ) ;
#4599 = VECTOR ( 'NONE', #5087, 39.37007874015748143 ) ;
#4600 = ORIENTED_EDGE ( 'NONE', *, *, #5436, .F. ) ;
#4601 = EDGE_CURVE ( 'NONE', #1132, #5898, #4495, .T. ) ;
#4602 = ORIENTED_EDGE ( 'NONE', *, *, #2311, .T. ) ;
#4603 = FACE_OUTER_BOUND ( 'NONE', #5731, .T. ) ;
#4604 = VECTOR ( 'NONE', #2868, 39.37007874015748143 ) ;
#4605 = LINE ( 'NONE', #2867, #2067 ) ;
#4606 = LINE ( 'NONE', #3081, #5312 ) ;
#4607 = CARTESIAN_POINT ( 'NONE',  ( 0.7133858267687989141, -0.2722930320583651920, 2.220446049250313081E-15 ) ) ;
#4608 = CARTESIAN_POINT ( 'NONE',  ( 0.6811023622020000445, 0.3285433070852992188, -0.4543307086595991251 ) ) ;
#4609 = EDGE_CURVE ( 'NONE', #5907, #2092, #5589, .T. ) ;
#4610 = VECTOR ( 'NONE', #6322, 39.37007874015748143 ) ;
#4611 = VECTOR ( 'NONE', #3973, 39.37007874015748854 ) ;
#4612 = ORIENTED_EDGE ( 'NONE', *, *, #3768, .T. ) ;
#4613 = VERTEX_POINT ( 'NONE', #4009 ) ;
#4614 = CARTESIAN_POINT ( 'NONE',  ( 0.5974541038322654929, 0.3285433070852991633, -0.3118110687704000461 ) ) ;
#4615 = AXIS2_PLACEMENT_3D ( 'NONE', #6413, #3111, #1607 ) ;
#4616 = LINE ( 'NONE', #4051, #1337 ) ;
#4617 = CARTESIAN_POINT ( 'NONE',  ( 0.3524547350064634044, 0.3104330708652991433, -0.3204724409435992238 ) ) ;
#4618 = DIRECTION ( 'NONE',  ( 0.0000000000000000000, 1.000000000000000000, -6.123031769111886291E-17 ) ) ;
#4619 = VERTEX_POINT ( 'NONE', #728 ) ;
#4620 = EDGE_LOOP ( 'NONE', ( #203, #6288, #6940, #2993 ) ) ;
#4621 = ORIENTED_EDGE ( 'NONE', *, *, #1233, .T. ) ;
#4622 = DIRECTION ( 'NONE',  ( 0.0000000000000000000, 0.0000000000000000000, -1.000000000000000000 ) ) ;
#4623 = EDGE_LOOP ( 'NONE', ( #115, #1909, #2361, #908 ) ) ;
#4624 = PRODUCT ( 'User Library-NMJ6HCD2', 'User Library-NMJ6HCD2', '', ( #6505 ) ) ;
#4625 = CYLINDRICAL_SURFACE ( 'NONE', #5173, 0.007874015748000031539 ) ;
#4626 = AXIS2_PLACEMENT_3D ( 'NONE', #6154, #5122, #741 ) ;
#4627 = ORIENTED_EDGE ( 'NONE', *, *, #168, .T. ) ;
#4628 = ORIENTED_EDGE ( 'NONE', *, *, #1374, .F. ) ;
#4629 = ORIENTED_EDGE ( 'NONE', *, *, #6661, .T. ) ;
#4630 = CARTESIAN_POINT ( 'NONE',  ( 0.2175065449619340008, 0.3104330708652991433, -0.3118110609859860438 ) ) ;
#4631 = LINE ( 'NONE', #6801, #56 ) ;
#4632 = CARTESIAN_POINT ( 'NONE',  ( 0.5797244094694997685, 0.3285433070852991633, 1.739616020537937644E-15 ) ) ;
#4633 = DIRECTION ( 'NONE',  ( -3.749151804555343599E-33, 1.000000000000000000, -6.123031769111886291E-17 ) ) ;
#4634 = CARTESIAN_POINT ( 'NONE',  ( 0.6811023622019998225, -0.3104330708652991433, -0.3283464566915989535 ) ) ;
#4635 = ORIENTED_EDGE ( 'NONE', *, *, #6904, .F. ) ;
#4636 = ORIENTED_EDGE ( 'NONE', *, *, #2393, .T. ) ;
#4637 = DIRECTION ( 'NONE',  ( 0.0000000000000000000, 0.0000000000000000000, 1.000000000000000000 ) ) ;
#4638 = COLOUR_RGB ( '',0.7529411764705882248, 0.7529411764705882248, 0.7529411764705882248 ) ;
#4639 = EDGE_CURVE ( 'NONE', #6302, #6095, #2387, .T. ) ;
#4640 = PRODUCT_DEFINITION ( 'UNKNOWN', '', #3848, #5969 ) ;
#4641 = DIRECTION ( 'NONE',  ( -4.329637285359697429E-17, -0.7071067811865507924, 0.7071067811865443531 ) ) ;
#4642 = LINE ( 'NONE', #2489, #6652 ) ;
#4643 = LINE ( 'NONE', #5793, #289 ) ;
#4644 = DIRECTION ( 'NONE',  ( 0.0000000000000000000, -1.000000000000000000, -0.0000000000000000000 ) ) ;
#4645 = AXIS2_PLACEMENT_3D ( 'NONE', #1413, #427, #2573 ) ;
#4646 = VERTEX_POINT ( 'NONE', #4932 ) ;
#4647 = EDGE_LOOP ( 'NONE', ( #4557, #779, #3159, #1101, #5522, #3098, #1266, #558, #6670 ) ) ;
#4648 = CARTESIAN_POINT ( 'NONE',  ( 0.6015748031471988000, 0.3285433070852991633, -0.09999999999959906238 ) ) ;
#4649 = ADVANCED_FACE ( 'NONE', ( #6563 ), #769, .T. ) ;
#4650 = CARTESIAN_POINT ( 'NONE',  ( 0.07972440947149994628, 0.3104330708648994630, 0.1610236220466032264 ) ) ;
#4651 = CYLINDRICAL_SURFACE ( 'NONE', #3543, 0.03188976377939998358 ) ;
#4652 = PLANE ( 'NONE',  #1159 ) ;
#4653 = ORIENTED_EDGE ( 'NONE', *, *, #3963, .T. ) ;
#4654 = VERTEX_POINT ( 'NONE', #196 ) ;
#4655 = EDGE_LOOP ( 'NONE', ( #1915, #1624, #174, #3802 ) ) ;
#4656 = DIRECTION ( 'NONE',  ( 0.0000000000000000000, 0.0000000000000000000, -1.000000000000000000 ) ) ;
#4657 = VERTEX_POINT ( 'NONE', #4970 ) ;
#4658 = ADVANCED_FACE ( 'NONE', ( #3865 ), #1753, .T. ) ;
#4659 = EDGE_CURVE ( 'NONE', #4193, #1843, #785, .T. ) ;
#4660 = LINE ( 'NONE', #1981, #1781 ) ;
#4661 = EDGE_LOOP ( 'NONE', ( #6185, #2287, #6174, #3762 ) ) ;
#4662 = EDGE_LOOP ( 'NONE', ( #1240, #1346, #2500, #3413 ) ) ;
#4663 = ORIENTED_EDGE ( 'NONE', *, *, #2298, .T. ) ;
#4664 = DIRECTION ( 'NONE',  ( -1.000000000000000000, -6.123031769111886291E-17, 3.749151804555343599E-33 ) ) ;
#4665 = LINE ( 'NONE', #6311, #275 ) ;
#4666 = DIRECTION ( 'NONE',  ( -1.000000000000000000, 0.0000000000000000000, 0.0000000000000000000 ) ) ;
#4667 =( BOUNDED_CURVE ( )  B_SPLINE_CURVE ( 3, ( #1288, #2440, #2031, #5213 ),
 .UNSPECIFIED., .F., .T. ) 
 B_SPLINE_CURVE_WITH_KNOTS ( ( 4, 4 ),
 ( 5.118935064573387095, 7.447435357138592948 ),
 .UNSPECIFIED. ) 
 CURVE ( )  GEOMETRIC_REPRESENTATION_ITEM ( )  RATIONAL_B_SPLINE_CURVE ( ( 1.000000000000000000, 0.5969595913564708090, 0.5969595913564708090, 1.000000000000000000 ) ) 
 REPRESENTATION_ITEM ( '' )  );
#4668 = CARTESIAN_POINT ( 'NONE',  ( -0.6377952755900002657, 0.0000000000000000000, -0.3070866141720002829 ) ) ;
#4669 = DIRECTION ( 'NONE',  ( -3.749151804555343599E-33, 2.295617560651552647E-49, 1.000000000000000000 ) ) ;
#4670 = ORIENTED_EDGE ( 'NONE', *, *, #4639, .T. ) ;
#4671 = VECTOR ( 'NONE', #2166, 39.37007874015748854 ) ;
#4672 = CARTESIAN_POINT ( 'NONE',  ( 0.07972440947149994628, 0.2785433070854992366, 0.1610236220466032264 ) ) ;
#4673 = AXIS2_PLACEMENT_3D ( 'NONE', #6455, #1539, #483 ) ;
#4674 = CARTESIAN_POINT ( 'NONE',  ( -0.7387937305823458756, -1.404634042604545533E-18, 8.600618866843692120E-35 ) ) ;
#4675 = DIRECTION ( 'NONE',  ( 0.0000000000000000000, 0.0000000000000000000, 1.000000000000000000 ) ) ;
#4676 = LINE ( 'NONE', #4147, #1982 ) ;
#4677 = DIRECTION ( 'NONE',  ( -6.123031769111881361E-17, -1.000000000000000000, 0.0000000000000000000 ) ) ;
#4678 = AXIS2_PLACEMENT_3D ( 'NONE', #6193, #5125, #1841 ) ;
#4679 = ADVANCED_FACE ( 'NONE', ( #6044 ), #1192, .T. ) ;
#4680 = EDGE_CURVE ( 'NONE', #4190, #1878, #3619, .T. ) ;
#4681 = VERTEX_POINT ( 'NONE', #3512 ) ;
#4682 = VECTOR ( 'NONE', #5765, 39.37007874015748143 ) ;
#4683 = ORIENTED_EDGE ( 'NONE', *, *, #2778, .F. ) ;
#4684 = AXIS2_PLACEMENT_3D ( 'NONE', #1719, #4503, #4836 ) ;
#4685 = LINE ( 'NONE', #4150, #5069 ) ;
#4686 = CARTESIAN_POINT ( 'NONE',  ( 0.1811023622040002223, -0.3285433070852992188, -0.4543307086595991251 ) ) ;
#4687 = CARTESIAN_POINT ( 'NONE',  ( -0.7387937305823460976, 0.2124832499339898706, -0.05146011535162247491 ) ) ;
#4688 = DIRECTION ( 'NONE',  ( -6.123031769111881361E-17, 1.000000000000000000, 0.0000000000000000000 ) ) ;
#4689 = EDGE_CURVE ( 'NONE', #4654, #4071, #5147, .T. ) ;
#4690 = ORIENTED_EDGE ( 'NONE', *, *, #5479, .T. ) ;
#4691 = ORIENTED_EDGE ( 'NONE', *, *, #1586, .T. ) ;
#4692 = LINE ( 'NONE', #4191, #851 ) ;
#4693 = ORIENTED_EDGE ( 'NONE', *, *, #1283, .F. ) ;
#4694 = CARTESIAN_POINT ( 'NONE',  ( 0.6338582677139994459, -0.3104330708652991433, -0.3720363413119387452 ) ) ;
#4695 = ORIENTED_EDGE ( 'NONE', *, *, #1648, .F. ) ;
#4696 = CARTESIAN_POINT ( 'NONE',  ( 0.1259842519680001161, -0.3285433070852992188, -0.3283464566915989535 ) ) ;
#4697 = ORIENTED_EDGE ( 'NONE', *, *, #1710, .T. ) ;
#4698 = VECTOR ( 'NONE', #5140, 39.37007874015748143 ) ;
#4699 = EDGE_CURVE ( 'NONE', #3455, #3258, #835, .T. ) ;
#4700 = ORIENTED_EDGE ( 'NONE', *, *, #2228, .F. ) ;
#4701 = CARTESIAN_POINT ( 'NONE',  ( -0.4452755905481711740, 0.0000000000000000000, 0.0000000000000000000 ) ) ;
#4702 = CARTESIAN_POINT ( 'NONE',  ( 0.9263779527521984747, 0.3436292054398428775, 0.0000000000000000000 ) ) ;
#4703 = DIRECTION ( 'NONE',  ( -0.0000000000000000000, 6.123031769111886291E-17, 1.000000000000000000 ) ) ;
#4704 = DIRECTION ( 'NONE',  ( 1.000000000000000000, 0.0000000000000000000, 0.0000000000000000000 ) ) ;
#4705 = CARTESIAN_POINT ( 'NONE',  ( 0.07972440947149994628, 0.07242074860119984692, 2.664535259100375303E-15 ) ) ;
#4706 = LINE ( 'NONE', #6879, #1783 ) ;
#4707 = AXIS2_PLACEMENT_3D ( 'NONE', #1933, #1513, #4677 ) ;
#4708 = FACE_OUTER_BOUND ( 'NONE', #4454, .T. ) ;
#4709 = CARTESIAN_POINT ( 'NONE',  ( 0.0000000000000000000, -0.3582677165339997472, -0.09999999999959906238 ) ) ;
#4710 = DIRECTION ( 'NONE',  ( -6.123031769111886291E-17, -1.000000000000000000, 6.123031769111886291E-17 ) ) ;
#4711 = VECTOR ( 'NONE', #1704, 39.37007874015748143 ) ;
#4712 = AXIS2_PLACEMENT_3D ( 'NONE', #2732, #4886, #2592 ) ;
#4713 = CARTESIAN_POINT ( 'NONE',  ( 0.0000000000000000000, -0.3285433070852992188, -0.3118110236207991548 ) ) ;
#4714 = DIRECTION ( 'NONE',  ( 0.0000000000000000000, 1.000000000000000000, -6.123031769111886291E-17 ) ) ;
#4715 = ORIENTED_EDGE ( 'NONE', *, *, #3925, .F. ) ;
#4716 = ORIENTED_EDGE ( 'NONE', *, *, #6081, .F. ) ;
#4717 = LINE ( 'NONE', #2943, #3137 ) ;
#4718 = EDGE_CURVE ( 'NONE', #1479, #2033, #4642, .T. ) ;
#4719 = CARTESIAN_POINT ( 'NONE',  ( -0.7387937305823462086, 0.2062797189373277995, -0.07242389562371412404 ) ) ;
#4720 = DIRECTION ( 'NONE',  ( 1.000000000000000000, -0.0000000000000000000, -0.0000000000000000000 ) ) ;
#4721 = AXIS2_PLACEMENT_3D ( 'NONE', #1931, #377, #6283 ) ;
#4722 = VECTOR ( 'NONE', #6186, 39.37007874015748143 ) ;
#4723 = DIRECTION ( 'NONE',  ( 0.0000000000000000000, 1.000000000000000000, 0.0000000000000000000 ) ) ;
#4724 = ORIENTED_EDGE ( 'NONE', *, *, #3231, .T. ) ;
#4725 = LINE ( 'NONE', #6903, #5136 ) ;
#4726 = VERTEX_POINT ( 'NONE', #4076 ) ;
#4727 = VECTOR ( 'NONE', #621, 39.37007874015748854 ) ;
#4728 = EDGE_CURVE ( 'NONE', #4395, #3105, #1333, .T. ) ;
#4729 = CARTESIAN_POINT ( 'NONE',  ( 0.5974541065288656583, -0.3104330708652991433, -0.3118110983511730439 ) ) ;
#4730 = EDGE_CURVE ( 'NONE', #4907, #5822, #905, .T. ) ;
#4731 = ORIENTED_EDGE ( 'NONE', *, *, #734, .F. ) ;
#4732 = AXIS2_PLACEMENT_3D ( 'NONE', #6979, #541, #3717 ) ;
#4733 = ORIENTED_EDGE ( 'NONE', *, *, #212, .F. ) ;
#4734 = LINE ( 'NONE', #1988, #5373 ) ;
#4735 = EDGE_CURVE ( 'NONE', #6726, #1577, #269, .T. ) ;
#4736 = DIRECTION ( 'NONE',  ( 0.0000000000000000000, 0.0000000000000000000, 1.000000000000000000 ) ) ;
#4737 = EDGE_CURVE ( 'NONE', #5743, #3861, #6542, .T. ) ;
#4738 = PRODUCT_DEFINITION_SHAPE ( 'NONE', 'NONE',  #3303 ) ;
#4739 = DIRECTION ( 'NONE',  ( -0.0000000000000000000, -1.000000000000000000, 6.123031769111886291E-17 ) ) ;
#4740 = ORIENTED_EDGE ( 'NONE', *, *, #5758, .T. ) ;
#4741 = VERTEX_POINT ( 'NONE', #4106 ) ;
#4742 = DIRECTION ( 'NONE',  ( -4.329637285359697429E-17, -0.7071067811865507924, 0.7071067811865443531 ) ) ;
#4743 = DIRECTION ( 'NONE',  ( 1.000000000000000000, 0.0000000000000000000, 0.0000000000000000000 ) ) ;
#4744 = CARTESIAN_POINT ( 'NONE',  ( 0.2133858267707999523, 0.3285433070852991633, -0.09999999999959907626 ) ) ;
#4745 = CARTESIAN_POINT ( 'NONE',  ( 0.4311023622029995783, 0.3104330708652991433, -0.4543307086595991251 ) ) ;
#4746 = DIRECTION ( 'NONE',  ( -1.000000000000000000, -3.749151804555343599E-33, 2.295617560651552647E-49 ) ) ;
#4747 = AXIS2_PLACEMENT_3D ( 'NONE', #2486, #6210, #4637 ) ;
#4748 = ORIENTED_EDGE ( 'NONE', *, *, #6463, .F. ) ;
#4749 = DIRECTION ( 'NONE',  ( 0.0000000000000000000, -1.000000000000000000, 0.0000000000000000000 ) ) ;
#4750 = LINE ( 'NONE', #3272, #5297 ) ;
#4751 = CARTESIAN_POINT ( 'NONE',  ( 0.4057086613999993929, 0.0000000000000000000, 4.440892098500626162E-16 ) ) ;
#4752 = AXIS2_PLACEMENT_3D ( 'NONE', #4286, #6885, #6920 ) ;
#4753 = DIRECTION ( 'NONE',  ( -1.000000000000000000, -0.0000000000000000000, 0.0000000000000000000 ) ) ;
#4754 = EDGE_LOOP ( 'NONE', ( #3350, #948, #3550, #4323 ) ) ;
#4755 = DIRECTION ( 'NONE',  ( 0.0000000000000000000, 0.0000000000000000000, 1.000000000000000000 ) ) ;
#4756 = AXIS2_PLACEMENT_3D ( 'NONE', #6259, #6792, #4085 ) ;
#4757 = ORIENTED_EDGE ( 'NONE', *, *, #1165, .F. ) ;
#4758 = CARTESIAN_POINT ( 'NONE',  ( 0.8114173228314003339, 0.3385826771639992017, -0.2921259842507990534 ) ) ;
#4759 = ORIENTED_EDGE ( 'NONE', *, *, #1292, .T. ) ;
#4760 = FACE_OUTER_BOUND ( 'NONE', #2750, .T. ) ;
#4761 = VECTOR ( 'NONE', #5726, 39.37007874015748143 ) ;
#4762 = DIRECTION ( 'NONE',  ( 1.000000000000000000, 0.0000000000000000000, 0.0000000000000000000 ) ) ;
#4763 = EDGE_CURVE ( 'NONE', #371, #3126, #1476, .T. ) ;
#4764 = EDGE_CURVE ( 'NONE', #4071, #761, #6811, .T. ) ;
#4765 = ORIENTED_EDGE ( 'NONE', *, *, #1197, .T. ) ;
#4766 = DIRECTION ( 'NONE',  ( 1.000000000000000000, 0.0000000000000000000, 0.0000000000000000000 ) ) ;
#4767 = ORIENTED_EDGE ( 'NONE', *, *, #1858, .T. ) ;
#4768 = DIRECTION ( 'NONE',  ( -1.000000000000000000, 3.061515884555970879E-17, -3.061515884555943146E-17 ) ) ;
#4769 = CARTESIAN_POINT ( 'NONE',  ( 0.4633858267697995581, 0.3582677165339996916, -0.09999999999959906238 ) ) ;
#4770 = CARTESIAN_POINT ( 'NONE',  ( -0.3901574803154010951, 0.0000000000000000000, -0.1556775442178812696 ) ) ;
#4771 = DIRECTION ( 'NONE',  ( 0.0000000000000000000, 0.0000000000000000000, 1.000000000000000000 ) ) ;
#4772 = DIRECTION ( 'NONE',  ( -0.03489949669734759841, 0.0000000000000000000, -0.9993908270192757293 ) ) ;
#4773 = EDGE_LOOP ( 'NONE', ( #4765, #926, #4636, #2712 ) ) ;
#4774 = EDGE_CURVE ( 'NONE', #2295, #6287, #4573, .T. ) ;
#4775 = ORIENTED_EDGE ( 'NONE', *, *, #1587, .T. ) ;
#4776 = CARTESIAN_POINT ( 'NONE',  ( 0.6015748031471988000, 0.3285433070852992188, -0.09999999999959907626 ) ) ;
#4777 = DIRECTION ( 'NONE',  ( 0.0000000000000000000, 0.0000000000000000000, -1.000000000000000000 ) ) ;
#4778 = DIRECTION ( 'NONE',  ( -1.000000000000000000, -3.749151804555343599E-33, 2.295617560651552647E-49 ) ) ;
#4779 = CARTESIAN_POINT ( 'NONE',  ( 0.0000000000000000000, 0.3104330708648994630, 4.470181404010237067E-16 ) ) ;
#4780 = CARTESIAN_POINT ( 'NONE',  ( 0.0000000000000000000, 0.3285433070852992188, -0.3204724409435995014 ) ) ;
#4781 = ORIENTED_EDGE ( 'NONE', *, *, #2703, .T. ) ;
#4782 = AXIS2_PLACEMENT_3D ( 'NONE', #117, #6625, #2826 ) ;
#4783 = VECTOR ( 'NONE', #3722, 39.37007874015748854 ) ;
#4784 = EDGE_CURVE ( 'NONE', #1884, #4786, #4045, .T. ) ;
#4785 = EDGE_CURVE ( 'NONE', #4847, #5524, #346, .T. ) ;
#4786 = VERTEX_POINT ( 'NONE', #5692 ) ;
#4787 = CARTESIAN_POINT ( 'NONE',  ( 0.0000000000000000000, 0.0000000000000000000, 4.440892098500626162E-16 ) ) ;
#4788 = AXIS2_PLACEMENT_3D ( 'NONE', #2835, #69, #5476 ) ;
#4789 = DIRECTION ( 'NONE',  ( -1.000000000000000000, -3.749151804555343599E-33, 2.295617560651552647E-49 ) ) ;
#4790 = CIRCLE ( 'NONE', #5483, 0.01968503937000001119 ) ;
#4791 = CARTESIAN_POINT ( 'NONE',  ( 0.3297244094704998019, 0.04680900692053261564, 1.816260838008213680E-15 ) ) ;
#4792 = CARTESIAN_POINT ( 'NONE',  ( -0.5944881889760003091, 1.236960896264949868E-17, 0.2020177165346250803 ) ) ;
#4793 = AXIS2_PLACEMENT_3D ( 'NONE', #6891, #3046, #3583 ) ;
#4794 = CIRCLE ( 'NONE', #4684, 0.2519685039359994549 ) ;
#4795 = FACE_OUTER_BOUND ( 'NONE', #3874, .T. ) ;
#4796 = ORIENTED_EDGE ( 'NONE', *, *, #1177, .T. ) ;
#4797 = DIRECTION ( 'NONE',  ( 0.0000000000000000000, -0.7071067811865443531, -0.7071067811865507924 ) ) ;
#4798 = ORIENTED_EDGE ( 'NONE', *, *, #475, .T. ) ;
#4799 = SHAPE_DEFINITION_REPRESENTATION ( #4738, #1738 ) ;
#4800 = ORIENTED_EDGE ( 'NONE', *, *, #5632, .F. ) ;
#4801 = ORIENTED_EDGE ( 'NONE', *, *, #3406, .F. ) ;
#4802 = AXIS2_PLACEMENT_3D ( 'NONE', #1742, #3758, #1183 ) ;
#4803 = CARTESIAN_POINT ( 'NONE',  ( 0.5797244094694997685, -0.3285433070852991633, 1.575011241300965445E-15 ) ) ;
#4804 = ORIENTED_EDGE ( 'NONE', *, *, #1629, .F. ) ;
#4805 = CARTESIAN_POINT ( 'NONE',  ( -0.7387937305823462086, -0.09362779856913268361, 0.1989068360224933996 ) ) ;
#4806 = EDGE_CURVE ( 'NONE', #6869, #4058, #4606, .T. ) ;
#4807 = FACE_BOUND ( 'NONE', #6161, .T. ) ;
#4808 = EDGE_CURVE ( 'NONE', #1097, #2371, #1438, .T. ) ;
#4809 = CARTESIAN_POINT ( 'NONE',  ( 0.1015748031491998660, -0.3285433070852992188, -0.3118110236207991548 ) ) ;
#4810 = CIRCLE ( 'NONE', #1765, 0.02362204724400002870 ) ;
#4811 = DIRECTION ( 'NONE',  ( -0.0000000000000000000, -1.000000000000000000, 6.123031769111886291E-17 ) ) ;
#4812 = DIRECTION ( 'NONE',  ( 0.0000000000000000000, -6.123031769111886291E-17, -1.000000000000000000 ) ) ;
#4813 = ORIENTED_EDGE ( 'NONE', *, *, #4334, .F. ) ;
#4814 = EDGE_LOOP ( 'NONE', ( #2642, #481, #3595, #2575 ) ) ;
#4815 = CYLINDRICAL_SURFACE ( 'NONE', #4673, 0.007874015748000031539 ) ;
#4816 = AXIS2_PLACEMENT_3D ( 'NONE', #3220, #3355, #788 ) ;
#4817 = ADVANCED_FACE ( 'NONE', ( #1398 ), #3580, .T. ) ;
#4818 = DIRECTION ( 'NONE',  ( 1.000000000000000000, 0.0000000000000000000, 0.0000000000000000000 ) ) ;
#4819 = EDGE_CURVE ( 'NONE', #1611, #5330, #2030, .T. ) ;
#4820 = CARTESIAN_POINT ( 'NONE',  ( -0.7387937305823460976, 0.2162171321878729457, 0.03449293039999469512 ) ) ;
#4821 = EDGE_CURVE ( 'NONE', #892, #213, #6847, .T. ) ;
#4822 = UNCERTAINTY_MEASURE_WITH_UNIT (LENGTH_MEASURE( 1.000000000000000082E-05 ), #6267, 'distance_accuracy_value', 'NONE');
#4823 = FACE_OUTER_BOUND ( 'NONE', #4938, .T. ) ;
#4824 = LINE ( 'NONE', #6007, #1215 ) ;
#4825 = ORIENTED_EDGE ( 'NONE', *, *, #732, .T. ) ;
#4826 = AXIS2_PLACEMENT_3D ( 'NONE', #6464, #5114, #271 ) ;
#4827 = VERTEX_POINT ( 'NONE', #4890 ) ;
#4828 = AXIS2_PLACEMENT_3D ( 'NONE', #2552, #1989, #4133 ) ;
#4829 = AXIS2_PLACEMENT_3D ( 'NONE', #4854, #6981, #1642 ) ;
#4830 = DIRECTION ( 'NONE',  ( 0.0000000000000000000, 0.0000000000000000000, -1.000000000000000000 ) ) ;
#4831 = EDGE_CURVE ( 'NONE', #2124, #2323, #3228, .T. ) ;
#4832 = FACE_OUTER_BOUND ( 'NONE', #3454, .T. ) ;
#4833 = CARTESIAN_POINT ( 'NONE',  ( 0.5688976377929995110, 0.3582677165339997472, 4.440892098500626162E-16 ) ) ;
#4834 = VECTOR ( 'NONE', #42, 39.37007874015748143 ) ;
#4835 = ORIENTED_EDGE ( 'NONE', *, *, #5098, .T. ) ;
#4836 = DIRECTION ( 'NONE',  ( 0.0000000000000000000, 0.0000000000000000000, -1.000000000000000000 ) ) ;
#4837 = VERTEX_POINT ( 'NONE', #4744 ) ;
#4838 = AXIS2_PLACEMENT_3D ( 'NONE', #5302, #2181, #6959 ) ;
#4839 = CARTESIAN_POINT ( 'NONE',  ( 0.2133858267707999523, -0.3582677165339997472, -0.2921259842507990534 ) ) ;
#4840 = VECTOR ( 'NONE', #3696, 39.37007874015748143 ) ;
#4841 = EDGE_CURVE ( 'NONE', #2503, #1744, #5934, .T. ) ;
#4842 = EDGE_LOOP ( 'NONE', ( #399, #5337, #1840, #3738 ) ) ;
#4843 = CARTESIAN_POINT ( 'NONE',  ( 0.4852362204704991355, -0.3285433070852991633, 1.575011241300965445E-15 ) ) ;
#4844 = LENGTH_MEASURE_WITH_UNIT ( LENGTH_MEASURE( 0.02539999999999999897 ), #1098 );
#4845 = VERTEX_POINT ( 'NONE', #2597 ) ;
#4846 = VECTOR ( 'NONE', #6034, 39.37007874015748143 ) ;
#4847 = VERTEX_POINT ( 'NONE', #6456 ) ;
#4848 = DIRECTION ( 'NONE',  ( 0.0000000000000000000, 6.123031769111886291E-17, 1.000000000000000000 ) ) ;
#4849 = EDGE_LOOP ( 'NONE', ( #2374, #612, #5143, #273 ) ) ;
#4850 = CARTESIAN_POINT ( 'NONE',  ( -0.7387937305823456535, -0.1522743872616016680, 0.1571601205583582073 ) ) ;
#4851 = PLANE ( 'NONE',  #3660 ) ;
#4852 = CARTESIAN_POINT ( 'NONE',  ( 0.09745410653086672426, -0.3385826771640010335, -0.3118110236207991548 ) ) ;
#4853 = DIRECTION ( 'NONE',  ( -1.000000000000000000, 0.0000000000000000000, 0.0000000000000000000 ) ) ;
#4854 = CARTESIAN_POINT ( 'NONE',  ( 0.7564154879601785453, 0.3285433070852992188, 0.2964566929122001149 ) ) ;
#4855 = VERTEX_POINT ( 'NONE', #6951 ) ;
#4856 = VERTEX_POINT ( 'NONE', #454 ) ;
#4857 = CARTESIAN_POINT ( 'NONE',  ( -1.667259848271626416E-17, -0.2722931892469102610, 0.1172304988566749140 ) ) ;
#4858 = DIRECTION ( 'NONE',  ( 0.0000000000000000000, 0.0000000000000000000, 1.000000000000000000 ) ) ;
#4859 = CARTESIAN_POINT ( 'NONE',  ( -0.7387937305823326639, 0.1971953011138062317, 0.09437970055319630514 ) ) ;
#4860 = LINE ( 'NONE', #25, #3106 ) ;
#4861 = DIRECTION ( 'NONE',  ( -1.000000000000000000, -6.123031769111886291E-17, 3.749151804555343599E-33 ) ) ;
#4862 = EDGE_LOOP ( 'NONE', ( #2718, #3387, #4020, #1328 ) ) ;
#4863 = EDGE_CURVE ( 'NONE', #210, #3201, #4160, .T. ) ;
#4864 = ADVANCED_FACE ( 'NONE', ( #3790 ), #6924, .F. ) ;
#4865 = ORIENTED_EDGE ( 'NONE', *, *, #3652, .T. ) ;
#4866 = EDGE_CURVE ( 'NONE', #4902, #361, #2104, .T. ) ;
#4867 = DIRECTION ( 'NONE',  ( -0.0000000000000000000, -0.0000000000000000000, -1.000000000000000000 ) ) ;
#4868 = CARTESIAN_POINT ( 'NONE',  ( 0.0000000000000000000, 0.3582677165339997472, -0.09999999999959906238 ) ) ;
#4869 = CARTESIAN_POINT ( 'NONE',  ( 0.0000000000000000000, -0.3285433070852992188, -0.3204724409435995014 ) ) ;
#4870 = DIRECTION ( 'NONE',  ( 0.0000000000000000000, 1.000000000000000000, 0.0000000000000000000 ) ) ;
#4871 = EDGE_CURVE ( 'NONE', #5788, #4855, #5435, .T. ) ;
#4872 = EDGE_LOOP ( 'NONE', ( #6834, #3532 ) ) ;
#4873 = EDGE_CURVE ( 'NONE', #2092, #1744, #6389, .T. ) ;
#4874 = ORIENTED_EDGE ( 'NONE', *, *, #5211, .T. ) ;
#4875 = CARTESIAN_POINT ( 'NONE',  ( 0.6015748031471988000, -0.3285433070852992188, -0.3118110236207991548 ) ) ;
#4876 = ORIENTED_EDGE ( 'NONE', *, *, #6399, .T. ) ;
#4877 = ORIENTED_EDGE ( 'NONE', *, *, #2749, .T. ) ;
#4878 = ORIENTED_EDGE ( 'NONE', *, *, #3047, .T. ) ;
#4879 = ADVANCED_FACE ( 'NONE', ( #4288 ), #2665, .T. ) ;
#4880 = LINE ( 'NONE', #5387, #5605 ) ;
#4881 = ADVANCED_FACE ( 'NONE', ( #1511 ), #3686, .T. ) ;
#4882 = ORIENTED_EDGE ( 'NONE', *, *, #81, .T. ) ;
#4883 = VECTOR ( 'NONE', #4923, 39.37007874015748143 ) ;
#4884 = CARTESIAN_POINT ( 'NONE',  ( 0.5797244094694997685, 0.07242074860119984692, 2.664535259100375303E-15 ) ) ;
#4885 = DIRECTION ( 'NONE',  ( -1.000000000000000000, -3.061515884555943146E-17, -3.061515884555943146E-17 ) ) ;
#4886 = DIRECTION ( 'NONE',  ( 1.000000000000000000, 0.0000000000000000000, 0.0000000000000000000 ) ) ;
#4887 = ORIENTED_EDGE ( 'NONE', *, *, #4784, .F. ) ;
#4888 = CARTESIAN_POINT ( 'NONE',  ( 0.2564154879621787231, 0.3285433070852992188, 0.2964566929122001149 ) ) ;
#4889 = CARTESIAN_POINT ( 'NONE',  ( 0.7352362204694999903, 0.2273686271854815644, 2.663551793822656786E-15 ) ) ;
#4890 = CARTESIAN_POINT ( 'NONE',  ( 0.06889763779499968877, 0.2964566929122000039, 4.641337016453230828E-16 ) ) ;
#4891 = DIRECTION ( 'NONE',  ( -1.000000000000000000, 0.0000000000000000000, 0.0000000000000000000 ) ) ;
#4892 = DIRECTION ( 'NONE',  ( 6.123031769111886291E-17, -1.000000000000000000, 0.0000000000000000000 ) ) ;
#4893 = ORIENTED_EDGE ( 'NONE', *, *, #4117, .T. ) ;
#4894 = VERTEX_POINT ( 'NONE', #5333 ) ;
#4895 = CARTESIAN_POINT ( 'NONE',  ( -8.881784197001252323E-16, 0.3104330708652991433, -0.3118110236207992103 ) ) ;
#4896 = CARTESIAN_POINT ( 'NONE',  ( 0.8114173228313998898, 0.1659448818999998687, 4.541741752986261355E-16 ) ) ;
#4897 = VECTOR ( 'NONE', #683, 39.37007874015748143 ) ;
#4898 = DIRECTION ( 'NONE',  ( 1.000000000000000000, 4.592273826835647131E-17, -2.651350530114032799E-17 ) ) ;
#4899 = EDGE_CURVE ( 'NONE', #6739, #6095, #486, .T. ) ;
#4900 = LINE ( 'NONE', #2215, #6520 ) ;
#4901 = EDGE_CURVE ( 'NONE', #2170, #471, #5068, .T. ) ;
#4902 = VERTEX_POINT ( 'NONE', #6523 ) ;
#4903 = ORIENTED_EDGE ( 'NONE', *, *, #2518, .T. ) ;
#4904 = VECTOR ( 'NONE', #1603, 39.37007874015748143 ) ;
#4905 = CARTESIAN_POINT ( 'NONE',  ( 0.5797244094694997685, 0.3104330708648994630, 1.560460843526877166E-15 ) ) ;
#4906 = EDGE_CURVE ( 'NONE', #6594, #5407, #2767, .T. ) ;
#4907 = VERTEX_POINT ( 'NONE', #4924 ) ;
#4908 = APPLICATION_PROTOCOL_DEFINITION ( 'draft international standard', 'automotive_design', 1998, #879 ) ;
#4909 = ORIENTED_EDGE ( 'NONE', *, *, #6608, .F. ) ;
#4910 = VECTOR ( 'NONE', #925, 39.37007874015748143 ) ;
#4911 = ORIENTED_EDGE ( 'NONE', *, *, #755, .T. ) ;
#4912 = CARTESIAN_POINT ( 'NONE',  ( 0.3297244094704998019, -0.3285433070852992188, 2.664535259100375303E-15 ) ) ;
#4913 = VERTEX_POINT ( 'NONE', #89 ) ;
#4914 = DIRECTION ( 'NONE',  ( -0.0000000000000000000, -0.0000000000000000000, 1.000000000000000000 ) ) ;
#4915 = EDGE_CURVE ( 'NONE', #5338, #6629, #6004, .T. ) ;
#4916 = EDGE_CURVE ( 'NONE', #6559, #2812, #1217, .T. ) ;
#4917 = CARTESIAN_POINT ( 'NONE',  ( 0.4074803149589998341, 0.3104330708652991433, -0.4543307086595991251 ) ) ;
#4918 = ORIENTED_EDGE ( 'NONE', *, *, #3344, .F. ) ;
#4919 = VECTOR ( 'NONE', #6627, 39.37007874015748143 ) ;
#4920 = VERTEX_POINT ( 'NONE', #2206 ) ;
#4921 = DIRECTION ( 'NONE',  ( 0.9993908270192757293, -2.136907270038746878E-18, -0.03489949669734759841 ) ) ;
#4922 = AXIS2_PLACEMENT_3D ( 'NONE', #2591, #2622, #6382 ) ;
#4923 = DIRECTION ( 'NONE',  ( 0.0000000000000000000, 1.000000000000000000, -6.123031769111886291E-17 ) ) ;
#4924 = CARTESIAN_POINT ( 'NONE',  ( 0.5797244094694997685, 0.3104330708648994630, 0.1610236220466032264 ) ) ;
#4925 = DIRECTION ( 'NONE',  ( -0.0000000000000000000, -0.0000000000000000000, -1.000000000000000000 ) ) ;
#4926 = DIRECTION ( 'NONE',  ( 0.4999999999487850788, 0.0000000000000000000, 0.8660254038140076105 ) ) ;
#4927 = ORIENTED_EDGE ( 'NONE', *, *, #6356, .F. ) ;
#4928 = VECTOR ( 'NONE', #1659, 39.37007874015748143 ) ;
#4929 = LINE ( 'NONE', #3938, #6580 ) ;
#4930 = EDGE_LOOP ( 'NONE', ( #4158, #5151, #3841, #2226 ) ) ;
#4931 = CARTESIAN_POINT ( 'NONE',  ( 0.5797244094694997685, -0.2785433070854992366, 0.1610236220466032264 ) ) ;
#4932 = CARTESIAN_POINT ( 'NONE',  ( -0.7387937305823457645, -0.1056347180059842156, -0.1912727812297275454 ) ) ;
#4933 = VECTOR ( 'NONE', #1553, 39.37007874015748143 ) ;
#4934 = DIRECTION ( 'NONE',  ( 1.000000000000000000, 6.123031769111886291E-17, -3.749151804555343599E-33 ) ) ;
#4935 = FACE_OUTER_BOUND ( 'NONE', #2689, .T. ) ;
#4936 = ORIENTED_EDGE ( 'NONE', *, *, #5260, .T. ) ;
#4937 = AXIS2_PLACEMENT_3D ( 'NONE', #6525, #5336, #4252 ) ;
#4938 = EDGE_LOOP ( 'NONE', ( #6907, #5872, #5203, #3249 ) ) ;
#4939 = VECTOR ( 'NONE', #4797, 39.37007874015748143 ) ;
#4940 = AXIS2_PLACEMENT_3D ( 'NONE', #6372, #2583, #3209 ) ;
#4941 = VERTEX_POINT ( 'NONE', #1683 ) ;
#4942 = ORIENTED_EDGE ( 'NONE', *, *, #571, .T. ) ;
#4943 = DIRECTION ( 'NONE',  ( 0.0000000000000000000, 0.0000000000000000000, -1.000000000000000000 ) ) ;
#4944 = EDGE_CURVE ( 'NONE', #5722, #5271, #6554, .T. ) ;
#4945 = ORIENTED_EDGE ( 'NONE', *, *, #3168, .F. ) ;
#4946 = ADVANCED_FACE ( 'NONE', ( #3824 ), #758, .T. ) ;
#4947 = AXIS2_PLACEMENT_3D ( 'NONE', #6442, #501, #6867 ) ;
#4948 = EDGE_CURVE ( 'NONE', #4295, #6804, #1287, .T. ) ;
#4949 = DIRECTION ( 'NONE',  ( 0.0000000000000000000, -6.123031769111886291E-17, -1.000000000000000000 ) ) ;
#4950 = CARTESIAN_POINT ( 'NONE',  ( -0.7387937305823458756, -1.404634042604543414E-18, 8.600618866843679290E-35 ) ) ;
#4951 = CARTESIAN_POINT ( 'NONE',  ( -1.512945118011449956E-33, 2.651794250172846949E-17, 0.2165354330750000056 ) ) ;
#4952 = VECTOR ( 'NONE', #150, 39.37007874015748143 ) ;
#4953 = ORIENTED_EDGE ( 'NONE', *, *, #1365, .T. ) ;
#4954 = AXIS2_PLACEMENT_3D ( 'NONE', #4361, #2273, #1226 ) ;
#4955 = ORIENTED_EDGE ( 'NONE', *, *, #5167, .T. ) ;
#4956 = FACE_BOUND ( 'NONE', #2153, .T. ) ;
#4957 = EDGE_CURVE ( 'NONE', #4176, #431, #4458, .T. ) ;
#4958 = EDGE_CURVE ( 'NONE', #4967, #4657, #6626, .T. ) ;
#4959 = AXIS2_PLACEMENT_3D ( 'NONE', #227, #5721, #4563 ) ;
#4960 = DIRECTION ( 'NONE',  ( -1.000000000000000000, 6.123031769111886291E-17, -3.749151804555343599E-33 ) ) ;
#4961 = DIRECTION ( 'NONE',  ( 0.0000000000000000000, 0.0000000000000000000, -1.000000000000000000 ) ) ;
#4962 = CYLINDRICAL_SURFACE ( 'NONE', #4802, 0.007874015748000031539 ) ;
#4963 = DIRECTION ( 'NONE',  ( -1.000000000000000000, -6.123031769111886291E-17, 3.749151804555343599E-33 ) ) ;
#4964 = ORIENTED_EDGE ( 'NONE', *, *, #3579, .T. ) ;
#4965 = CARTESIAN_POINT ( 'NONE',  ( 0.3515748031481988889, 0.3285433070852992188, -0.09999999999959907626 ) ) ;
#4966 = EDGE_CURVE ( 'NONE', #983, #5330, #5614, .T. ) ;
#4967 = VERTEX_POINT ( 'NONE', #185 ) ;
#4968 = PRESENTATION_STYLE_ASSIGNMENT (( #5913 ) ) ;
#4969 = PLANE ( 'NONE',  #105 ) ;
#4970 = CARTESIAN_POINT ( 'NONE',  ( 0.2133858267707999523, 0.3582677165339996916, -0.09999999999959906238 ) ) ;
#4971 = LINE ( 'NONE', #3866, #3772 ) ;
#4972 = CARTESIAN_POINT ( 'NONE',  ( 0.7352362204694999903, -0.2431879680263150656, 0.1963789611057868423 ) ) ;
#4973 = ORIENTED_EDGE ( 'NONE', *, *, #6648, .F. ) ;
#4974 = ORIENTED_EDGE ( 'NONE', *, *, #6100, .F. ) ;
#4975 = DIRECTION ( 'NONE',  ( 1.000000000000000000, 6.123031769111886291E-17, -3.749151804555343599E-33 ) ) ;
#4976 = ORIENTED_EDGE ( 'NONE', *, *, #5325, .T. ) ;
#4977 = ORIENTED_EDGE ( 'NONE', *, *, #1079, .T. ) ;
#4978 = VERTEX_POINT ( 'NONE', #5500 ) ;
#4979 = DIRECTION ( 'NONE',  ( 0.0000000000000000000, -1.000000000000000000, -0.0000000000000000000 ) ) ;
#4980 = ORIENTED_EDGE ( 'NONE', *, *, #1586, .F. ) ;
#4981 = CARTESIAN_POINT ( 'NONE',  ( 0.07972440947149994628, 0.2273686271854815644, 2.663551793822656786E-15 ) ) ;
#4982 = LINE ( 'NONE', #2926, #5967 ) ;
#4983 = PLANE ( 'NONE',  #5979 ) ;
#4984 = EDGE_CURVE ( 'NONE', #440, #4176, #3294, .T. ) ;
#4985 = PLANE ( 'NONE',  #6349 ) ;
#4986 = ORIENTED_EDGE ( 'NONE', *, *, #3622, .F. ) ;
#4987 = DIRECTION ( 'NONE',  ( -0.4999999999486984259, 0.0000000000000000000, 0.8660254038140575705 ) ) ;
#4988 = AXIS2_PLACEMENT_3D ( 'NONE', #5332, #5254, #5791 ) ;
#4989 = AXIS2_PLACEMENT_3D ( 'NONE', #6330, #1483, #425 ) ;
#4990 = DIRECTION ( 'NONE',  ( 1.000000000000000000, 0.0000000000000000000, -0.0000000000000000000 ) ) ;
#4991 = DIRECTION ( 'NONE',  ( 0.0000000000000000000, -6.123031769111886291E-17, -1.000000000000000000 ) ) ;
#4992 = LINE ( 'NONE', #6206, #4352 ) ;
#4993 = CYLINDRICAL_SURFACE ( 'NONE', #6634, 0.01968503937000001119 ) ;
#4994 = EDGE_CURVE ( 'NONE', #895, #2728, #2250, .T. ) ;
#4995 = ORIENTED_EDGE ( 'NONE', *, *, #3478, .F. ) ;
#4996 = EDGE_LOOP ( 'NONE', ( #4653, #6406, #1000, #4628 ) ) ;
#4997 = FACE_OUTER_BOUND ( 'NONE', #4366, .T. ) ;
#4998 = EDGE_LOOP ( 'NONE', ( #6393, #3605, #448, #2950 ) ) ;
#4999 = CARTESIAN_POINT ( 'NONE',  ( 0.3474541065298666354, 0.3104330708652991433, -0.3118110796685796271 ) ) ;
#5000 = LINE ( 'NONE', #2971, #943 ) ;
#5001 = LINE ( 'NONE', #1297, #217 ) ;
#5002 = DIRECTION ( 'NONE',  ( 1.000000000000000000, 0.0000000000000000000, 0.0000000000000000000 ) ) ;
#5003 = DIRECTION ( 'NONE',  ( -6.123031769111881361E-17, -1.000000000000000000, 0.0000000000000000000 ) ) ;
#5004 = EDGE_CURVE ( 'NONE', #6705, #5032, #5307, .T. ) ;
#5005 = VERTEX_POINT ( 'NONE', #2266 ) ;
#5006 = ORIENTED_EDGE ( 'NONE', *, *, #692, .F. ) ;
#5007 = CARTESIAN_POINT ( 'NONE',  ( 0.1889763779519997300, -0.3104330708652991433, -0.3283464566915989535 ) ) ;
#5008 = CARTESIAN_POINT ( 'NONE',  ( -0.3901574803154005955, 0.0000000000000000000, 0.0000000000000000000 ) ) ;
#5009 = DIRECTION ( 'NONE',  ( 1.000000000000000000, -0.0000000000000000000, -0.0000000000000000000 ) ) ;
#5010 = EDGE_LOOP ( 'NONE', ( #2188, #515 ) ) ;
#5011 = VERTEX_POINT ( 'NONE', #720 ) ;
#5012 = ORIENTED_EDGE ( 'NONE', *, *, #4207, .T. ) ;
#5013 = AXIS2_PLACEMENT_3D ( 'NONE', #3069, #4664, #6343 ) ;
#5014 = LINE ( 'NONE', #6160, #1187 ) ;
#5015 = ORIENTED_EDGE ( 'NONE', *, *, #5168, .F. ) ;
#5016 = CARTESIAN_POINT ( 'NONE',  ( -0.7387937305823460976, -0.1537853875768831757, -0.1556877685977952619 ) ) ;
#5017 = VECTOR ( 'NONE', #1835, 39.37007874015748143 ) ;
#5018 = AXIS2_PLACEMENT_3D ( 'NONE', #6446, #5244, #2550 ) ;
#5019 = FACE_OUTER_BOUND ( 'NONE', #3497, .T. ) ;
#5020 = DIRECTION ( 'NONE',  ( -0.0000000000000000000, -1.000000000000000000, 0.0000000000000000000 ) ) ;
#5021 = ORIENTED_EDGE ( 'NONE', *, *, #5709, .T. ) ;
#5022 = VERTEX_POINT ( 'NONE', #5029 ) ;
#5023 = VECTOR ( 'NONE', #2523, 39.37007874015748854 ) ;
#5024 = FACE_BOUND ( 'NONE', #1110, .T. ) ;
#5025 = VECTOR ( 'NONE', #4, 39.37007874015748143 ) ;
#5026 = EDGE_CURVE ( 'NONE', #1363, #6559, #2857, .T. ) ;
#5027 = EDGE_CURVE ( 'NONE', #781, #6817, #6066, .T. ) ;
#5028 = CARTESIAN_POINT ( 'NONE',  ( 0.4852362204704991910, -0.2785433070854992366, 0.1610236220466032264 ) ) ;
#5029 = CARTESIAN_POINT ( 'NONE',  ( 0.8114173228314003339, -0.3582677165339996916, 4.586044999982150795E-16 ) ) ;
#5030 = LINE ( 'NONE', #1361, #1996 ) ;
#5031 = DIRECTION ( 'NONE',  ( -0.0000000000000000000, -0.0000000000000000000, -1.000000000000000000 ) ) ;
#5032 = VERTEX_POINT ( 'NONE', #5540 ) ;
#5033 = VERTEX_POINT ( 'NONE', #1820 ) ;
#5034 = VERTEX_POINT ( 'NONE', #3966 ) ;
#5035 = FILL_AREA_STYLE_COLOUR ( '', #3889 ) ;
#5036 = ADVANCED_FACE ( 'NONE', ( #3998 ), #1235, .T. ) ;
#5037 = EDGE_CURVE ( 'NONE', #5847, #2410, #795, .T. ) ;
#5038 = CARTESIAN_POINT ( 'NONE',  ( 0.4389763779509996411, 0.3104330708652991433, -0.3283464566915989535 ) ) ;
#5039 = EDGE_CURVE ( 'NONE', #6826, #4941, #2964, .T. ) ;
#5040 = DIRECTION ( 'NONE',  ( 1.000000000000000000, 3.061515884555970879E-17, 3.061515884555943146E-17 ) ) ;
#5041 = DIRECTION ( 'NONE',  ( -0.0000000000000000000, -0.7071067811865474617, 0.7071067811865474617 ) ) ;
#5042 = CARTESIAN_POINT ( 'NONE',  ( 0.4675065665337345133, -0.3104330708652991433, -0.3118110236207989883 ) ) ;
#5043 = CARTESIAN_POINT ( 'NONE',  ( 0.4852362204704992465, 0.04680900692053274748, 1.816260838008213680E-15 ) ) ;
#5044 = VECTOR ( 'NONE', #4564, 39.37007874015748143 ) ;
#5045 = VERTEX_POINT ( 'NONE', #5651 ) ;
#5046 = ORIENTED_EDGE ( 'NONE', *, *, #1768, .T. ) ;
#5047 = ADVANCED_FACE ( 'NONE', ( #2931 ), #5103, .T. ) ;
#5048 =( GEOMETRIC_REPRESENTATION_CONTEXT ( 3 ) GLOBAL_UNCERTAINTY_ASSIGNED_CONTEXT ( ( #5829 ) ) GLOBAL_UNIT_ASSIGNED_CONTEXT ( ( #6059, #3988, #6164 ) ) REPRESENTATION_CONTEXT ( 'NONE', 'WORKASPACE' ) );
#5049 = ADVANCED_FACE ( 'NONE', ( #261 ), #4135, .T. ) ;
#5050 = CARTESIAN_POINT ( 'NONE',  ( 0.7125058949105342876, 0.3104330708652991433, -0.3204724409435995014 ) ) ;
#5051 = LINE ( 'NONE', #2357, #282 ) ;
#5052 = CARTESIAN_POINT ( 'NONE',  ( 0.6811023622019992674, 0.3104330708652991433, -0.3283464566915989535 ) ) ;
#5053 = ORIENTED_EDGE ( 'NONE', *, *, #4958, .F. ) ;
#5054 = VERTEX_POINT ( 'NONE', #4632 ) ;
#5055 = AXIS2_PLACEMENT_3D ( 'NONE', #1755, #6148, #5003 ) ;
#5056 = DIRECTION ( 'NONE',  ( 1.000000000000000000, 0.0000000000000000000, 0.0000000000000000000 ) ) ;
#5057 = EDGE_LOOP ( 'NONE', ( #1373, #3135, #3067, #2719, #4166 ) ) ;
#5058 = EDGE_CURVE ( 'NONE', #5608, #4913, #6312, .T. ) ;
#5059 = VECTOR ( 'NONE', #855, 39.37007874015748143 ) ;
#5060 = DIRECTION ( 'NONE',  ( -6.123031769111886291E-17, -1.000000000000000000, 0.0000000000000000000 ) ) ;
#5061 = AXIS2_PLACEMENT_3D ( 'NONE', #4498, #686, #6036 ) ;
#5062 = FACE_OUTER_BOUND ( 'NONE', #1388, .T. ) ;
#5063 = DIRECTION ( 'NONE',  ( 1.000000000000000000, 6.123031769111886291E-17, -3.749151804555343599E-33 ) ) ;
#5064 = DIRECTION ( 'NONE',  ( -1.000000000000000000, -6.123031769111886291E-17, 3.749151804555343599E-33 ) ) ;
#5065 = VECTOR ( 'NONE', #5919, 39.37007874015748143 ) ;
#5066 = DIRECTION ( 'NONE',  ( 2.651350529933818450E-17, 1.000000000000000000, -1.530757941964097993E-17 ) ) ;
#5067 = CARTESIAN_POINT ( 'NONE',  ( 0.7352362204694999903, 0.3285433070852992188, 2.664535259100375303E-15 ) ) ;
#5068 = LINE ( 'NONE', #1182, #790 ) ;
#5069 = VECTOR ( 'NONE', #3087, 39.37007874015748854 ) ;
#5070 = LINE ( 'NONE', #3470, #976 ) ;
#5071 = CARTESIAN_POINT ( 'NONE',  ( 0.2125058949125353536, -0.3285433070852992188, -0.3204724409435995014 ) ) ;
#5072 = ORIENTED_EDGE ( 'NONE', *, *, #1131, .T. ) ;
#5073 = VERTEX_POINT ( 'NONE', #4069 ) ;
#5074 = DIRECTION ( 'NONE',  ( 1.000000000000000000, 3.749151804555343599E-33, -2.295617560651552647E-49 ) ) ;
#5075 = VECTOR ( 'NONE', #5578, 39.37007874015748143 ) ;
#5076 = DIRECTION ( 'NONE',  ( -1.000000000000000000, -0.0000000000000000000, 0.0000000000000000000 ) ) ;
#5077 = DIRECTION ( 'NONE',  ( 0.0000000000000000000, 0.0000000000000000000, -1.000000000000000000 ) ) ;
#5078 = LINE ( 'NONE', #1227, #3411 ) ;
#5079 = DIRECTION ( 'NONE',  ( 0.0000000000000000000, 0.0000000000000000000, 1.000000000000000000 ) ) ;
#5080 = LINE ( 'NONE', #5662, #1870 ) ;
#5081 = DIRECTION ( 'NONE',  ( -1.000000000000000000, -0.0000000000000000000, -0.0000000000000000000 ) ) ;
#5082 = AXIS2_PLACEMENT_3D ( 'NONE', #970, #5959, #2621 ) ;
#5083 = ADVANCED_FACE ( 'NONE', ( #2408 ), #1991, .T. ) ;
#5084 = EDGE_CURVE ( 'NONE', #6526, #2430, #5195, .T. ) ;
#5085 = ORIENTED_EDGE ( 'NONE', *, *, #4004, .F. ) ;
#5086 = ORIENTED_EDGE ( 'NONE', *, *, #7, .T. ) ;
#5087 = DIRECTION ( 'NONE',  ( -0.0000000000000000000, -1.000000000000000000, 0.0000000000000000000 ) ) ;
#5088 = LINE ( 'NONE', #6153, #4221 ) ;
#5089 = CARTESIAN_POINT ( 'NONE',  ( -0.7653543307074652802, 0.0000000000000000000, 0.0000000000000000000 ) ) ;
#5090 = ORIENTED_EDGE ( 'NONE', *, *, #5119, .T. ) ;
#5091 = EDGE_CURVE ( 'NONE', #1213, #6613, #1467, .T. ) ;
#5092 = ORIENTED_EDGE ( 'NONE', *, *, #4551, .T. ) ;
#5093 = LINE ( 'NONE', #6096, #4223 ) ;
#5094 = ORIENTED_EDGE ( 'NONE', *, *, #1558, .F. ) ;
#5095 = DIRECTION ( 'NONE',  ( 0.0000000000000000000, 0.0000000000000000000, 1.000000000000000000 ) ) ;
#5096 = CARTESIAN_POINT ( 'NONE',  ( 0.4852362204704992465, 0.07242074860119984692, 2.669296277896500903E-15 ) ) ;
#5097 = CARTESIAN_POINT ( 'NONE',  ( 0.0000000000000000000, -0.3285433070852992188, -0.3204724409435995014 ) ) ;
#5098 = EDGE_CURVE ( 'NONE', #4941, #1843, #865, .T. ) ;
#5099 = EDGE_CURVE ( 'NONE', #3400, #4619, #3944, .T. ) ;
#5100 = ADVANCED_FACE ( 'NONE', ( #6171 ), #4173, .T. ) ;
#5101 = CARTESIAN_POINT ( 'NONE',  ( -0.7387937305823458756, 0.1334614873917822631, 0.2137198127430402217 ) ) ;
#5102 = CARTESIAN_POINT ( 'NONE',  ( -0.7158535582041731793, -0.1254757207119662210, 0.2185039370070015474 ) ) ;
#5103 = PLANE ( 'NONE',  #3829 ) ;
#5104 = LINE ( 'NONE', #6738, #2876 ) ;
#5105 = CARTESIAN_POINT ( 'NONE',  ( 0.1024547350074636043, 0.3285433070852992188, -0.3204724409435995014 ) ) ;
#5106 = ORIENTED_EDGE ( 'NONE', *, *, #2537, .T. ) ;
#5107 = ORIENTED_EDGE ( 'NONE', *, *, #2277, .T. ) ;
#5108 = CARTESIAN_POINT ( 'NONE',  ( 0.7133858267687989141, -0.3582677165339996916, -0.2921259842507990534 ) ) ;
#5109 = PLANE ( 'NONE',  #630 ) ;
#5110 = CARTESIAN_POINT ( 'NONE',  ( 0.05984251968459908949, 0.0000000000000000000, -0.1556775442178812696 ) ) ;
#5111 = DIRECTION ( 'NONE',  ( 0.0000000000000000000, 0.0000000000000000000, 1.000000000000000000 ) ) ;
#5112 = CARTESIAN_POINT ( 'NONE',  ( 0.3515748031481997771, 0.3582677165339997472, -0.2921259842507990534 ) ) ;
#5113 = CIRCLE ( 'NONE', #259, 0.2519685039360020085 ) ;
#5114 = DIRECTION ( 'NONE',  ( 1.000000000000000000, 6.123031769111886291E-17, -3.749151804555343599E-33 ) ) ;
#5115 = VECTOR ( 'NONE', #6241, 39.37007874015748143 ) ;
#5116 = EDGE_LOOP ( 'NONE', ( #6507, #1135, #362, #317 ) ) ;
#5117 = DIRECTION ( 'NONE',  ( 1.000000000000000000, 4.592273826799818055E-17, -2.651350530134719444E-17 ) ) ;
#5118 = ADVANCED_FACE ( 'NONE', ( #2514 ), #828, .T. ) ;
#5119 = EDGE_CURVE ( 'NONE', #2885, #11, #6876, .T. ) ;
#5120 = DIRECTION ( 'NONE',  ( 0.0000000000000000000, 0.5000000000055661031, -0.8660254037812250560 ) ) ;
#5121 = DIRECTION ( 'NONE',  ( -0.4999999999487388935, 0.0000000000000000000, -0.8660254038140342558 ) ) ;
#5122 = DIRECTION ( 'NONE',  ( -1.000000000000000000, -0.0000000000000000000, -0.0000000000000000000 ) ) ;
#5123 = VERTEX_POINT ( 'NONE', #2167 ) ;
#5124 = ORIENTED_EDGE ( 'NONE', *, *, #4680, .T. ) ;
#5125 = DIRECTION ( 'NONE',  ( 5.302701060210390183E-17, -0.8660254037812250560, -0.5000000000055661031 ) ) ;
#5126 = ORIENTED_EDGE ( 'NONE', *, *, #5211, .F. ) ;
#5127 = ADVANCED_FACE ( 'NONE', ( #478 ), #3645, .T. ) ;
#5128 = CARTESIAN_POINT ( 'NONE',  ( -0.7387937305823458756, -0.1958981721086212324, -0.09753357741861040653 ) ) ;
#5129 = VECTOR ( 'NONE', #1638, 39.37007874015748143 ) ;
#5130 = DIRECTION ( 'NONE',  ( 3.749151804555343599E-33, -2.295617560651552647E-49, -1.000000000000000000 ) ) ;
#5131 =( NAMED_UNIT ( * ) SI_UNIT ( $, .STERADIAN. ) SOLID_ANGLE_UNIT ( ) );
#5132 = EDGE_LOOP ( 'NONE', ( #54, #3329, #4360, #6783 ) ) ;
#5133 = AXIS2_PLACEMENT_3D ( 'NONE', #147, #5498, #55 ) ;
#5134 = CARTESIAN_POINT ( 'NONE',  ( 0.3297244094704998019, -0.04680900692053280299, 1.920615891346990239E-15 ) ) ;
#5135 = EDGE_CURVE ( 'NONE', #983, #6110, #6897, .T. ) ;
#5136 = VECTOR ( 'NONE', #2606, 39.37007874015748143 ) ;
#5137 = EDGE_CURVE ( 'NONE', #3258, #2920, #5248, .T. ) ;
#5138 = DIRECTION ( 'NONE',  ( 1.000000000000000000, 0.0000000000000000000, 0.0000000000000000000 ) ) ;
#5139 = DIRECTION ( 'NONE',  ( 0.0000000000000000000, -0.5000000000055685456, -0.8660254037812236128 ) ) ;
#5140 = DIRECTION ( 'NONE',  ( 0.0000000000000000000, 0.0000000000000000000, -1.000000000000000000 ) ) ;
#5141 = ORIENTED_EDGE ( 'NONE', *, *, #5570, .T. ) ;
#5142 = VECTOR ( 'NONE', #913, 39.37007874015748143 ) ;
#5143 = ORIENTED_EDGE ( 'NONE', *, *, #4774, .T. ) ;
#5144 = DIRECTION ( 'NONE',  ( 0.0000000000000000000, 0.0000000000000000000, -1.000000000000000000 ) ) ;
#5145 = DIRECTION ( 'NONE',  ( 1.000000000000000000, 0.0000000000000000000, -0.0000000000000000000 ) ) ;
#5146 = CARTESIAN_POINT ( 'NONE',  ( 0.1574803294008270960, -0.3104330708652991433, -0.3204724409435995014 ) ) ;
#5147 = LINE ( 'NONE', #3045, #5762 ) ;
#5148 = FACE_OUTER_BOUND ( 'NONE', #3285, .T. ) ;
#5149 = CARTESIAN_POINT ( 'NONE',  ( 0.7125058949105342876, -0.3285433070852991633, -0.3204724409435994459 ) ) ;
#5150 = VERTEX_POINT ( 'NONE', #1036 ) ;
#5151 = ORIENTED_EDGE ( 'NONE', *, *, #341, .T. ) ;
#5152 = DIRECTION ( 'NONE',  ( -1.000000000000000000, -6.123031769111886291E-17, 3.749151804555343599E-33 ) ) ;
#5153 = DIRECTION ( 'NONE',  ( -1.000000000000000000, 6.123031769111886291E-17, -3.749151804555343599E-33 ) ) ;
#5154 = AXIS2_PLACEMENT_3D ( 'NONE', #4950, #113, #1142 ) ;
#5155 = LINE ( 'NONE', #313, #1414 ) ;
#5156 = CARTESIAN_POINT ( 'NONE',  ( 0.4960629921252364127, 0.2722930320583651920, 8.914693766898565959E-16 ) ) ;
#5157 = ORIENTED_EDGE ( 'NONE', *, *, #1041, .F. ) ;
#5158 = ORIENTED_EDGE ( 'NONE', *, *, #3604, .T. ) ;
#5159 = ORIENTED_EDGE ( 'NONE', *, *, #1756, .F. ) ;
#5160 = AXIS2_PLACEMENT_3D ( 'NONE', #3718, #581, #5896 ) ;
#5161 = DIRECTION ( 'NONE',  ( 0.0000000000000000000, -1.000000000000000000, 6.123031769111886291E-17 ) ) ;
#5162 = EDGE_LOOP ( 'NONE', ( #468, #5300, #1977, #3518 ) ) ;
#5163 = CARTESIAN_POINT ( 'NONE',  ( 0.5797244094694997685, 0.3104330708648994630, 0.1610236220466032264 ) ) ;
#5164 = ORIENTED_EDGE ( 'NONE', *, *, #1107, .T. ) ;
#5165 =( NAMED_UNIT ( * ) PLANE_ANGLE_UNIT ( ) SI_UNIT ( $, .RADIAN. ) );
#5166 = ORIENTED_EDGE ( 'NONE', *, *, #4819, .T. ) ;
#5167 = EDGE_CURVE ( 'NONE', #5379, #2157, #4280, .T. ) ;
#5168 = EDGE_CURVE ( 'NONE', #4502, #2242, #6328, .T. ) ;
#5169 = VERTEX_POINT ( 'NONE', #2655 ) ;
#5170 = EDGE_CURVE ( 'NONE', #4786, #1796, #4240, .T. ) ;
#5171 = CARTESIAN_POINT ( 'NONE',  ( 0.0000000000000000000, -0.3285433070852992188, -0.3204724409435995014 ) ) ;
#5172 = ORIENTED_EDGE ( 'NONE', *, *, #5058, .T. ) ;
#5173 = AXIS2_PLACEMENT_3D ( 'NONE', #6830, #2611, #432 ) ;
#5174 = VECTOR ( 'NONE', #6060, 39.37007874015748143 ) ;
#5175 = DIRECTION ( 'NONE',  ( 0.0000000000000000000, 6.123031769111886291E-17, 1.000000000000000000 ) ) ;
#5176 = DIRECTION ( 'NONE',  ( 0.0000000000000000000, 0.0000000000000000000, -1.000000000000000000 ) ) ;
#5177 = CARTESIAN_POINT ( 'NONE',  ( 0.2125058949125353536, -0.3104330708652991433, -0.3204724409435995014 ) ) ;
#5178 = CIRCLE ( 'NONE', #5756, 0.01968503937000001119 ) ;
#5179 = ORIENTED_EDGE ( 'NONE', *, *, #5168, .T. ) ;
#5180 = EDGE_CURVE ( 'NONE', #5594, #3025, #4281, .T. ) ;
#5181 = EDGE_CURVE ( 'NONE', #5888, #3638, #4172, .T. ) ;
#5182 = DIRECTION ( 'NONE',  ( 1.000000000000000000, -6.123031769111886291E-17, 3.749151804555343599E-33 ) ) ;
#5183 = FACE_OUTER_BOUND ( 'NONE', #5245, .T. ) ;
#5184 = VECTOR ( 'NONE', #2714, 39.37007874015748143 ) ;
#5185 = LINE ( 'NONE', #3685, #5575 ) ;
#5186 = CARTESIAN_POINT ( 'NONE',  ( 0.7125058949105342876, 0.3285433070852992188, -0.3204724409435995014 ) ) ;
#5187 = LINE ( 'NONE', #1544, #856 ) ;
#5188 = CARTESIAN_POINT ( 'NONE',  ( 0.2133858267707999523, -0.3285433070852992188, -0.09999999999959907626 ) ) ;
#5189 = AXIS2_PLACEMENT_3D ( 'NONE', #3036, #3533, #5176 ) ;
#5190 = VECTOR ( 'NONE', #4486, 39.37007874015748143 ) ;
#5191 = EDGE_CURVE ( 'NONE', #4920, #862, #6347, .T. ) ;
#5192 = ADVANCED_FACE ( 'NONE', ( #3748 ), #5324, .F. ) ;
#5193 = ORIENTED_EDGE ( 'NONE', *, *, #917, .F. ) ;
#5194 = CARTESIAN_POINT ( 'NONE',  ( 0.0000000000000000000, -0.07242074860119984692, 4.704604013961912921E-16 ) ) ;
#5195 = CIRCLE ( 'NONE', #2472, 0.007874015748000031539 ) ;
#5196 = FACE_OUTER_BOUND ( 'NONE', #3706, .T. ) ;
#5197 = FACE_OUTER_BOUND ( 'NONE', #3290, .T. ) ;
#5198 = DIRECTION ( 'NONE',  ( 0.0000000000000000000, -1.000000000000000000, 0.0000000000000000000 ) ) ;
#5199 = VERTEX_POINT ( 'NONE', #3679 ) ;
#5200 = LINE ( 'NONE', #6404, #4109 ) ;
#5201 = ORIENTED_EDGE ( 'NONE', *, *, #3190, .T. ) ;
#5202 = DIRECTION ( 'NONE',  ( 1.000000000000000000, -0.0000000000000000000, -0.0000000000000000000 ) ) ;
#5203 = ORIENTED_EDGE ( 'NONE', *, *, #2055, .T. ) ;
#5204 = CARTESIAN_POINT ( 'NONE',  ( 0.3297244094704998019, 0.3285433070852991633, 1.739616020537937644E-15 ) ) ;
#5205 = ORIENTED_EDGE ( 'NONE', *, *, #2619, .F. ) ;
#5206 = ORIENTED_EDGE ( 'NONE', *, *, #3307, .F. ) ;
#5207 = PLANE ( 'NONE',  #1530 ) ;
#5208 = ORIENTED_EDGE ( 'NONE', *, *, #1301, .T. ) ;
#5209 = EDGE_CURVE ( 'NONE', #4231, #4385, #673, .T. ) ;
#5210 = CARTESIAN_POINT ( 'NONE',  ( 0.4633858267697990030, -0.3285433070852992188, -0.09999999999959907626 ) ) ;
#5211 = EDGE_CURVE ( 'NONE', #5364, #5847, #1588, .T. ) ;
#5212 = DIRECTION ( 'NONE',  ( 0.0000000000000000000, 1.000000000000000000, -6.123031769111886291E-17 ) ) ;
#5213 = CARTESIAN_POINT ( 'NONE',  ( 0.5648038521901562747, 0.2722930320583657471, 0.1172306448981619842 ) ) ;
#5214 = CARTESIAN_POINT ( 'NONE',  ( 0.8114173228314003339, -0.3582677165339997472, -0.06594492574901833493 ) ) ;
#5215 = ORIENTED_EDGE ( 'NONE', *, *, #6877, .F. ) ;
#5216 = ORIENTED_EDGE ( 'NONE', *, *, #2901, .T. ) ;
#5217 = DIRECTION ( 'NONE',  ( -1.000000000000000000, -6.123031769111886291E-17, 3.749151804555343599E-33 ) ) ;
#5218 = LINE ( 'NONE', #233, #1940 ) ;
#5219 = VECTOR ( 'NONE', #2261, 39.37007874015748143 ) ;
#5220 = CARTESIAN_POINT ( 'NONE',  ( -0.4452755905481711740, 0.0000000000000000000, 0.0000000000000000000 ) ) ;
#5221 = EDGE_CURVE ( 'NONE', #5371, #4014, #5928, .T. ) ;
#5222 = DIRECTION ( 'NONE',  ( -1.000000000000000000, 6.123031769111886291E-17, -3.749151804555343599E-33 ) ) ;
#5223 = EDGE_CURVE ( 'NONE', #2594, #687, #2098, .T. ) ;
#5224 = DIRECTION ( 'NONE',  ( -0.0000000000000000000, -1.000000000000000000, 6.123031769111886291E-17 ) ) ;
#5225 = AXIS2_PLACEMENT_3D ( 'NONE', #4155, #1484, #4723 ) ;
#5226 = EDGE_LOOP ( 'NONE', ( #6909, #40, #658, #5206 ) ) ;
#5227 = VERTEX_POINT ( 'NONE', #406 ) ;
#5228 = CARTESIAN_POINT ( 'NONE',  ( -0.7158535582041731793, 0.0000000000000000000, 0.0000000000000000000 ) ) ;
#5229 = CIRCLE ( 'NONE', #2508, 0.007874015748000031539 ) ;
#5230 = ADVANCED_FACE ( 'NONE', ( #2696 ), #1573, .F. ) ;
#5231 = AXIS2_PLACEMENT_3D ( 'NONE', #2243, #5504, #3830 ) ;
#5232 = LINE ( 'NONE', #3589, #322 ) ;
#5233 = EDGE_CURVE ( 'NONE', #5618, #5713, #2554, .T. ) ;
#5234 = PLANE ( 'NONE',  #395 ) ;
#5235 = DIRECTION ( 'NONE',  ( -6.123031769111885058E-17, -1.000000000000000000, 0.0000000000000000000 ) ) ;
#5236 = EDGE_LOOP ( 'NONE', ( #3850, #1514, #230, #1731 ) ) ;
#5237 = DIRECTION ( 'NONE',  ( 0.0000000000000000000, 6.123031769111886291E-17, 1.000000000000000000 ) ) ;
#5238 = ORIENTED_EDGE ( 'NONE', *, *, #3956, .T. ) ;
#5239 = DIRECTION ( 'NONE',  ( -1.000000000000000000, 6.123031769111886291E-17, -3.749151804555343599E-33 ) ) ;
#5240 = VERTEX_POINT ( 'NONE', #3950 ) ;
#5241 = FILL_AREA_STYLE ('',( #1917 ) ) ;
#5242 = ORIENTED_EDGE ( 'NONE', *, *, #2988, .F. ) ;
#5243 = ORIENTED_EDGE ( 'NONE', *, *, #38, .T. ) ;
#5244 = DIRECTION ( 'NONE',  ( -1.000000000000000000, 6.123031769111886291E-17, -3.749151804555343599E-33 ) ) ;
#5245 = EDGE_LOOP ( 'NONE', ( #49, #4781, #43, #3094 ) ) ;
#5246 = CARTESIAN_POINT ( 'NONE',  ( 0.3297244094704998019, 0.2785433070854992366, 0.1610236220466032264 ) ) ;
#5247 = CARTESIAN_POINT ( 'NONE',  ( -0.7374308212295361820, 0.02194250115941310045, 0.2830615541172712968 ) ) ;
#5248 = LINE ( 'NONE', #6479, #4510 ) ;
#5249 = DIRECTION ( 'NONE',  ( -1.000000000000000000, -6.123031769111886291E-17, 3.749151804555343599E-33 ) ) ;
#5250 = ORIENTED_EDGE ( 'NONE', *, *, #3664, .T. ) ;
#5251 = ORIENTED_EDGE ( 'NONE', *, *, #4598, .T. ) ;
#5252 = CIRCLE ( 'NONE', #5823, 0.1556775442173904955 ) ;
#5253 = CARTESIAN_POINT ( 'NONE',  ( 0.0000000000000000000, 0.3285433070852992188, 4.459092448837873977E-16 ) ) ;
#5254 = DIRECTION ( 'NONE',  ( 1.000000000000000000, 0.0000000000000000000, 0.0000000000000000000 ) ) ;
#5255 = DIRECTION ( 'NONE',  ( -0.0000000000000000000, -6.123031769111886291E-17, -1.000000000000000000 ) ) ;
#5256 = AXIS2_PLACEMENT_3D ( 'NONE', #4077, #1866, #3444 ) ;
#5257 = CARTESIAN_POINT ( 'NONE',  ( 0.6259842519659999382, -0.3104330708652991433, -0.3204724409435995014 ) ) ;
#5258 = FACE_OUTER_BOUND ( 'NONE', #6235, .T. ) ;
#5259 = VECTOR ( 'NONE', #5056, 39.37007874015748143 ) ;
#5260 = EDGE_CURVE ( 'NONE', #5240, #5199, #2919, .T. ) ;
#5261 = EDGE_CURVE ( 'NONE', #5330, #5743, #459, .T. ) ;
#5262 = EDGE_CURVE ( 'NONE', #4502, #746, #1270, .T. ) ;
#5263 = ORIENTED_EDGE ( 'NONE', *, *, #5672, .F. ) ;
#5264 = AXIS2_PLACEMENT_3D ( 'NONE', #3510, #799, #1859 ) ;
#5265 = LINE ( 'NONE', #2566, #2026 ) ;
#5266 = FACE_OUTER_BOUND ( 'NONE', #6540, .T. ) ;
#5267 = CARTESIAN_POINT ( 'NONE',  ( -0.7387937305823462086, 0.1668892640647055003, -0.1417834605282151661 ) ) ;
#5268 = LINE ( 'NONE', #846, #254 ) ;
#5269 = VECTOR ( 'NONE', #2175, 39.37007874015748143 ) ;
#5270 = ADVANCED_FACE ( 'NONE', ( #2946 ), #5633, .F. ) ;
#5271 = VERTEX_POINT ( 'NONE', #244 ) ;
#5272 = DIRECTION ( 'NONE',  ( 1.000000000000000000, -0.0000000000000000000, -0.0000000000000000000 ) ) ;
#5273 = ORIENTED_EDGE ( 'NONE', *, *, #6091, .F. ) ;
#5274 = LINE ( 'NONE', #4694, #887 ) ;
#5275 = ORIENTED_EDGE ( 'NONE', *, *, #4764, .F. ) ;
#5276 = DIRECTION ( 'NONE',  ( -1.000000000000000000, 6.123031769111886291E-17, -3.749151804555343599E-33 ) ) ;
#5277 = CARTESIAN_POINT ( 'NONE',  ( 0.4399999999999995581, 0.0000000000000000000, 0.0000000000000000000 ) ) ;
#5278 = AXIS2_PLACEMENT_3D ( 'NONE', #4705, #2481, #6878 ) ;
#5279 = EDGE_CURVE ( 'NONE', #3946, #2865, #6189, .T. ) ;
#5280 = ORIENTED_EDGE ( 'NONE', *, *, #3353, .F. ) ;
#5281 = DIRECTION ( 'NONE',  ( 0.0000000000000000000, 1.000000000000000000, -6.123031769111886291E-17 ) ) ;
#5282 = VERTEX_POINT ( 'NONE', #1345 ) ;
#5283 = CYLINDRICAL_SURFACE ( 'NONE', #4275, 0.007874015748000031539 ) ;
#5284 = CARTESIAN_POINT ( 'NONE',  ( -0.6750251504374810141, -0.1405755823646422931, 0.3140438762216902768 ) ) ;
#5285 = CARTESIAN_POINT ( 'NONE',  ( 0.6259842519659999382, -0.3285433070852992188, -0.3283464566915989535 ) ) ;
#5286 = PLANE ( 'NONE',  #4712 ) ;
#5287 = ORIENTED_EDGE ( 'NONE', *, *, #999, .F. ) ;
#5288 = ORIENTED_EDGE ( 'NONE', *, *, #916, .T. ) ;
#5289 = VECTOR ( 'NONE', #4892, 39.37007874015748143 ) ;
#5290 = CARTESIAN_POINT ( 'NONE',  ( -0.7653543307074651691, 0.01138232265035020799, -0.1256666754664991503 ) ) ;
#5291 = CARTESIAN_POINT ( 'NONE',  ( 0.1015748031491998660, 0.3582677165339995806, -0.2921259842507990534 ) ) ;
#5292 = DIRECTION ( 'NONE',  ( 0.0000000000000000000, 0.0000000000000000000, 1.000000000000000000 ) ) ;
#5293 = AXIS2_PLACEMENT_3D ( 'NONE', #6263, #1419, #5846 ) ;
#5294 = VECTOR ( 'NONE', #1143, 39.37007874015748143 ) ;
#5295 = CARTESIAN_POINT ( 'NONE',  ( 0.5797244094694997685, 0.2273686271854815644, 2.663551793822656786E-15 ) ) ;
#5296 = DIRECTION ( 'NONE',  ( 0.0000000000000000000, 0.0000000000000000000, -1.000000000000000000 ) ) ;
#5297 = VECTOR ( 'NONE', #1021, 39.37007874015748143 ) ;
#5298 = ORIENTED_EDGE ( 'NONE', *, *, #6220, .T. ) ;
#5299 = CIRCLE ( 'NONE', #4947, 0.01968503937000001119 ) ;
#5300 = ORIENTED_EDGE ( 'NONE', *, *, #4639, .F. ) ;
#5301 = LINE ( 'NONE', #6928, #1125 ) ;
#5302 = CARTESIAN_POINT ( 'NONE',  ( 0.3759842519670000272, -0.3285433070852992188, -0.3283464566915989535 ) ) ;
#5303 = DIRECTION ( 'NONE',  ( 6.123031769111886291E-17, -1.000000000000000000, 0.0000000000000000000 ) ) ;
#5304 = EDGE_CURVE ( 'NONE', #774, #140, #6332, .T. ) ;
#5305 = CARTESIAN_POINT ( 'NONE',  ( 0.4852362204704991355, 0.3285433070852991633, 1.554894430232841664E-15 ) ) ;
#5306 = ADVANCED_FACE ( 'NONE', ( #50 ), #4547, .F. ) ;
#5307 = CIRCLE ( 'NONE', #1011, 0.2125984251960000293 ) ;
#5308 = AXIS2_PLACEMENT_3D ( 'NONE', #4787, #3235, #5410 ) ;
#5309 = VERTEX_POINT ( 'NONE', #3254 ) ;
#5310 = CARTESIAN_POINT ( 'NONE',  ( 0.4633858267697995581, -0.3582677165339996916, -0.09999999999959906238 ) ) ;
#5311 = ORIENTED_EDGE ( 'NONE', *, *, #4159, .F. ) ;
#5312 = VECTOR ( 'NONE', #5222, 39.37007874015748143 ) ;
#5313 = CARTESIAN_POINT ( 'NONE',  ( 0.7352362204694999903, 0.2559938388666496145, 0.1835730902654524321 ) ) ;
#5314 = EDGE_CURVE ( 'NONE', #4681, #3986, #777, .T. ) ;
#5315 = ORIENTED_EDGE ( 'NONE', *, *, #419, .T. ) ;
#5316 = LINE ( 'NONE', #2688, #1903 ) ;
#5317 = APPLICATION_PROTOCOL_DEFINITION ( 'draft international standard', 'automotive_design', 1998, #6076 ) ;
#5318 = AXIS2_PLACEMENT_3D ( 'NONE', #4019, #2395, #4477 ) ;
#5319 = ORIENTED_EDGE ( 'NONE', *, *, #4396, .T. ) ;
#5320 = ORIENTED_EDGE ( 'NONE', *, *, #823, .F. ) ;
#5321 = LINE ( 'NONE', #439, #1972 ) ;
#5322 = CARTESIAN_POINT ( 'NONE',  ( 0.07972440947149994628, 0.2431879680263149268, 0.1963789611057866480 ) ) ;
#5323 = CARTESIAN_POINT ( 'NONE',  ( -0.4452755905481711740, 2.296212748359322174E-17, -0.1874999999965732966 ) ) ;
#5324 = CYLINDRICAL_SURFACE ( 'NONE', #6441, 0.03188976377939998358 ) ;
#5325 = EDGE_CURVE ( 'NONE', #4837, #4657, #6123, .T. ) ;
#5326 = LINE ( 'NONE', #938, #1547 ) ;
#5327 = DIRECTION ( 'NONE',  ( -1.000000000000000000, -6.123031769111886291E-17, 3.749151804555343599E-33 ) ) ;
#5328 = ADVANCED_FACE ( 'NONE', ( #5429 ), #6719, .T. ) ;
#5329 = ORIENTED_EDGE ( 'NONE', *, *, #1647, .T. ) ;
#5330 = VERTEX_POINT ( 'NONE', #5597 ) ;
#5331 = CARTESIAN_POINT ( 'NONE',  ( -0.1530231857002073426, 0.0000000000000000000, 0.0000000000000000000 ) ) ;
#5332 = CARTESIAN_POINT ( 'NONE',  ( 0.1811023622040002223, 0.3285433070852992188, -0.4543307086595991251 ) ) ;
#5333 = CARTESIAN_POINT ( 'NONE',  ( 0.7352362204694999903, -0.3104330708648994075, 0.1610236220466032264 ) ) ;
#5334 = PRODUCT_DEFINITION_CONTEXT ( 'detailed design', #2802, 'design' ) ;
#5335 = CARTESIAN_POINT ( 'NONE',  ( 0.5797244094694997685, 0.2273686271854815644, 2.663551793822656786E-15 ) ) ;
#5336 = DIRECTION ( 'NONE',  ( 1.000000000000000000, 0.0000000000000000000, 0.0000000000000000000 ) ) ;
#5337 = ORIENTED_EDGE ( 'NONE', *, *, #1803, .T. ) ;
#5338 = VERTEX_POINT ( 'NONE', #4346 ) ;
#5339 = CARTESIAN_POINT ( 'NONE',  ( 0.6015748031471988000, -0.3285433070852991633, -0.09999999999959906238 ) ) ;
#5340 = CARTESIAN_POINT ( 'NONE',  ( -0.6062992125980004587, 2.651794250111611313E-17, 0.2165354330699997554 ) ) ;
#5341 = CLOSED_SHELL ( 'NONE', ( #593, #3906, #6340, #5036, #3644, #607, #6183, #2146, #784, #6019, #6478, #1196, #6341, #2163, #6089, #3426, #5405, #301, #609, #6598, #4879, #391, #6732, #6310, #1212, #44, #3299, #1637, #523, #192, #863, #6436, #1155, #4393, #1549, #5100 ) ) ;
#5342 = CARTESIAN_POINT ( 'NONE',  ( 0.09745407776713239933, -0.3285433070852991633, -0.3118110236207990438 ) ) ;
#5343 = VERTEX_POINT ( 'NONE', #5052 ) ;
#5344 = CARTESIAN_POINT ( 'NONE',  ( 0.7352362204694999903, -0.3104330708648994075, 1.573132787227468748E-15 ) ) ;
#5345 = EDGE_CURVE ( 'NONE', #3201, #210, #4404, .T. ) ;
#5346 = AXIS2_PLACEMENT_3D ( 'NONE', #1013, #4743, #4777 ) ;
#5347 = ORIENTED_EDGE ( 'NONE', *, *, #2227, .F. ) ;
#5348 = EDGE_CURVE ( 'NONE', #2033, #371, #5549, .T. ) ;
#5349 = DIRECTION ( 'NONE',  ( 0.0000000000000000000, 0.0000000000000000000, 1.000000000000000000 ) ) ;
#5350 = EDGE_LOOP ( 'NONE', ( #2123, #4893, #6440, #4813 ) ) ;
#5351 = FACE_OUTER_BOUND ( 'NONE', #857, .T. ) ;
#5352 = AXIS2_PLACEMENT_3D ( 'NONE', #4965, #125, #6528 ) ;
#5353 = ORIENTED_EDGE ( 'NONE', *, *, #6463, .T. ) ;
#5354 = DIRECTION ( 'NONE',  ( -1.000000000000000000, 6.123031769111886291E-17, -3.749151804555343599E-33 ) ) ;
#5355 = EDGE_CURVE ( 'NONE', #3392, #4827, #6402, .T. ) ;
#5356 = ORIENTED_EDGE ( 'NONE', *, *, #4728, .T. ) ;
#5357 = ADVANCED_FACE ( 'NONE', ( #1238 ), #4055, .T. ) ;
#5358 = EDGE_CURVE ( 'NONE', #5169, #6200, #171, .T. ) ;
#5359 = CARTESIAN_POINT ( 'NONE',  ( -0.7387937305823457645, 2.561107494060246767E-17, 0.2185039370069999654 ) ) ;
#5360 = CARTESIAN_POINT ( 'NONE',  ( 0.4311023622030001334, -0.3285433070852992188, -0.4543307086595991251 ) ) ;
#5361 = CARTESIAN_POINT ( 'NONE',  ( -0.6889763779520006182, 0.1254757207119636675, 0.2185039370070001041 ) ) ;
#5362 = DIRECTION ( 'NONE',  ( 0.0000000000000000000, 0.0000000000000000000, 1.000000000000000000 ) ) ;
#5363 = CARTESIAN_POINT ( 'NONE',  ( 0.8114173228314003339, 0.3582677165339997472, 4.440892098500626162E-16 ) ) ;
#5364 = VERTEX_POINT ( 'NONE', #5700 ) ;
#5365 = LINE ( 'NONE', #5253, #5466 ) ;
#5366 = EDGE_CURVE ( 'NONE', #3458, #1145, #922, .T. ) ;
#5367 = LINE ( 'NONE', #6553, #2177 ) ;
#5368 = CARTESIAN_POINT ( 'NONE',  ( -0.7387937305823457645, 2.561107494060246767E-17, 0.2185039370069999654 ) ) ;
#5369 = CARTESIAN_POINT ( 'NONE',  ( -0.7387937305823458756, 0.2352362204715010563, 0.0000000000000000000 ) ) ;
#5370 = FACE_OUTER_BOUND ( 'NONE', #3936, .T. ) ;
#5371 = VERTEX_POINT ( 'NONE', #314 ) ;
#5372 = VECTOR ( 'NONE', #3360, 39.37007874015748143 ) ;
#5373 = VECTOR ( 'NONE', #4236, 39.37007874015748143 ) ;
#5374 = ORIENTED_EDGE ( 'NONE', *, *, #3123, .F. ) ;
#5375 = DIRECTION ( 'NONE',  ( 1.000000000000000000, 0.0000000000000000000, 0.0000000000000000000 ) ) ;
#5376 = VECTOR ( 'NONE', #6931, 39.37007874015748854 ) ;
#5377 = FACE_OUTER_BOUND ( 'NONE', #1460, .T. ) ;
#5378 = CARTESIAN_POINT ( 'NONE',  ( 0.2133858267707999523, 0.3285433070852991633, -0.3118110236207990438 ) ) ;
#5379 = VERTEX_POINT ( 'NONE', #387 ) ;
#5380 = VECTOR ( 'NONE', #5621, 39.37007874015748143 ) ;
#5381 = DIRECTION ( 'NONE',  ( -1.000000000000000000, 0.0000000000000000000, 0.0000000000000000000 ) ) ;
#5382 = VERTEX_POINT ( 'NONE', #6790 ) ;
#5383 = CARTESIAN_POINT ( 'NONE',  ( 0.5797244094694997685, -0.04680900692053298340, 1.920615891346990239E-15 ) ) ;
#5384 = ORIENTED_EDGE ( 'NONE', *, *, #6271, .F. ) ;
#5385 = PRODUCT_CONTEXT ( 'NONE', #1015, 'mechanical' ) ;
#5386 = ORIENTED_EDGE ( 'NONE', *, *, #3233, .F. ) ;
#5387 = CARTESIAN_POINT ( 'NONE',  ( 0.3297244094704998019, 0.3104330708648994630, 0.1610236220466032264 ) ) ;
#5388 = VERTEX_POINT ( 'NONE', #5156 ) ;
#5389 = CARTESIAN_POINT ( 'NONE',  ( 0.0000000000000000000, -0.3582677165339997472, -0.2921259842507990534 ) ) ;
#5390 = LINE ( 'NONE', #4313, #5816 ) ;
#5391 = CARTESIAN_POINT ( 'NONE',  ( -0.6889763779520006182, -0.2518175308232986076, -0.008721132140004410338 ) ) ;
#5392 = CARTESIAN_POINT ( 'NONE',  ( 0.2125058949125353536, -0.3285433070852992188, -0.3204724409435995014 ) ) ;
#5393 = ADVANCED_FACE ( 'NONE', ( #3055 ), #3666, .T. ) ;
#5394 = LINE ( 'NONE', #5363, #889 ) ;
#5395 = EDGE_CURVE ( 'NONE', #5011, #321, #2504, .T. ) ;
#5396 = ORIENTED_EDGE ( 'NONE', *, *, #2350, .T. ) ;
#5397 = PRODUCT_RELATED_PRODUCT_CATEGORY ( 'part', '', ( #4562 ) ) ;
#5398 = ORIENTED_EDGE ( 'NONE', *, *, #4126, .F. ) ;
#5399 = CARTESIAN_POINT ( 'NONE',  ( 0.1015748031491998660, 0.3285433070852992188, -0.3118110236207991548 ) ) ;
#5400 = CARTESIAN_POINT ( 'NONE',  ( 0.3050503682123243410, -0.1520443535686967773, 0.3965339190161775718 ) ) ;
#5401 = CARTESIAN_POINT ( 'NONE',  ( 0.2133858267707999523, 0.3285433070852992188, -0.3118110236207991548 ) ) ;
#5402 = FACE_OUTER_BOUND ( 'NONE', #1924, .T. ) ;
#5403 = EDGE_CURVE ( 'NONE', #3525, #4014, #5567, .T. ) ;
#5404 = ORIENTED_EDGE ( 'NONE', *, *, #3916, .F. ) ;
#5405 = ADVANCED_FACE ( 'NONE', ( #3630 ), #3020, .T. ) ;
#5406 = EDGE_LOOP ( 'NONE', ( #6124, #2253, #2209, #1338 ) ) ;
#5407 = VERTEX_POINT ( 'NONE', #4083 ) ;
#5408 = VECTOR ( 'NONE', #2400, 39.37007874015748143 ) ;
#5409 = AXIS2_PLACEMENT_3D ( 'NONE', #1061, #469, #5812 ) ;
#5410 = DIRECTION ( 'NONE',  ( -6.123031769111885058E-17, -1.000000000000000000, 0.0000000000000000000 ) ) ;
#5411 = LINE ( 'NONE', #1090, #3250 ) ;
#5412 = LINE ( 'NONE', #4364, #5718 ) ;
#5413 = CARTESIAN_POINT ( 'NONE',  ( 0.0000000000000000000, 0.3285433070852992188, -0.3118110236207991548 ) ) ;
#5414 = EDGE_CURVE ( 'NONE', #6973, #6526, #5268, .T. ) ;
#5415 = EDGE_CURVE ( 'NONE', #5946, #4190, #5735, .T. ) ;
#5416 = ADVANCED_FACE ( 'NONE', ( #2534 ), #3591, .T. ) ;
#5417 = CIRCLE ( 'NONE', #441, 0.1874999999992503497 ) ;
#5418 = ORIENTED_EDGE ( 'NONE', *, *, #382, .T. ) ;
#5419 = EDGE_LOOP ( 'NONE', ( #6938, #2192, #4936, #3346 ) ) ;
#5420 = CIRCLE ( 'NONE', #3592, 0.007874015748000031539 ) ;
#5421 = CARTESIAN_POINT ( 'NONE',  ( 0.1259842519680001161, 0.3285433070852992188, -0.3204724409435995014 ) ) ;
#5422 = CIRCLE ( 'NONE', #1012, 0.04999999999980000998 ) ;
#5423 = VECTOR ( 'NONE', #4778, 39.37007874015748143 ) ;
#5424 = ORIENTED_EDGE ( 'NONE', *, *, #539, .F. ) ;
#5425 = CARTESIAN_POINT ( 'NONE',  ( -0.6062992125980004587, 0.0000000000000000000, 0.0000000000000000000 ) ) ;
#5426 = ORIENTED_EDGE ( 'NONE', *, *, #122, .F. ) ;
#5427 = LINE ( 'NONE', #1034, #1 ) ;
#5428 = DIRECTION ( 'NONE',  ( 0.0000000000000000000, -6.123031769111886291E-17, -1.000000000000000000 ) ) ;
#5429 = FACE_OUTER_BOUND ( 'NONE', #2807, .T. ) ;
#5430 = AXIS2_PLACEMENT_3D ( 'NONE', #3149, #4739, #6944 ) ;
#5431 = CARTESIAN_POINT ( 'NONE',  ( 0.2133858267707999523, -0.3285433070852991633, -0.09999999999959907626 ) ) ;
#5432 = ORIENTED_EDGE ( 'NONE', *, *, #4863, .T. ) ;
#5433 = EDGE_LOOP ( 'NONE', ( #583, #1701, #5602, #5842, #5534 ) ) ;
#5434 = CARTESIAN_POINT ( 'NONE',  ( 0.4311023622029998559, 0.3285433070852992188, -0.4543307086595991251 ) ) ;
#5435 = B_SPLINE_CURVE_WITH_KNOTS ( 'NONE', 3,
 ( #3724, #2708, #4820, #5438, #4249, #4859, #23, #2174, #1048, #587, #4320, #5903, #4181, #3156, #5968, #3193, #1116, #6421, #2070, #1582, #4212, #5368 ),
 .UNSPECIFIED., .F., .F.,
 ( 4, 2, 2, 2, 2, 2, 2, 2, 2, 2, 4 ),
 ( 0.008838423961552911712, 0.009902155410760940177, 0.01096588685996896864, 0.01149775258457298201, 0.01202961830917699537, 0.01309334975838502210, 0.01415708120759304883, 0.01468894693219706220, 0.01522081265680107556, 0.01628454410600909535, 0.01734827555521711862 ),
 .UNSPECIFIED. ) ;
#5436 = EDGE_CURVE ( 'NONE', #74, #6726, #462, .T. ) ;
#5437 = DIRECTION ( 'NONE',  ( -0.0000000000000000000, -1.000000000000000000, -0.0000000000000000000 ) ) ;
#5438 = CARTESIAN_POINT ( 'NONE',  ( -0.7387937305823460976, 0.2100543973504385431, 0.06177993730064046396 ) ) ;
#5439 = DIRECTION ( 'NONE',  ( 0.03489949670262987996, 0.0000000000000000000, -0.9993908270190912102 ) ) ;
#5440 = LINE ( 'NONE', #4214, #5862 ) ;
#5441 = AXIS2_PLACEMENT_3D ( 'NONE', #3381, #5558, #2843 ) ;
#5442 = LINE ( 'NONE', #2270, #5576 ) ;
#5443 = VERTEX_POINT ( 'NONE', #2981 ) ;
#5444 = ADVANCED_FACE ( 'NONE', ( #5774 ), #4652, .F. ) ;
#5445 = CARTESIAN_POINT ( 'NONE',  ( -0.1181102362200006084, 0.0000000000000000000, 0.0000000000000000000 ) ) ;
#5446 = EDGE_CURVE ( 'NONE', #140, #2812, #4153, .T. ) ;
#5447 = DIRECTION ( 'NONE',  ( 0.0000000000000000000, -1.000000000000000000, 6.123031769111886291E-17 ) ) ;
#5448 = CARTESIAN_POINT ( 'NONE',  ( 0.5797244094694997685, -0.2431879680263148991, 0.1963789611057866480 ) ) ;
#5449 = CARTESIAN_POINT ( 'NONE',  ( 0.2352362204714992244, -0.3104330708648994075, 1.573132787227468748E-15 ) ) ;
#5450 =( REPRESENTATION_RELATIONSHIP ('NONE','NONE', #1738, #2458 ) REPRESENTATION_RELATIONSHIP_WITH_TRANSFORMATION ( #2322 )SHAPE_REPRESENTATION_RELATIONSHIP( ) );
#5451 = ORIENTED_EDGE ( 'NONE', *, *, #2352, .T. ) ;
#5452 = EDGE_LOOP ( 'NONE', ( #4801, #6344, #298, #6516, #3740 ) ) ;
#5453 = EDGE_CURVE ( 'NONE', #3068, #4894, #5458, .T. ) ;
#5454 = EDGE_CURVE ( 'NONE', #5343, #3727, #3521, .T. ) ;
#5455 = CARTESIAN_POINT ( 'NONE',  ( 0.7352362204694999903, -0.3285433070852992188, 0.1610236220466032264 ) ) ;
#5456 = ORIENTED_EDGE ( 'NONE', *, *, #3317, .T. ) ;
#5457 = ORIENTED_EDGE ( 'NONE', *, *, #4136, .T. ) ;
#5458 = CIRCLE ( 'NONE', #4989, 0.03188976377939998358 ) ;
#5459 = CARTESIAN_POINT ( 'NONE',  ( -0.6889763779520006182, 0.1254757207119645279, -0.2185039370069996600 ) ) ;
#5460 = VERTEX_POINT ( 'NONE', #5305 ) ;
#5461 = VECTOR ( 'NONE', #5040, 39.37007874015748143 ) ;
#5462 = CARTESIAN_POINT ( 'NONE',  ( 0.1338582677159996237, 0.3285433070852992188, -0.3283464566915989535 ) ) ;
#5463 = CYLINDRICAL_SURFACE ( 'NONE', #2120, 0.1556775442178812696 ) ;
#5464 = EDGE_LOOP ( 'NONE', ( #637, #1185, #1655, #1886 ) ) ;
#5465 = CARTESIAN_POINT ( 'NONE',  ( 0.7352362204694999903, -0.04680900692053289319, 1.818171591584580393E-15 ) ) ;
#5466 = VECTOR ( 'NONE', #5824, 39.37007874015748143 ) ;
#5467 = CYLINDRICAL_SURFACE ( 'NONE', #1521, 0.01968503937000001119 ) ;
#5468 = CARTESIAN_POINT ( 'NONE',  ( 0.3474541065298666354, -0.3104330708652991433, -0.3118110983511730439 ) ) ;
#5469 = CARTESIAN_POINT ( 'NONE',  ( 0.0000000000000000000, -0.3285433070852992188, -0.3118110236207991548 ) ) ;
#5470 = CARTESIAN_POINT ( 'NONE',  ( 0.2564154879621787231, 0.2722930320583651920, 0.2964566929122001149 ) ) ;
#5471 = ORIENTED_EDGE ( 'NONE', *, *, #1728, .T. ) ;
#5472 = CARTESIAN_POINT ( 'NONE',  ( -0.6889763779520006182, 0.0000000000000000000, 0.0000000000000000000 ) ) ;
#5473 = ORIENTED_EDGE ( 'NONE', *, *, #1747, .F. ) ;
#5474 = DIRECTION ( 'NONE',  ( -0.0000000000000000000, 1.000000000000000000, 0.0000000000000000000 ) ) ;
#5475 = VECTOR ( 'NONE', #1800, 39.37007874015748143 ) ;
#5476 = DIRECTION ( 'NONE',  ( 0.0000000000000000000, 0.0000000000000000000, 1.000000000000000000 ) ) ;
#5477 = CARTESIAN_POINT ( 'NONE',  ( -8.881784197001252323E-16, 0.3385826771639992572, -0.3118110236207992103 ) ) ;
#5478 = EDGE_CURVE ( 'NONE', #608, #165, #820, .T. ) ;
#5479 = EDGE_CURVE ( 'NONE', #1394, #957, #6900, .T. ) ;
#5480 = ORIENTED_EDGE ( 'NONE', *, *, #4808, .F. ) ;
#5481 = VECTOR ( 'NONE', #4298, 39.37007874015748143 ) ;
#5482 = ORIENTED_EDGE ( 'NONE', *, *, #2405, .T. ) ;
#5483 = AXIS2_PLACEMENT_3D ( 'NONE', #3179, #6375, #6942 ) ;
#5484 = LINE ( 'NONE', #2684, #2786 ) ;
#5485 = EDGE_LOOP ( 'NONE', ( #193, #1166 ) ) ;
#5486 = ORIENTED_EDGE ( 'NONE', *, *, #1421, .F. ) ;
#5487 = EDGE_CURVE ( 'NONE', #4129, #3419, #1409, .T. ) ;
#5488 = EDGE_LOOP ( 'NONE', ( #1418, #6416, #6342, #4976, #5053 ) ) ;
#5489 = CARTESIAN_POINT ( 'NONE',  ( 0.6015748031471988000, 0.3285433070852991633, -0.3118110485309237290 ) ) ;
#5490 = DIMENSIONAL_EXPONENTS ( 1.000000000000000000, 0.0000000000000000000, 0.0000000000000000000, 0.0000000000000000000, 0.0000000000000000000, 0.0000000000000000000, 0.0000000000000000000 ) ;
#5491 = ORIENTED_EDGE ( 'NONE', *, *, #5091, .F. ) ;
#5492 = DIRECTION ( 'NONE',  ( 1.000000000000000000, -6.123031769111886291E-17, 3.749151804555343599E-33 ) ) ;
#5493 = DIRECTION ( 'NONE',  ( 1.000000000000000000, 1.081960287309828340E-72, -3.580479360669075243E-29 ) ) ;
#5494 = CARTESIAN_POINT ( 'NONE',  ( 0.07972440947149993240, 0.3285433070852991633, 1.739616020537937644E-15 ) ) ;
#5495 = CARTESIAN_POINT ( 'NONE',  ( 0.3297244094704998019, -0.2785433070854992366, 0.1610236220466032264 ) ) ;
#5496 = ORIENTED_EDGE ( 'NONE', *, *, #1342, .T. ) ;
#5497 = ORIENTED_EDGE ( 'NONE', *, *, #1594, .T. ) ;
#5498 = DIRECTION ( 'NONE',  ( 0.0000000000000000000, 6.123031769111886291E-17, 1.000000000000000000 ) ) ;
#5499 = LINE ( 'NONE', #518, #4883 ) ;
#5500 = CARTESIAN_POINT ( 'NONE',  ( -0.6929133858260003720, -0.1254757207119671092, -0.2185039370069998821 ) ) ;
#5501 = DIRECTION ( 'NONE',  ( 6.123031769111886291E-17, -1.000000000000000000, 0.0000000000000000000 ) ) ;
#5502 = FACE_OUTER_BOUND ( 'NONE', #5656, .T. ) ;
#5503 = AXIS2_PLACEMENT_3D ( 'NONE', #1054, #3699, #35 ) ;
#5504 = DIRECTION ( 'NONE',  ( -1.000000000000000000, -6.123031769111886291E-17, 3.749151804555343599E-33 ) ) ;
#5505 = ORIENTED_EDGE ( 'NONE', *, *, #4589, .F. ) ;
#5506 = FACE_OUTER_BOUND ( 'NONE', #4661, .T. ) ;
#5507 = FACE_OUTER_BOUND ( 'NONE', #649, .T. ) ;
#5508 = CARTESIAN_POINT ( 'NONE',  ( 0.6574803293988269459, -0.3104330708652991433, -0.3204724409435995014 ) ) ;
#5509 = CIRCLE ( 'NONE', #2003, 0.02362204724400002870 ) ;
#5510 = DIRECTION ( 'NONE',  ( -0.0000000000000000000, 0.7071067811865443531, -0.7071067811865507924 ) ) ;
#5511 = DIRECTION ( 'NONE',  ( -0.0000000000000000000, -0.7071067811865474617, 0.7071067811865474617 ) ) ;
#5512 = ORIENTED_EDGE ( 'NONE', *, *, #4944, .F. ) ;
#5513 = VECTOR ( 'NONE', #6775, 39.37007874015748143 ) ;
#5514 = EDGE_LOOP ( 'NONE', ( #4332, #1960, #690, #848 ) ) ;
#5515 = EDGE_CURVE ( 'NONE', #111, #5907, #3862, .T. ) ;
#5516 = EDGE_CURVE ( 'NONE', #4228, #2090, #659, .T. ) ;
#5517 = CARTESIAN_POINT ( 'NONE',  ( -0.6929133858260003720, 1.404634042604551696E-18, -8.600618866843730608E-35 ) ) ;
#5518 = AXIS2_PLACEMENT_3D ( 'NONE', #4650, #276, #6255 ) ;
#5519 = AXIS2_PLACEMENT_3D ( 'NONE', #4696, #2647, #2023 ) ;
#5520 = VERTEX_POINT ( 'NONE', #4501 ) ;
#5521 = ORIENTED_EDGE ( 'NONE', *, *, #2571, .T. ) ;
#5522 = ORIENTED_EDGE ( 'NONE', *, *, #6220, .F. ) ;
#5523 = LINE ( 'NONE', #4912, #5941 ) ;
#5524 = VERTEX_POINT ( 'NONE', #5544 ) ;
#5525 = AXIS2_PLACEMENT_3D ( 'NONE', #4506, #2906, #3334 ) ;
#5526 = VECTOR ( 'NONE', #5784, 39.37007874015748143 ) ;
#5527 = ADVANCED_FACE ( 'NONE', ( #3366 ), #94, .T. ) ;
#5528 = CARTESIAN_POINT ( 'NONE',  ( 0.07972440947149993240, -0.04680900692053298340, 1.920615891346990239E-15 ) ) ;
#5529 = LINE ( 'NONE', #253, #1771 ) ;
#5530 = CARTESIAN_POINT ( 'NONE',  ( 0.1338582677159998735, 0.3285433070852992188, -0.3283464566915989535 ) ) ;
#5531 = DIRECTION ( 'NONE',  ( 0.0000000000000000000, 0.0000000000000000000, -1.000000000000000000 ) ) ;
#5532 = ORIENTED_EDGE ( 'NONE', *, *, #212, .T. ) ;
#5533 = VECTOR ( 'NONE', #986, 39.37007874015748143 ) ;
#5534 = ORIENTED_EDGE ( 'NONE', *, *, #5570, .F. ) ;
#5535 = FACE_OUTER_BOUND ( 'NONE', #5881, .T. ) ;
#5536 = VECTOR ( 'NONE', #279, 39.37007874015748143 ) ;
#5537 = EDGE_CURVE ( 'NONE', #3885, #1758, #1188, .T. ) ;
#5538 = EDGE_CURVE ( 'NONE', #3173, #1434, #4087, .T. ) ;
#5539 = PLANE ( 'NONE',  #1970 ) ;
#5540 = CARTESIAN_POINT ( 'NONE',  ( -0.6929133858260003720, 2.603579809200494519E-17, 0.2125984251960000293 ) ) ;
#5541 = PLANE ( 'NONE',  #3451 ) ;
#5542 = FACE_OUTER_BOUND ( 'NONE', #6071, .T. ) ;
#5543 = VERTEX_POINT ( 'NONE', #2797 ) ;
#5544 = CARTESIAN_POINT ( 'NONE',  ( 0.4633858267697998912, -0.3582677165339995806, -0.2921259842507990534 ) ) ;
#5545 = VERTEX_POINT ( 'NONE', #4397 ) ;
#5546 = DIRECTION ( 'NONE',  ( -1.000000000000000000, -6.123031769111886291E-17, 3.749151804555343599E-33 ) ) ;
#5547 = LINE ( 'NONE', #6043, #218 ) ;
#5548 = PLANE ( 'NONE',  #6362 ) ;
#5549 = CIRCLE ( 'NONE', #5779, 0.02362204724400002870 ) ;
#5550 = LINE ( 'NONE', #1864, #667 ) ;
#5551 = LINE ( 'NONE', #4869, #5939 ) ;
#5552 = DIRECTION ( 'NONE',  ( -1.000000000000000000, -3.749151804555343599E-33, 2.295617560651552647E-49 ) ) ;
#5553 = EDGE_CURVE ( 'NONE', #5227, #1980, #4429, .T. ) ;
#5554 = ORIENTED_EDGE ( 'NONE', *, *, #823, .T. ) ;
#5555 = ORIENTED_EDGE ( 'NONE', *, *, #6300, .F. ) ;
#5556 = DIRECTION ( 'NONE',  ( -1.000000000000000000, -6.123031769111886291E-17, 3.749151804555343599E-33 ) ) ;
#5557 = LINE ( 'NONE', #2129, #5475 ) ;
#5558 = DIRECTION ( 'NONE',  ( 0.8660254038140342558, -3.061515884242069566E-17, -0.4999999999487388935 ) ) ;
#5559 = EDGE_LOOP ( 'NONE', ( #1471, #4255, #3564, #3472 ) ) ;
#5560 = ORIENTED_EDGE ( 'NONE', *, *, #3336, .T. ) ;
#5561 = ADVANCED_FACE ( 'NONE', ( #1785 ), #2342, .F. ) ;
#5562 = EDGE_CURVE ( 'NONE', #2506, #2726, #5442, .T. ) ;
#5563 = CARTESIAN_POINT ( 'NONE',  ( 0.6889763779499995522, 0.3285433070852992188, -0.3204724409435995014 ) ) ;
#5564 = ORIENTED_EDGE ( 'NONE', *, *, #251, .F. ) ;
#5565 = CARTESIAN_POINT ( 'NONE',  ( -0.7387937305823460976, -0.2145949631802916424, 0.04287751464457982553 ) ) ;
#5566 = DIRECTION ( 'NONE',  ( 1.000000000000000000, 6.123031769111886291E-17, -3.749151804555343599E-33 ) ) ;
#5567 = CIRCLE ( 'NONE', #1499, 0.2964566929122000039 ) ;
#5568 = DIRECTION ( 'NONE',  ( 0.0000000000000000000, 0.0000000000000000000, -1.000000000000000000 ) ) ;
#5569 = ORIENTED_EDGE ( 'NONE', *, *, #5027, .T. ) ;
#5570 = EDGE_CURVE ( 'NONE', #2545, #4855, #1654, .T. ) ;
#5571 = EDGE_CURVE ( 'NONE', #4385, #4231, #3755, .T. ) ;
#5572 = ORIENTED_EDGE ( 'NONE', *, *, #3752, .F. ) ;
#5573 = EDGE_CURVE ( 'NONE', #3165, #4058, #4929, .T. ) ;
#5574 = FACE_BOUND ( 'NONE', #3689, .T. ) ;
#5575 = VECTOR ( 'NONE', #2069, 39.37007874015748143 ) ;
#5576 = VECTOR ( 'NONE', #626, 39.37007874015748143 ) ;
#5577 = CARTESIAN_POINT ( 'NONE',  ( 0.1889763779519997300, -0.3285433070852992188, -0.3204724409435995014 ) ) ;
#5578 = DIRECTION ( 'NONE',  ( -1.000000000000000000, 0.0000000000000000000, 0.0000000000000000000 ) ) ;
#5579 = DIRECTION ( 'NONE',  ( -6.123031769111886291E-17, -1.000000000000000000, 0.0000000000000000000 ) ) ;
#5580 = CARTESIAN_POINT ( 'NONE',  ( 0.6338582677139995569, -0.3104330708652991433, -0.4543307086595991251 ) ) ;
#5581 = ORIENTED_EDGE ( 'NONE', *, *, #5537, .T. ) ;
#5582 = CIRCLE ( 'NONE', #41, 0.6251968503911999875 ) ;
#5583 = ORIENTED_EDGE ( 'NONE', *, *, #822, .F. ) ;
#5584 = EDGE_CURVE ( 'NONE', #2680, #5977, #6560, .T. ) ;
#5585 = DIRECTION ( 'NONE',  ( 6.123031769111886291E-17, -1.000000000000000000, 6.123031769111886291E-17 ) ) ;
#5586 = ORIENTED_EDGE ( 'NONE', *, *, #4138, .F. ) ;
#5587 = DIRECTION ( 'NONE',  ( 1.000000000000000000, 6.123031769111886291E-17, -3.749151804555343599E-33 ) ) ;
#5588 = DIRECTION ( 'NONE',  ( 0.0000000000000000000, -1.000000000000000000, 6.123031769111886291E-17 ) ) ;
#5589 = LINE ( 'NONE', #5508, #329 ) ;
#5590 = DIRECTION ( 'NONE',  ( 0.0000000000000000000, 0.0000000000000000000, 1.000000000000000000 ) ) ;
#5591 = DIRECTION ( 'NONE',  ( 0.0000000000000000000, 1.000000000000000000, -6.123031769111886291E-17 ) ) ;
#5592 = ADVANCED_FACE ( 'NONE', ( #4997 ), #154, .F. ) ;
#5593 = ORIENTED_EDGE ( 'NONE', *, *, #1195, .F. ) ;
#5594 = VERTEX_POINT ( 'NONE', #3794 ) ;
#5595 = DIRECTION ( 'NONE',  ( 0.0000000000000000000, 0.0000000000000000000, 1.000000000000000000 ) ) ;
#5596 = CARTESIAN_POINT ( 'NONE',  ( 1.205321214387282037E-18, -0.3582677165339993031, -0.2921259842507990534 ) ) ;
#5597 = CARTESIAN_POINT ( 'NONE',  ( -0.7653543307074652802, 1.545272831058120945E-17, -0.1261811023500000184 ) ) ;
#5598 = AXIS2_PLACEMENT_3D ( 'NONE', #3253, #6412, #2729 ) ;
#5599 = VERTEX_POINT ( 'NONE', #3268 ) ;
#5600 = VECTOR ( 'NONE', #2203, 39.37007874015748143 ) ;
#5601 = DIRECTION ( 'NONE',  ( -6.123031769111886291E-17, -1.000000000000000000, 0.0000000000000000000 ) ) ;
#5602 = ORIENTED_EDGE ( 'NONE', *, *, #5119, .F. ) ;
#5603 = CARTESIAN_POINT ( 'NONE',  ( -0.7387937305823457645, -0.1161541032677268770, -0.1854632128814436565 ) ) ;
#5604 = VECTOR ( 'NONE', #989, 39.37007874015748143 ) ;
#5605 = VECTOR ( 'NONE', #2255, 39.37007874015748143 ) ;
#5606 = CARTESIAN_POINT ( 'NONE',  ( 0.7125058949105342876, -0.3104330708652991433, -0.3204724409435995014 ) ) ;
#5607 = DIRECTION ( 'NONE',  ( 0.0000000000000000000, 1.000000000000000000, 0.0000000000000000000 ) ) ;
#5608 = VERTEX_POINT ( 'NONE', #2864 ) ;
#5609 = CIRCLE ( 'NONE', #3887, 0.1556775442178812696 ) ;
#5610 = DIRECTION ( 'NONE',  ( 1.000000000000000000, 0.0000000000000000000, 0.0000000000000000000 ) ) ;
#5611 = EDGE_CURVE ( 'NONE', #1816, #4837, #1961, .T. ) ;
#5612 = DIRECTION ( 'NONE',  ( -6.123031769111886291E-17, -1.000000000000000000, 0.0000000000000000000 ) ) ;
#5613 = EDGE_CURVE ( 'NONE', #2726, #671, #2935, .T. ) ;
#5614 = LINE ( 'NONE', #684, #5075 ) ;
#5615 = EDGE_CURVE ( 'NONE', #4894, #6537, #232, .T. ) ;
#5616 = CARTESIAN_POINT ( 'NONE',  ( 0.4633858267697990030, 0.3385826771639992572, -0.3118110236207992103 ) ) ;
#5617 = DIRECTION ( 'NONE',  ( 0.0000000000000000000, 1.000000000000000000, 0.0000000000000000000 ) ) ;
#5618 = VERTEX_POINT ( 'NONE', #871 ) ;
#5619 = ORIENTED_EDGE ( 'NONE', *, *, #3870, .T. ) ;
#5620 = CARTESIAN_POINT ( 'NONE',  ( 0.3759842519670000272, 0.3285433070852992188, -0.3204724409435992794 ) ) ;
#5621 = DIRECTION ( 'NONE',  ( 1.000000000000000000, 0.0000000000000000000, 0.0000000000000000000 ) ) ;
#5622 = CARTESIAN_POINT ( 'NONE',  ( 0.1811023622040002223, -0.3104330708652991433, -0.4543307086595991251 ) ) ;
#5623 = CARTESIAN_POINT ( 'NONE',  ( 0.3838582677149996458, -0.3285433070852992188, -0.4543307086595991251 ) ) ;
#5624 = CARTESIAN_POINT ( 'NONE',  ( 0.2352362204714993354, -0.07242074860119984692, 2.669296277896500903E-15 ) ) ;
#5625 = EDGE_CURVE ( 'NONE', #781, #1758, #492, .T. ) ;
#5626 = CARTESIAN_POINT ( 'NONE',  ( 0.6259842519659999382, 0.3285433070852992188, -0.3283464566915989535 ) ) ;
#5627 = CARTESIAN_POINT ( 'NONE',  ( 0.2175065665347348798, -0.3285433070852991633, -0.3118110236207990438 ) ) ;
#5628 = ORIENTED_EDGE ( 'NONE', *, *, #5004, .F. ) ;
#5629 = ORIENTED_EDGE ( 'NONE', *, *, #1248, .T. ) ;
#5630 = EDGE_CURVE ( 'NONE', #3031, #342, #3577, .T. ) ;
#5631 = LINE ( 'NONE', #2945, #6157 ) ;
#5632 = EDGE_CURVE ( 'NONE', #5788, #3861, #5582, .T. ) ;
#5633 = PLANE ( 'NONE',  #5318 ) ;
#5634 = VERTEX_POINT ( 'NONE', #832 ) ;
#5635 = VERTEX_POINT ( 'NONE', #2968 ) ;
#5636 = VECTOR ( 'NONE', #5591, 39.37007874015748143 ) ;
#5637 = VERTEX_POINT ( 'NONE', #5620 ) ;
#5638 = DIRECTION ( 'NONE',  ( 0.0000000000000000000, -1.000000000000000000, 6.123031769111886291E-17 ) ) ;
#5639 = EDGE_LOOP ( 'NONE', ( #6037, #102, #3586, #2564, #1952, #6252, #2115, #4330, #5159, #4294, #286, #2419, #2754, #1120 ) ) ;
#5640 = AXIS2_PLACEMENT_3D ( 'NONE', #2586, #1497, #5077 ) ;
#5641 = DIRECTION ( 'NONE',  ( 1.000000000000000000, 3.749151804555343599E-33, -2.295617560651552647E-49 ) ) ;
#5642 = VECTOR ( 'NONE', #2958, 39.37007874015748143 ) ;
#5643 = DIRECTION ( 'NONE',  ( 0.0000000000000000000, 1.000000000000000000, 0.0000000000000000000 ) ) ;
#5644 = CARTESIAN_POINT ( 'NONE',  ( 0.1811023622040002223, -0.3285433070852992188, -0.4543307086595991251 ) ) ;
#5645 = DIRECTION ( 'NONE',  ( -0.0000000000000000000, 1.000000000000000000, -6.123031769111886291E-17 ) ) ;
#5646 = VERTEX_POINT ( 'NONE', #1293 ) ;
#5647 = CIRCLE ( 'NONE', #3131, 0.01968503937000001119 ) ;
#5648 = ORIENTED_EDGE ( 'NONE', *, *, #6661, .F. ) ;
#5649 = PLANE ( 'NONE',  #4218 ) ;
#5650 = DIRECTION ( 'NONE',  ( 0.0000000000000000000, -1.000000000000000000, -0.0000000000000000000 ) ) ;
#5651 = CARTESIAN_POINT ( 'NONE',  ( 0.3297244094704998019, -0.07242074860119963875, 1.748586742467691882E-15 ) ) ;
#5652 = CIRCLE ( 'NONE', #3362, 0.007874015748000031539 ) ;
#5653 = CARTESIAN_POINT ( 'NONE',  ( 0.1811023622040000003, -0.3104330708652991433, -0.3283464566915989535 ) ) ;
#5654 = CARTESIAN_POINT ( 'NONE',  ( 0.2352362204714992522, -0.2273686271854815366, 2.663551793822656786E-15 ) ) ;
#5655 = ORIENTED_EDGE ( 'NONE', *, *, #6270, .F. ) ;
#5656 = EDGE_LOOP ( 'NONE', ( #3232, #4120, #2649, #3736, #985 ) ) ;
#5657 = ADVANCED_FACE ( 'NONE', ( #4566 ), #6742, .F. ) ;
#5658 = AXIS2_PLACEMENT_3D ( 'NONE', #1083, #1543, #5292 ) ;
#5659 = FACE_OUTER_BOUND ( 'NONE', #4398, .T. ) ;
#5660 = DIRECTION ( 'NONE',  ( -1.000000000000000000, 6.123031769112244976E-17, -3.618313425552716893E-31 ) ) ;
#5661 = CARTESIAN_POINT ( 'NONE',  ( 0.3838582677149995348, 0.3104330708652991433, -0.3720363413119387452 ) ) ;
#5662 = CARTESIAN_POINT ( 'NONE',  ( -0.4452755905481711740, 0.0000000000000000000, 0.1874999999965732966 ) ) ;
#5663 = CARTESIAN_POINT ( 'NONE',  ( 0.3515748031481997771, 0.3385826771639992572, -0.2921259842507990534 ) ) ;
#5664 = AXIS2_PLACEMENT_3D ( 'NONE', #5285, #5895, #2062 ) ;
#5665 = EDGE_CURVE ( 'NONE', #4855, #2885, #299, .T. ) ;
#5666 = ORIENTED_EDGE ( 'NONE', *, *, #2161, .F. ) ;
#5667 = DIRECTION ( 'NONE',  ( 4.329637285359677707E-17, -0.7071067811865475727, -0.7071067811865475727 ) ) ;
#5668 = LINE ( 'NONE', #3452, #959 ) ;
#5669 = DIRECTION ( 'NONE',  ( 0.0000000000000000000, 0.0000000000000000000, -1.000000000000000000 ) ) ;
#5670 = ORIENTED_EDGE ( 'NONE', *, *, #4873, .T. ) ;
#5671 = ORIENTED_EDGE ( 'NONE', *, *, #611, .T. ) ;
#5672 = EDGE_CURVE ( 'NONE', #308, #6111, #4542, .T. ) ;
#5673 = EDGE_LOOP ( 'NONE', ( #5086, #3631 ) ) ;
#5674 = EDGE_CURVE ( 'NONE', #3672, #6373, #6280, .T. ) ;
#5675 = DIRECTION ( 'NONE',  ( 1.000000000000000000, 0.0000000000000000000, 0.0000000000000000000 ) ) ;
#5676 = ORIENTED_EDGE ( 'NONE', *, *, #4125, .T. ) ;
#5677 = CARTESIAN_POINT ( 'NONE',  ( -0.7387937305823458756, -0.2046328440316439179, 0.07753864897702904269 ) ) ;
#5678 = CARTESIAN_POINT ( 'NONE',  ( 0.3297244094704998019, 0.3285433070852992188, 0.1610236220466032264 ) ) ;
#5679 =( NAMED_UNIT ( * ) SI_UNIT ( $, .STERADIAN. ) SOLID_ANGLE_UNIT ( ) );
#5680 = MECHANICAL_DESIGN_GEOMETRIC_PRESENTATION_REPRESENTATION (  '', ( #1610 ), #2610 ) ;
#5681 = ORIENTED_EDGE ( 'NONE', *, *, #6137, .F. ) ;
#5682 = DIRECTION ( 'NONE',  ( 0.0000000000000000000, 0.0000000000000000000, 1.000000000000000000 ) ) ;
#5683 = VECTOR ( 'NONE', #6985, 39.37007874015748143 ) ;
#5684 = DIRECTION ( 'NONE',  ( -6.123031769111886291E-17, -1.000000000000000000, 0.0000000000000000000 ) ) ;
#5685 = CARTESIAN_POINT ( 'NONE',  ( -0.7380991001161983922, -0.1075827154390074369, -0.1923102583018853340 ) ) ;
#5686 = DIRECTION ( 'NONE',  ( 1.000000000000000000, -6.123031769111886291E-17, 3.749151804555343599E-33 ) ) ;
#5687 = VERTEX_POINT ( 'NONE', #1395 ) ;
#5688 = ORIENTED_EDGE ( 'NONE', *, *, #5899, .T. ) ;
#5689 = CARTESIAN_POINT ( 'NONE',  ( -0.6929133858260003720, 0.2518175308233051024, 0.008721132139857265889 ) ) ;
#5690 = AXIS2_PLACEMENT_3D ( 'NONE', #954, #6822, #885 ) ;
#5691 = CARTESIAN_POINT ( 'NONE',  ( 0.07972440947149993240, -0.3285433070852991633, 1.575011241300965445E-15 ) ) ;
#5692 = CARTESIAN_POINT ( 'NONE',  ( 0.1015748031491998660, -0.3285433070852991633, -0.09999999999959906238 ) ) ;
#5693 = DIRECTION ( 'NONE',  ( -0.0000000000000000000, -6.123031769111886291E-17, -1.000000000000000000 ) ) ;
#5694 = PLANE ( 'NONE',  #433 ) ;
#5695 = ORIENTED_EDGE ( 'NONE', *, *, #2406, .T. ) ;
#5696 = CARTESIAN_POINT ( 'NONE',  ( 0.4852362204704991910, -0.2785433070854992366, 0.1610236220466032264 ) ) ;
#5697 = DIRECTION ( 'NONE',  ( 1.000000000000000000, 0.0000000000000000000, -0.0000000000000000000 ) ) ;
#5698 = DIRECTION ( 'NONE',  ( -0.0000000000000000000, -6.123031769111886291E-17, -1.000000000000000000 ) ) ;
#5699 = EDGE_CURVE ( 'NONE', #701, #5618, #1329, .T. ) ;
#5700 = CARTESIAN_POINT ( 'NONE',  ( 0.1338582677159996237, 0.3285433070852992188, -0.4543307086595991251 ) ) ;
#5701 = EDGE_CURVE ( 'NONE', #5543, #2295, #2956, .T. ) ;
#5702 = EDGE_CURVE ( 'NONE', #574, #6694, #3005, .T. ) ;
#5703 = ORIENTED_EDGE ( 'NONE', *, *, #6529, .T. ) ;
#5704 = ORIENTED_EDGE ( 'NONE', *, *, #2496, .F. ) ;
#5705 = ORIENTED_EDGE ( 'NONE', *, *, #3386, .T. ) ;
#5706 = PLANE ( 'NONE',  #4678 ) ;
#5707 = ORIENTED_EDGE ( 'NONE', *, *, #5084, .T. ) ;
#5708 = DIRECTION ( 'NONE',  ( 0.0000000000000000000, 6.123031769111886291E-17, 1.000000000000000000 ) ) ;
#5709 = EDGE_CURVE ( 'NONE', #4446, #4058, #4436, .T. ) ;
#5710 = VECTOR ( 'NONE', #2336, 39.37007874015748143 ) ;
#5711 = EDGE_CURVE ( 'NONE', #2984, #3126, #1435, .T. ) ;
#5712 = ORIENTED_EDGE ( 'NONE', *, *, #5348, .F. ) ;
#5713 = VERTEX_POINT ( 'NONE', #1825 ) ;
#5714 = AXIS2_PLACEMENT_3D ( 'NONE', #6351, #3077, #4142 ) ;
#5715 = ORIENTED_EDGE ( 'NONE', *, *, #6904, .T. ) ;
#5716 = DIRECTION ( 'NONE',  ( 0.0000000000000000000, -1.000000000000000000, 0.0000000000000000000 ) ) ;
#5717 = ORIENTED_EDGE ( 'NONE', *, *, #3516, .F. ) ;
#5718 = VECTOR ( 'NONE', #2151, 39.37007874015748143 ) ;
#5719 = CIRCLE ( 'NONE', #2204, 0.1659448819000000075 ) ;
#5720 = DIRECTION ( 'NONE',  ( 1.000000000000000000, 0.0000000000000000000, 0.0000000000000000000 ) ) ;
#5721 = DIRECTION ( 'NONE',  ( 1.000000000000000000, 6.123031769111886291E-17, -3.749151804555343599E-33 ) ) ;
#5722 = VERTEX_POINT ( 'NONE', #6707 ) ;
#5723 = AXIS2_PLACEMENT_3D ( 'NONE', #6562, #5381, #6964 ) ;
#5724 = DIRECTION ( 'NONE',  ( 0.0000000000000000000, 0.0000000000000000000, -1.000000000000000000 ) ) ;
#5725 = LINE ( 'NONE', #4006, #1040 ) ;
#5726 = DIRECTION ( 'NONE',  ( -0.0000000000000000000, -1.000000000000000000, 6.123031769111886291E-17 ) ) ;
#5727 = CARTESIAN_POINT ( 'NONE',  ( -0.7653543307074652802, 0.0000000000000000000, 0.0000000000000000000 ) ) ;
#5728 = DIRECTION ( 'NONE',  ( -6.123031769111886291E-17, -1.000000000000000000, 0.0000000000000000000 ) ) ;
#5729 = DIRECTION ( 'NONE',  ( 0.0000000000000000000, -1.000000000000000000, 0.0000000000000000000 ) ) ;
#5730 = AXIS2_PLACEMENT_3D ( 'NONE', #1650, #3857, #2267 ) ;
#5731 = EDGE_LOOP ( 'NONE', ( #4552, #617, #3404, #1619 ) ) ;
#5732 = LINE ( 'NONE', #5194, #4722 ) ;
#5733 = CARTESIAN_POINT ( 'NONE',  ( 0.7352362204694999903, -0.2273686271854815366, 2.663551793822656786E-15 ) ) ;
#5734 = CIRCLE ( 'NONE', #6293, 0.007874015748000031539 ) ;
#5735 = LINE ( 'NONE', #2499, #3061 ) ;
#5736 = ORIENTED_EDGE ( 'NONE', *, *, #4138, .T. ) ;
#5737 = ORIENTED_EDGE ( 'NONE', *, *, #4570, .T. ) ;
#5738 = VERTEX_POINT ( 'NONE', #1857 ) ;
#5739 = LINE ( 'NONE', #994, #4910 ) ;
#5740 = EDGE_CURVE ( 'NONE', #5743, #4646, #6933, .T. ) ;
#5741 = ORIENTED_EDGE ( 'NONE', *, *, #287, .T. ) ;
#5742 = LINE ( 'NONE', #6795, #5059 ) ;
#5743 = VERTEX_POINT ( 'NONE', #5290 ) ;
#5744 = SURFACE_SIDE_STYLE ('',( #6199 ) ) ;
#5745 = EDGE_LOOP ( 'NONE', ( #2308, #1060, #6471, #923 ) ) ;
#5746 = ORIENTED_EDGE ( 'NONE', *, *, #4916, .F. ) ;
#5747 = CARTESIAN_POINT ( 'NONE',  ( -8.881784197001252323E-16, 0.3104330708652991433, -0.3118110236207992103 ) ) ;
#5748 = VERTEX_POINT ( 'NONE', #3683 ) ;
#5749 = ADVANCED_FACE ( 'NONE', ( #3225 ), #2035, .T. ) ;
#5750 = VECTOR ( 'NONE', #4124, 39.37007874015748854 ) ;
#5751 = VECTOR ( 'NONE', #6028, 39.37007874015748143 ) ;
#5752 = CARTESIAN_POINT ( 'NONE',  ( -0.8064403179666642663, 0.06409679092171241543, 0.07280732025719839628 ) ) ;
#5753 = CARTESIAN_POINT ( 'NONE',  ( -0.7696546060595131911, 0.1402015938372737913, -0.1029098837347450085 ) ) ;
#5754 = CARTESIAN_POINT ( 'NONE',  ( 0.0000000000000000000, -0.3285433070852992188, -0.3204724409435995014 ) ) ;
#5755 = CARTESIAN_POINT ( 'NONE',  ( 0.3297244094704998019, -0.3285433070852992188, 0.1610236220466032264 ) ) ;
#5756 = AXIS2_PLACEMENT_3D ( 'NONE', #5916, #2644, #6967 ) ;
#5757 = EDGE_LOOP ( 'NONE', ( #2690, #5404, #6097, #1380, #2473, #6902, #351, #2234, #5851 ) ) ;
#5758 = EDGE_CURVE ( 'NONE', #5054, #1058, #5365, .T. ) ;
#5759 = CARTESIAN_POINT ( 'NONE',  ( -0.6181102362200001643, 3.760726391067384773E-17, 0.3070866141720003384 ) ) ;
#5760 = EDGE_CURVE ( 'NONE', #4786, #4845, #5790, .T. ) ;
#5761 = EDGE_CURVE ( 'NONE', #224, #5713, #3650, .T. ) ;
#5762 = VECTOR ( 'NONE', #6889, 39.37007874015748143 ) ;
#5763 = VECTOR ( 'NONE', #3161, 39.37007874015748143 ) ;
#5764 = CARTESIAN_POINT ( 'NONE',  ( 0.5797244094694997685, 0.3104330708648994630, 0.1610236220466032264 ) ) ;
#5765 = DIRECTION ( 'NONE',  ( 1.000000000000000000, 0.0000000000000000000, 0.0000000000000000000 ) ) ;
#5766 = DIRECTION ( 'NONE',  ( -6.123031769111885058E-17, -1.000000000000000000, 0.0000000000000000000 ) ) ;
#5767 = AXIS2_PLACEMENT_3D ( 'NONE', #3653, #5865, #1014 ) ;
#5768 = AXIS2_PLACEMENT_3D ( 'NONE', #141, #2290, #5095 ) ;
#5769 = ORIENTED_EDGE ( 'NONE', *, *, #3904, .T. ) ;
#5770 = EDGE_LOOP ( 'NONE', ( #4683, #1507, #1736, #330, #5157, #5320, #6408, #5505 ) ) ;
#5771 = DIRECTION ( 'NONE',  ( 0.0000000000000000000, 1.000000000000000000, 0.0000000000000000000 ) ) ;
#5772 = CARTESIAN_POINT ( 'NONE',  ( -0.6889763779520006182, 0.0000000000000000000, -0.2125984251960000293 ) ) ;
#5773 = CARTESIAN_POINT ( 'NONE',  ( 0.6024547350054634265, 0.3285433070852992188, -0.3204724409435995014 ) ) ;
#5774 = FACE_OUTER_BOUND ( 'NONE', #3742, .T. ) ;
#5775 = VERTEX_POINT ( 'NONE', #1010 ) ;
#5776 = CARTESIAN_POINT ( 'NONE',  ( 0.6338582677139994459, -0.3104330708652991433, -0.3283464566915989535 ) ) ;
#5777 = ORIENTED_EDGE ( 'NONE', *, *, #3694, .T. ) ;
#5778 = CARTESIAN_POINT ( 'NONE',  ( -9.076068744336219090E-18, 0.2964566929122000039, 4.641337016453230828E-16 ) ) ;
#5779 = AXIS2_PLACEMENT_3D ( 'NONE', #2424, #705, #4582 ) ;
#5780 = EDGE_CURVE ( 'NONE', #2917, #6617, #2626, .T. ) ;
#5781 =( NAMED_UNIT ( * ) PLANE_ANGLE_UNIT ( ) SI_UNIT ( $, .RADIAN. ) );
#5782 = ORIENTED_EDGE ( 'NONE', *, *, #2948, .F. ) ;
#5783 = DIRECTION ( 'NONE',  ( 1.000000000000000000, -3.749151804555343599E-33, 2.295617560651552647E-49 ) ) ;
#5784 = DIRECTION ( 'NONE',  ( 1.000000000000000000, 0.0000000000000000000, -0.0000000000000000000 ) ) ;
#5785 = CARTESIAN_POINT ( 'NONE',  ( -0.7329698111146687456, -0.1212863798537362342, -0.1995560760072971618 ) ) ;
#5786 = DIRECTION ( 'NONE',  ( 0.0000000000000000000, -6.123031769111886291E-17, -1.000000000000000000 ) ) ;
#5787 = CARTESIAN_POINT ( 'NONE',  ( 0.0000000000000000000, 0.0000000000000000000, 0.0000000000000000000 ) ) ;
#5788 = VERTEX_POINT ( 'NONE', #2557 ) ;
#5789 = ORIENTED_EDGE ( 'NONE', *, *, #2237, .T. ) ;
#5790 = LINE ( 'NONE', #5863, #263 ) ;
#5791 = DIRECTION ( 'NONE',  ( 0.0000000000000000000, 0.0000000000000000000, -1.000000000000000000 ) ) ;
#5792 = DIRECTION ( 'NONE',  ( 1.000000000000000000, 0.0000000000000000000, 0.0000000000000000000 ) ) ;
#5793 = CARTESIAN_POINT ( 'NONE',  ( 0.0000000000000000000, 0.3285433070852992188, -0.3204724409435990573 ) ) ;
#5794 = CARTESIAN_POINT ( 'NONE',  ( 0.8114173228314003339, -2.484167022948326589E-17, 4.440892098500626162E-16 ) ) ;
#5795 = EDGE_CURVE ( 'NONE', #1505, #6604, #2074, .T. ) ;
#5796 = ADVANCED_FACE ( 'NONE', ( #6845 ), #1995, .F. ) ;
#5797 = AXIS2_PLACEMENT_3D ( 'NONE', #573, #4198, #1665 ) ;
#5798 = ORIENTED_EDGE ( 'NONE', *, *, #4268, .T. ) ;
#5799 = VECTOR ( 'NONE', #4008, 39.37007874015748143 ) ;
#5800 = LINE ( 'NONE', #3052, #3700 ) ;
#5801 = CARTESIAN_POINT ( 'NONE',  ( 0.5797244094694997685, -0.07242074860119984692, 2.664535259100375303E-15 ) ) ;
#5802 = DIRECTION ( 'NONE',  ( -0.0000000000000000000, -6.123031769111886291E-17, -1.000000000000000000 ) ) ;
#5803 = ADVANCED_FACE ( 'NONE', ( #3154 ), #4177, .T. ) ;
#5804 = EDGE_CURVE ( 'NONE', #2517, #146, #6253, .T. ) ;
#5805 = ORIENTED_EDGE ( 'NONE', *, *, #3467, .T. ) ;
#5806 = AXIS2_PLACEMENT_3D ( 'NONE', #5331, #548, #517 ) ;
#5807 = ORIENTED_EDGE ( 'NONE', *, *, #2679, .F. ) ;
#5808 = DIRECTION ( 'NONE',  ( -3.749151804555343599E-33, 1.000000000000000000, -6.123031769111886291E-17 ) ) ;
#5809 = ORIENTED_EDGE ( 'NONE', *, *, #1850, .F. ) ;
#5810 = FACE_OUTER_BOUND ( 'NONE', #5162, .T. ) ;
#5811 = ORIENTED_EDGE ( 'NONE', *, *, #46, .F. ) ;
#5812 = DIRECTION ( 'NONE',  ( 0.0000000000000000000, 0.7071067811865474617, -0.7071067811865474617 ) ) ;
#5813 = ORIENTED_EDGE ( 'NONE', *, *, #5844, .F. ) ;
#5814 = CARTESIAN_POINT ( 'NONE',  ( 0.1574803149599999230, -0.3285433070852992188, -0.4543307086595991251 ) ) ;
#5815 = DIRECTION ( 'NONE',  ( 0.0000000000000000000, 0.0000000000000000000, 1.000000000000000000 ) ) ;
#5816 = VECTOR ( 'NONE', #477, 39.37007874015748143 ) ;
#5817 = CARTESIAN_POINT ( 'NONE',  ( -0.7188521407849575162, -0.2393562119687254186, -0.1158330657401370617 ) ) ;
#5818 = DIRECTION ( 'NONE',  ( -0.0000000000000000000, -1.000000000000000000, 6.123031769111886291E-17 ) ) ;
#5819 = VECTOR ( 'NONE', #5066, 39.37007874015748143 ) ;
#5820 = CARTESIAN_POINT ( 'NONE',  ( 0.2175065665347346300, -0.3104330708652991433, -0.3118110236207989883 ) ) ;
#5821 = CARTESIAN_POINT ( 'NONE',  ( 0.3474541065298666354, 0.3285433070852992188, -0.3118110983511730439 ) ) ;
#5822 = VERTEX_POINT ( 'NONE', #2066 ) ;
#5823 = AXIS2_PLACEMENT_3D ( 'NONE', #2348, #4540, #5590 ) ;
#5824 = DIRECTION ( 'NONE',  ( 1.000000000000000000, 0.0000000000000000000, -0.0000000000000000000 ) ) ;
#5825 = VECTOR ( 'NONE', #6273, 39.37007874015748143 ) ;
#5826 = EDGE_CURVE ( 'NONE', #4132, #1097, #1578, .T. ) ;
#5827 = LINE ( 'NONE', #4211, #39 ) ;
#5828 = CARTESIAN_POINT ( 'NONE',  ( 0.07972440947149994628, 0.2559938388666494480, 0.1835730902654522656 ) ) ;
#5829 = UNCERTAINTY_MEASURE_WITH_UNIT (LENGTH_MEASURE( 1.000000000000000082E-05 ), #6059, 'distance_accuracy_value', 'NONE');
#5830 = DIRECTION ( 'NONE',  ( -0.4999999999487388935, 0.0000000000000000000, -0.8660254038140342558 ) ) ;
#5831 = LINE ( 'NONE', #947, #93 ) ;
#5832 = CIRCLE ( 'NONE', #6729, 0.1261811023500000184 ) ;
#5833 = ORIENTED_EDGE ( 'NONE', *, *, #819, .F. ) ;
#5834 = ORIENTED_EDGE ( 'NONE', *, *, #3853, .F. ) ;
#5835 = ADVANCED_FACE ( 'NONE', ( #412 ), #2101, .T. ) ;
#5836 = LINE ( 'NONE', #3127, #5763 ) ;
#5837 = DIRECTION ( 'NONE',  ( -1.000000000000000000, -6.123031769111886291E-17, 3.749151804555343599E-33 ) ) ;
#5838 = PLANE ( 'NONE',  #1526 ) ;
#5839 = DIRECTION ( 'NONE',  ( -1.000000000000000000, 6.123031769111886291E-17, -3.749151804555343599E-33 ) ) ;
#5840 = EDGE_LOOP ( 'NONE', ( #1908, #2315, #5164, #6695 ) ) ;
#5841 = DIRECTION ( 'NONE',  ( 0.0000000000000000000, 6.123031769111886291E-17, 1.000000000000000000 ) ) ;
#5842 = ORIENTED_EDGE ( 'NONE', *, *, #5665, .F. ) ;
#5843 = VECTOR ( 'NONE', #906, 39.37007874015748143 ) ;
#5844 = EDGE_CURVE ( 'NONE', #4453, #2920, #4245, .T. ) ;
#5845 = ADVANCED_FACE ( 'NONE', ( #4708 ), #4815, .F. ) ;
#5846 = DIRECTION ( 'NONE',  ( 0.0000000000000000000, -6.123031769111886291E-17, -1.000000000000000000 ) ) ;
#5847 = VERTEX_POINT ( 'NONE', #1613 ) ;
#5848 = FACE_OUTER_BOUND ( 'NONE', #6751, .T. ) ;
#5849 =( NAMED_UNIT ( * ) PLANE_ANGLE_UNIT ( ) SI_UNIT ( $, .RADIAN. ) );
#5850 = CIRCLE ( 'NONE', #5503, 0.007874015748000031539 ) ;
#5851 = ORIENTED_EDGE ( 'NONE', *, *, #1813, .F. ) ;
#5852 = CARTESIAN_POINT ( 'NONE',  ( 0.3474541065298666354, -0.3285433070852992188, -0.3118110983511730439 ) ) ;
#5853 = ORIENTED_EDGE ( 'NONE', *, *, #85, .F. ) ;
#5854 = LINE ( 'NONE', #5322, #3026 ) ;
#5855 = VECTOR ( 'NONE', #6355, 39.37007874015748143 ) ;
#5856 = PLANE ( 'NONE',  #3767 ) ;
#5857 = DIRECTION ( 'NONE',  ( 0.0000000000000000000, 0.0000000000000000000, 1.000000000000000000 ) ) ;
#5858 = CARTESIAN_POINT ( 'NONE',  ( 0.07972440947149994628, -0.2431879680263150656, 0.1963789611057868423 ) ) ;
#5859 = PLANE ( 'NONE',  #4829 ) ;
#5860 = ORIENTED_EDGE ( 'NONE', *, *, #2159, .F. ) ;
#5861 = EDGE_LOOP ( 'NONE', ( #1832, #5736, #6858, #5963 ) ) ;
#5862 = VECTOR ( 'NONE', #6458, 39.37007874015748143 ) ;
#5863 = CARTESIAN_POINT ( 'NONE',  ( 0.1015748031491998660, -0.3285433070852992188, -0.09999999999959907626 ) ) ;
#5864 = CARTESIAN_POINT ( 'NONE',  ( 0.07972440947149996016, 0.2785433070854992366, 0.1929133858260032308 ) ) ;
#5865 = DIRECTION ( 'NONE',  ( 0.0000000000000000000, -6.123031769111886291E-17, -1.000000000000000000 ) ) ;
#5866 = AXIS2_PLACEMENT_3D ( 'NONE', #3519, #1906, #6819 ) ;
#5867 = CIRCLE ( 'NONE', #449, 0.3070866141720003384 ) ;
#5868 = DIRECTION ( 'NONE',  ( 3.749151804555343599E-33, 1.000000000000000000, -6.123031769111886291E-17 ) ) ;
#5869 = DIRECTION ( 'NONE',  ( -6.123031769111886291E-17, -1.000000000000000000, 0.0000000000000000000 ) ) ;
#5870 = ADVANCED_FACE ( 'NONE', ( #1508 ), #1078, .F. ) ;
#5871 = ADVANCED_FACE ( 'NONE', ( #1044, #1681, #3359, #4956, #4318, #6552, #3852, #1709, #3259, #6485, #5574, #2788, #6624, #116, #1644 ), #6032, .T. ) ;
#5872 = ORIENTED_EDGE ( 'NONE', *, *, #723, .T. ) ;
#5873 = CARTESIAN_POINT ( 'NONE',  ( -0.5198818897637003111, 0.0000000000000000000, 0.0000000000000000000 ) ) ;
#5874 = DIRECTION ( 'NONE',  ( -6.123031769111886291E-17, -1.000000000000000000, 0.0000000000000000000 ) ) ;
#5875 = LINE ( 'NONE', #494, #3995 ) ;
#5876 = LINE ( 'NONE', #4833, #534 ) ;
#5877 = AXIS2_PLACEMENT_3D ( 'NONE', #4931, #2866, #693 ) ;
#5878 = ADVANCED_FACE ( 'NONE', ( #2296 ), #4456, .F. ) ;
#5879 = VERTEX_POINT ( 'NONE', #3393 ) ;
#5880 = FACE_BOUND ( 'NONE', #6104, .T. ) ;
#5881 = EDGE_LOOP ( 'NONE', ( #5275, #4441, #2341, #5671 ) ) ;
#5882 = VECTOR ( 'NONE', #3073, 39.37007874015748143 ) ;
#5883 = LINE ( 'NONE', #9, #4834 ) ;
#5884 = VERTEX_POINT ( 'NONE', #3821 ) ;
#5885 = CARTESIAN_POINT ( 'NONE',  ( 0.2133858267707999523, -0.3285433070852991633, -0.3118110236207990438 ) ) ;
#5886 = ADVANCED_FACE ( 'NONE', ( #5535 ), #2263, .T. ) ;
#5887 = DIRECTION ( 'NONE',  ( 1.000000000000000000, 0.0000000000000000000, 0.0000000000000000000 ) ) ;
#5888 = VERTEX_POINT ( 'NONE', #1179 ) ;
#5889 = ADVANCED_FACE ( 'NONE', ( #2764 ), #6001, .F. ) ;
#5890 = VERTEX_POINT ( 'NONE', #6586 ) ;
#5891 = DIRECTION ( 'NONE',  ( -0.4999999999486984259, 0.0000000000000000000, 0.8660254038140575705 ) ) ;
#5892 = ORIENTED_EDGE ( 'NONE', *, *, #392, .T. ) ;
#5893 = CARTESIAN_POINT ( 'NONE',  ( 0.3515748031481997771, 0.3285433070852992188, -0.09999999999959907626 ) ) ;
#5894 = FACE_OUTER_BOUND ( 'NONE', #2723, .T. ) ;
#5895 = DIRECTION ( 'NONE',  ( 0.0000000000000000000, 1.000000000000000000, 0.0000000000000000000 ) ) ;
#5896 = DIRECTION ( 'NONE',  ( 0.0000000000000000000, 6.123031769111886291E-17, 1.000000000000000000 ) ) ;
#5897 = PLANE ( 'NONE',  #1113 ) ;
#5898 = VERTEX_POINT ( 'NONE', #6105 ) ;
#5899 = EDGE_CURVE ( 'NONE', #1434, #1730, #1146, .T. ) ;
#5900 = VERTEX_POINT ( 'NONE', #3291 ) ;
#5901 = DIRECTION ( 'NONE',  ( 0.0000000000000000000, 6.123031769111886291E-17, 1.000000000000000000 ) ) ;
#5902 = LINE ( 'NONE', #3261, #4312 ) ;
#5903 = CARTESIAN_POINT ( 'NONE',  ( -0.7387937305823457645, 0.1421449533633083462, 0.1665494497737685375 ) ) ;
#5904 = LINE ( 'NONE', #2598, #4682 ) ;
#5905 = CARTESIAN_POINT ( 'NONE',  ( 0.4311023622030001334, 0.3285433070852992188, -0.3283464566915989535 ) ) ;
#5906 = ORIENTED_EDGE ( 'NONE', *, *, #4480, .T. ) ;
#5907 = VERTEX_POINT ( 'NONE', #2824 ) ;
#5908 = DIRECTION ( 'NONE',  ( 1.000000000000000000, 3.749151804555343599E-33, -2.295617560651552647E-49 ) ) ;
#5909 = CYLINDRICAL_SURFACE ( 'NONE', #4838, 0.007874015748000031539 ) ;
#5910 = CARTESIAN_POINT ( 'NONE',  ( 0.2352362204714992522, -0.2273686271854815366, 2.663551793822656786E-15 ) ) ;
#5911 = CIRCLE ( 'NONE', #5225, 0.2519685039360020085 ) ;
#5912 = DIRECTION ( 'NONE',  ( 0.0000000000000000000, 0.0000000000000000000, -1.000000000000000000 ) ) ;
#5913 = SURFACE_STYLE_USAGE ( .BOTH. , #1294 ) ;
#5914 = AXIS2_PLACEMENT_3D ( 'NONE', #6745, #6632, #834 ) ;
#5915 = ORIENTED_EDGE ( 'NONE', *, *, #5446, .T. ) ;
#5916 = CARTESIAN_POINT ( 'NONE',  ( 0.2133858267707999523, 0.3385826771639992572, -0.2921259842507990534 ) ) ;
#5917 = PRODUCT_RELATED_PRODUCT_CATEGORY ( 'part', '', ( #6727 ) ) ;
#5918 = ORIENTED_EDGE ( 'NONE', *, *, #999, .T. ) ;
#5919 = DIRECTION ( 'NONE',  ( -1.000000000000000000, -0.0000000000000000000, 0.0000000000000000000 ) ) ;
#5920 =( NAMED_UNIT ( * ) PLANE_ANGLE_UNIT ( ) SI_UNIT ( $, .RADIAN. ) );
#5921 = ORIENTED_EDGE ( 'NONE', *, *, #6589, .F. ) ;
#5922 = CARTESIAN_POINT ( 'NONE',  ( 0.2501567777284591787, -0.2722930320583657471, 0.1172306448981620536 ) ) ;
#5923 = VERTEX_POINT ( 'NONE', #5465 ) ;
#5924 = EDGE_CURVE ( 'NONE', #5977, #1160, #5966, .T. ) ;
#5925 = CARTESIAN_POINT ( 'NONE',  ( 0.4633858267697990030, -0.3285433070852992188, -0.09999999999959907626 ) ) ;
#5926 = EDGE_CURVE ( 'NONE', #2232, #1318, #618, .T. ) ;
#5927 = DIRECTION ( 'NONE',  ( 0.0000000000000000000, 1.000000000000000000, -6.123031769111886291E-17 ) ) ;
#5928 = LINE ( 'NONE', #1639, #2036 ) ;
#5929 = DIRECTION ( 'NONE',  ( 0.0000000000000000000, 1.000000000000000000, -6.123031769111886291E-17 ) ) ;
#5930 = DIRECTION ( 'NONE',  ( 6.123031769111886291E-17, -1.000000000000000000, 0.0000000000000000000 ) ) ;
#5931 = CARTESIAN_POINT ( 'NONE',  ( 0.5797244094694997685, -0.2785433070854992366, 0.1610236220466032264 ) ) ;
#5932 = EDGE_CURVE ( 'NONE', #5599, #6475, #585, .T. ) ;
#5933 = LINE ( 'NONE', #1082, #491 ) ;
#5934 = LINE ( 'NONE', #978, #2705 ) ;
#5935 = CARTESIAN_POINT ( 'NONE',  ( 0.2460629921262369735, -0.2722930320583657471, 1.342636746992013271E-15 ) ) ;
#5936 = DIRECTION ( 'NONE',  ( 0.0000000000000000000, 1.000000000000000000, 0.0000000000000000000 ) ) ;
#5937 = AXIS2_PLACEMENT_3D ( 'NONE', #2093, #3639, #964 ) ;
#5938 = ORIENTED_EDGE ( 'NONE', *, *, #3795, .T. ) ;
#5939 = VECTOR ( 'NONE', #4934, 39.37007874015748143 ) ;
#5940 = LINE ( 'NONE', #3764, #6767 ) ;
#5941 = VECTOR ( 'NONE', #2780, 39.37007874015748143 ) ;
#5942 = LINE ( 'NONE', #2114, #4933 ) ;
#5943 = VECTOR ( 'NONE', #3121, 39.37007874015748143 ) ;
#5944 = EDGE_LOOP ( 'NONE', ( #1679, #2528, #4373, #6405 ) ) ;
#5945 = AXIS2_PLACEMENT_3D ( 'NONE', #1486, #5808, #5841 ) ;
#5946 = VERTEX_POINT ( 'NONE', #2735 ) ;
#5947 = CARTESIAN_POINT ( 'NONE',  ( 0.5797244094694997685, -0.3104330708648994075, 0.1610236220466032264 ) ) ;
#5948 = ORIENTED_EDGE ( 'NONE', *, *, #6211, .T. ) ;
#5949 = CARTESIAN_POINT ( 'NONE',  ( 0.0000000000000000000, 0.0000000000000000000, 0.0000000000000000000 ) ) ;
#5950 = ORIENTED_EDGE ( 'NONE', *, *, #1929, .T. ) ;
#5951 = EDGE_CURVE ( 'NONE', #1132, #6262, #2236, .T. ) ;
#5952 = ADVANCED_FACE ( 'NONE', ( #4350 ), #6518, .T. ) ;
#5953 = ORIENTED_EDGE ( 'NONE', *, *, #3315, .F. ) ;
#5954 = VECTOR ( 'NONE', #1218, 39.37007874015748143 ) ;
#5955 = DIRECTION ( 'NONE',  ( 0.0000000000000000000, 0.0000000000000000000, 1.000000000000000000 ) ) ;
#5956 = ORIENTED_EDGE ( 'NONE', *, *, #689, .F. ) ;
#5957 = CARTESIAN_POINT ( 'NONE',  ( 0.3515748031481988889, -0.3385826771639992572, -0.3118110236207991548 ) ) ;
#5958 = LINE ( 'NONE', #5323, #4671 ) ;
#5959 = DIRECTION ( 'NONE',  ( -1.000000000000000000, 6.123031769111886291E-17, -3.749151804555343599E-33 ) ) ;
#5960 = AXIS2_PLACEMENT_3D ( 'NONE', #297, #3074, #6313 ) ;
#5961 = FACE_OUTER_BOUND ( 'NONE', #6850, .T. ) ;
#5962 = DIRECTION ( 'NONE',  ( -1.000000000000000000, 3.061515884555970879E-17, -3.061515884555943146E-17 ) ) ;
#5963 = ORIENTED_EDGE ( 'NONE', *, *, #86, .F. ) ;
#5964 = EDGE_CURVE ( 'NONE', #2427, #2092, #3929, .T. ) ;
#5965 = EDGE_LOOP ( 'NONE', ( #924, #5906, #1959, #4733, #3863, #6057, #410, #3721, #797, #2960, #5741, #6573, #1231, #1833, #5250, #6460 ) ) ;
#5966 = LINE ( 'NONE', #2702, #6269 ) ;
#5967 = VECTOR ( 'NONE', #6730, 39.37007874015748143 ) ;
#5968 = CARTESIAN_POINT ( 'NONE',  ( -0.7387937305823347733, 0.1076380076189458884, 0.1902828542491233066 ) ) ;
#5969 = PRODUCT_DEFINITION_CONTEXT ( 'detailed design', #879, 'design' ) ;
#5970 = CARTESIAN_POINT ( 'NONE',  ( 0.0000000000000000000, -0.3385826771639992572, -0.2921259842507990534 ) ) ;
#5971 = CARTESIAN_POINT ( 'NONE',  ( 0.5797244094694997685, -0.2273686271854815366, 2.663551793822656786E-15 ) ) ;
#5972 = ORIENTED_EDGE ( 'NONE', *, *, #5026, .T. ) ;
#5973 = AXIS2_PLACEMENT_3D ( 'NONE', #131, #5081, #2941 ) ;
#5974 = EDGE_CURVE ( 'NONE', #6869, #5282, #2970, .T. ) ;
#5975 = ORIENTED_EDGE ( 'NONE', *, *, #4785, .F. ) ;
#5976 = EDGE_CURVE ( 'NONE', #111, #2427, #4492, .T. ) ;
#5977 = VERTEX_POINT ( 'NONE', #2962 ) ;
#5978 = AXIS2_PLACEMENT_3D ( 'NONE', #2505, #3562, #996 ) ;
#5979 = AXIS2_PLACEMENT_3D ( 'NONE', #6620, #751, #1174 ) ;
#5980 = CARTESIAN_POINT ( 'NONE',  ( 0.7133858267687989141, -0.2722930320583651920, 2.220446049250313081E-15 ) ) ;
#5981 = LINE ( 'NONE', #3198, #1461 ) ;
#5982 = DIRECTION ( 'NONE',  ( 0.0000000000000000000, 0.0000000000000000000, 1.000000000000000000 ) ) ;
#5983 = CARTESIAN_POINT ( 'NONE',  ( 0.5099102594861025795, 0.1520443809227276788, 0.3965338554806396298 ) ) ;
#5984 = VECTOR ( 'NONE', #2673, 39.37007874015748143 ) ;
#5985 = ORIENTED_EDGE ( 'NONE', *, *, #350, .F. ) ;
#5986 = VERTEX_POINT ( 'NONE', #4630 ) ;
#5987 = AXIS2_PLACEMENT_3D ( 'NONE', #1551, #596, #4297 ) ;
#5988 = CIRCLE ( 'NONE', #1580, 0.2165354330750000056 ) ;
#5989 = ORIENTED_EDGE ( 'NONE', *, *, #6816, .T. ) ;
#5990 = LENGTH_MEASURE_WITH_UNIT ( LENGTH_MEASURE( 0.02539999999999999897 ), #3140 );
#5991 = ORIENTED_EDGE ( 'NONE', *, *, #5702, .F. ) ;
#5992 = AXIS2_PLACEMENT_3D ( 'NONE', #3757, #6488, #1649 ) ;
#5993 = ORIENTED_EDGE ( 'NONE', *, *, #1088, .T. ) ;
#5994 = CARTESIAN_POINT ( 'NONE',  ( -1.512945118011449956E-33, 0.0000000000000000000, -0.2165354330750000056 ) ) ;
#5995 = ORIENTED_EDGE ( 'NONE', *, *, #1408, .F. ) ;
#5996 = CARTESIAN_POINT ( 'NONE',  ( 0.4633858267697994471, -0.3385826771639992572, -0.3118110236207991548 ) ) ;
#5997 = EDGE_CURVE ( 'NONE', #6613, #1632, #6735, .T. ) ;
#5998 = VECTOR ( 'NONE', #444, 39.37007874015748143 ) ;
#5999 = DIRECTION ( 'NONE',  ( -1.000000000000000000, -6.123031769111886291E-17, 3.749151804555343599E-33 ) ) ;
#6000 = ORIENTED_EDGE ( 'NONE', *, *, #6606, .T. ) ;
#6001 = PLANE ( 'NONE',  #6491 ) ;
#6002 = EDGE_CURVE ( 'NONE', #140, #1363, #6799, .T. ) ;
#6003 = DIRECTION ( 'NONE',  ( 0.0000000000000000000, 0.0000000000000000000, -1.000000000000000000 ) ) ;
#6004 = LINE ( 'NONE', #6139, #4846 ) ;
#6005 = EDGE_CURVE ( 'NONE', #5738, #5443, #2929, .T. ) ;
#6006 = CARTESIAN_POINT ( 'NONE',  ( 0.0000000000000000000, -0.3285433070852992188, -0.3204724409435995014 ) ) ;
#6007 = CARTESIAN_POINT ( 'NONE',  ( 0.0000000000000000000, 0.3104330708648994630, 4.470181404010237067E-16 ) ) ;
#6008 = VERTEX_POINT ( 'NONE', #5101 ) ;
#6009 = ORIENTED_EDGE ( 'NONE', *, *, #2778, .T. ) ;
#6010 = CARTESIAN_POINT ( 'NONE',  ( 0.0000000000000000000, -0.3285433070852992188, -0.3204724409435995014 ) ) ;
#6011 = EDGE_CURVE ( 'NONE', #3165, #204, #6357, .T. ) ;
#6012 = LINE ( 'NONE', #4868, #6881 ) ;
#6013 = DIRECTION ( 'NONE',  ( 0.0000000000000000000, 0.0000000000000000000, -1.000000000000000000 ) ) ;
#6014 = LINE ( 'NONE', #565, #429 ) ;
#6015 = ORIENTED_EDGE ( 'NONE', *, *, #4126, .T. ) ;
#6016 = ORIENTED_EDGE ( 'NONE', *, *, #2790, .T. ) ;
#6017 = AXIS2_PLACEMENT_3D ( 'NONE', #3041, #3538, #5724 ) ;
#6018 = FACE_OUTER_BOUND ( 'NONE', #3907, .T. ) ;
#6019 = ADVANCED_FACE ( 'NONE', ( #258, #5024 ), #1953, .T. ) ;
#6020 = ORIENTED_EDGE ( 'NONE', *, *, #6589, .T. ) ;
#6021 = EDGE_LOOP ( 'NONE', ( #2882, #6934, #2605, #902 ) ) ;
#6022 = EDGE_LOOP ( 'NONE', ( #3057, #4695, #2711, #6971 ) ) ;
#6023 = CARTESIAN_POINT ( 'NONE',  ( 0.09745410653086672426, -0.3285433070852992188, -0.3118110983511730439 ) ) ;
#6024 = ORIENTED_EDGE ( 'NONE', *, *, #4206, .F. ) ;
#6025 = LINE ( 'NONE', #6976, #6531 ) ;
#6026 = CIRCLE ( 'NONE', #2627, 0.01968503937000001119 ) ;
#6027 = FACE_OUTER_BOUND ( 'NONE', #5673, .T. ) ;
#6028 = DIRECTION ( 'NONE',  ( 1.000000000000000000, 0.0000000000000000000, 0.0000000000000000000 ) ) ;
#6029 = DIRECTION ( 'NONE',  ( 0.0000000000000000000, 6.123031769111886291E-17, 1.000000000000000000 ) ) ;
#6030 = VERTEX_POINT ( 'NONE', #5134 ) ;
#6031 = ORIENTED_EDGE ( 'NONE', *, *, #3271, .T. ) ;
#6032 = PLANE ( 'NONE',  #5133 ) ;
#6033 = CARTESIAN_POINT ( 'NONE',  ( -0.6889763779520006182, 0.2518175308233017162, -0.008721132139862586286 ) ) ;
#6034 = DIRECTION ( 'NONE',  ( 0.0000000000000000000, 1.000000000000000000, -0.0000000000000000000 ) ) ;
#6035 = DIRECTION ( 'NONE',  ( -1.000000000000000000, -3.749151804555343599E-33, 2.295617560651552647E-49 ) ) ;
#6036 = DIRECTION ( 'NONE',  ( 0.0000000000000000000, 0.0000000000000000000, 1.000000000000000000 ) ) ;
#6037 = ORIENTED_EDGE ( 'NONE', *, *, #1881, .T. ) ;
#6038 = EDGE_CURVE ( 'NONE', #1902, #6502, #844, .T. ) ;
#6039 = DIRECTION ( 'NONE',  ( 0.0000000000000000000, -6.123031769111886291E-17, -1.000000000000000000 ) ) ;
#6040 = EDGE_CURVE ( 'NONE', #3986, #4129, #2334, .T. ) ;
#6041 = ORIENTED_EDGE ( 'NONE', *, *, #3262, .F. ) ;
#6042 = CARTESIAN_POINT ( 'NONE',  ( -0.6929133858260003720, 0.0000000000000000000, -0.2125984251960000293 ) ) ;
#6043 = CARTESIAN_POINT ( 'NONE',  ( 0.1338582677159996237, -0.3285433070852992188, -0.3283464566915989535 ) ) ;
#6044 = FACE_OUTER_BOUND ( 'NONE', #5639, .T. ) ;
#6045 = AXIS2_PLACEMENT_3D ( 'NONE', #4884, #704, #2283 ) ;
#6046 = CARTESIAN_POINT ( 'NONE',  ( 0.7352362204694999903, 0.3285433070852991633, 1.554894430232841664E-15 ) ) ;
#6047 = ORIENTED_EDGE ( 'NONE', *, *, #3563, .T. ) ;
#6048 = VERTEX_POINT ( 'NONE', #183 ) ;
#6049 = DIRECTION ( 'NONE',  ( -1.000000000000000000, -0.0000000000000000000, -0.0000000000000000000 ) ) ;
#6050 = CIRCLE ( 'NONE', #6278, 0.007874015748000031539 ) ;
#6051 = EDGE_LOOP ( 'NONE', ( #2217, #1563 ) ) ;
#6052 = ORIENTED_EDGE ( 'NONE', *, *, #46, .T. ) ;
#6053 = VECTOR ( 'NONE', #3702, 39.37007874015748143 ) ;
#6054 = EDGE_CURVE ( 'NONE', #5338, #173, #6603, .T. ) ;
#6055 = PLANE ( 'NONE',  #1978 ) ;
#6056 = ADVANCED_FACE ( 'NONE', ( #2891 ), #1848, .F. ) ;
#6057 = ORIENTED_EDGE ( 'NONE', *, *, #2021, .T. ) ;
#6058 = CARTESIAN_POINT ( 'NONE',  ( 0.7352362204694999903, 0.3104330708648994630, 1.560460843526877166E-15 ) ) ;
#6059 =( CONVERSION_BASED_UNIT ( 'INCH', #6197 ) LENGTH_UNIT ( ) NAMED_UNIT ( #3801 ) );
#6060 = DIRECTION ( 'NONE',  ( -1.000000000000000000, -6.123031769111886291E-17, 3.749151804555343599E-33 ) ) ;
#6061 = DIRECTION ( 'NONE',  ( 0.03489949669735087356, 0.0000000000000000000, 0.9993908270192755072 ) ) ;
#6062 = ORIENTED_EDGE ( 'NONE', *, *, #6182, .F. ) ;
#6063 = ORIENTED_EDGE ( 'NONE', *, *, #2955, .T. ) ;
#6064 = DIRECTION ( 'NONE',  ( -4.329637285359697429E-17, -0.7071067811865507924, 0.7071067811865443531 ) ) ;
#6065 = CARTESIAN_POINT ( 'NONE',  ( 0.0000000000000000000, 0.2722930320583651920, 4.493534670938994958E-16 ) ) ;
#6066 = LINE ( 'NONE', #3361, #4952 ) ;
#6067 = DIRECTION ( 'NONE',  ( -1.000000000000000000, -0.0000000000000000000, 0.0000000000000000000 ) ) ;
#6068 = EDGE_CURVE ( 'NONE', #436, #6739, #6169, .T. ) ;
#6069 = FACE_OUTER_BOUND ( 'NONE', #4067, .T. ) ;
#6070 = ORIENTED_EDGE ( 'NONE', *, *, #2704, .T. ) ;
#6071 = EDGE_LOOP ( 'NONE', ( #3566, #6794, #4724, #3558 ) ) ;
#6072 = AXIS2_PLACEMENT_3D ( 'NONE', #2775, #6498, #4870 ) ;
#6073 = DIRECTION ( 'NONE',  ( -6.123031769111886291E-17, -1.000000000000000000, 0.0000000000000000000 ) ) ;
#6074 = VERTEX_POINT ( 'NONE', #1320 ) ;
#6075 = FACE_OUTER_BOUND ( 'NONE', #4084, .T. ) ;
#6076 = APPLICATION_CONTEXT ( 'automotive_design' ) ;
#6077 = CARTESIAN_POINT ( 'NONE',  ( 0.6015748031471988000, 0.3385826771639992017, -0.3118110236207992103 ) ) ;
#6078 = DIRECTION ( 'NONE',  ( 1.000000000000000000, 6.123031769111886291E-17, -3.749151804555343599E-33 ) ) ;
#6079 = VECTOR ( 'NONE', #5869, 39.37007874015748143 ) ;
#6080 = CARTESIAN_POINT ( 'NONE',  ( 1.205321214387282037E-18, -0.3582677165339993031, -0.2921259842507990534 ) ) ;
#6081 = EDGE_CURVE ( 'NONE', #2984, #4726, #277, .T. ) ;
#6082 = CARTESIAN_POINT ( 'NONE',  ( 0.4852362204704991910, -0.2273686271854815366, 2.663551793822656786E-15 ) ) ;
#6083 = AXIS2_PLACEMENT_3D ( 'NONE', #4702, #5660, #6177 ) ;
#6084 = ORIENTED_EDGE ( 'NONE', *, *, #5964, .T. ) ;
#6085 = AXIS2_PLACEMENT_3D ( 'NONE', #221, #144, #1210 ) ;
#6086 = ORIENTED_EDGE ( 'NONE', *, *, #4841, .F. ) ;
#6087 = DIRECTION ( 'NONE',  ( -0.0000000000000000000, -1.000000000000000000, 6.123031769111886291E-17 ) ) ;
#6088 = LINE ( 'NONE', #4239, #6715 ) ;
#6089 = ADVANCED_FACE ( 'NONE', ( #2375, #4527 ), #5649, .T. ) ;
#6090 = CARTESIAN_POINT ( 'NONE',  ( 0.5797244094694997685, 0.2559938388666494480, 0.1835730902654522656 ) ) ;
#6091 = EDGE_CURVE ( 'NONE', #3038, #2692, #825, .T. ) ;
#6092 = CIRCLE ( 'NONE', #2693, 0.01968503937000001119 ) ;
#6093 = ORIENTED_EDGE ( 'NONE', *, *, #4764, .T. ) ;
#6094 = ORIENTED_EDGE ( 'NONE', *, *, #6856, .F. ) ;
#6095 = VERTEX_POINT ( 'NONE', #1921 ) ;
#6096 = CARTESIAN_POINT ( 'NONE',  ( 0.3188976377939987117, 0.3582677165339997472, 4.440892098500626162E-16 ) ) ;
#6097 = ORIENTED_EDGE ( 'NONE', *, *, #384, .F. ) ;
#6098 = CARTESIAN_POINT ( 'NONE',  ( 0.3524547350064635154, -0.3285433070852992188, -0.3204724409435995014 ) ) ;
#6099 = ADVANCED_FACE ( 'NONE', ( #4066 ), #3145, .F. ) ;
#6100 = EDGE_CURVE ( 'NONE', #6200, #3031, #2853, .T. ) ;
#6101 = CYLINDRICAL_SURFACE ( 'NONE', #3342, 0.04999999999980000998 ) ;
#6102 = CARTESIAN_POINT ( 'NONE',  ( 0.6574803293988269459, 0.3104330708652991433, -0.3204724409435995014 ) ) ;
#6103 = VECTOR ( 'NONE', #552, 39.37007874015748143 ) ;
#6104 = EDGE_LOOP ( 'NONE', ( #1422, #6679 ) ) ;
#6105 = CARTESIAN_POINT ( 'NONE',  ( 0.4852362204704992465, 0.2559938388666496145, 0.1835730902654524321 ) ) ;
#6106 = CARTESIAN_POINT ( 'NONE',  ( 0.6574803149579997452, 0.3104330708652991433, -0.4543307086595991251 ) ) ;
#6107 = DIRECTION ( 'NONE',  ( 1.000000000000000000, -6.123031769111886291E-17, 3.749151804555343599E-33 ) ) ;
#6108 = CARTESIAN_POINT ( 'NONE',  ( 0.0000000000000000000, 0.07242074860119984692, 4.615917105076310658E-16 ) ) ;
#6109 = LINE ( 'NONE', #120, #2335 ) ;
#6110 = VERTEX_POINT ( 'NONE', #6870 ) ;
#6111 = VERTEX_POINT ( 'NONE', #1033 ) ;
#6112 = CARTESIAN_POINT ( 'NONE',  ( 0.7352362204694999903, 0.2273686271854815644, 2.663551793822656786E-15 ) ) ;
#6113 = ORIENTED_EDGE ( 'NONE', *, *, #1860, .F. ) ;
#6114 = CARTESIAN_POINT ( 'NONE',  ( 0.2352362204714992244, 0.3104330708648994630, 1.560460843526877166E-15 ) ) ;
#6115 = LINE ( 'NONE', #1259, #1576 ) ;
#6116 = FACE_OUTER_BOUND ( 'NONE', #1533, .T. ) ;
#6117 = DIRECTION ( 'NONE',  ( 0.0000000000000000000, -6.123031769111886291E-17, -1.000000000000000000 ) ) ;
#6118 = CARTESIAN_POINT ( 'NONE',  ( 0.3838582677149995348, 0.3285433070852992188, -0.4543307086595991251 ) ) ;
#6119 = CARTESIAN_POINT ( 'NONE',  ( 0.6015748031471988000, -0.3582677165339996916, -0.2921259842507990534 ) ) ;
#6120 = ORIENTED_EDGE ( 'NONE', *, *, #6690, .F. ) ;
#6121 = ORIENTED_EDGE ( 'NONE', *, *, #2629, .F. ) ;
#6122 = CARTESIAN_POINT ( 'NONE',  ( 0.07972440947149994628, -0.2785433070854992366, 0.1610236220466032264 ) ) ;
#6123 = LINE ( 'NONE', #811, #6901 ) ;
#6124 = ORIENTED_EDGE ( 'NONE', *, *, #3614, .T. ) ;
#6125 = ORIENTED_EDGE ( 'NONE', *, *, #2720, .T. ) ;
#6126 = VERTEX_POINT ( 'NONE', #2058 ) ;
#6127 = FACE_OUTER_BOUND ( 'NONE', #5559, .T. ) ;
#6128 = EDGE_CURVE ( 'NONE', #5738, #2692, #3107, .T. ) ;
#6129 = ORIENTED_EDGE ( 'NONE', *, *, #5454, .T. ) ;
#6130 = EDGE_CURVE ( 'NONE', #438, #3600, #733, .T. ) ;
#6131 = CARTESIAN_POINT ( 'NONE',  ( -0.7387937305823454315, -0.1891705937016595618, 0.1100194868523221431 ) ) ;
#6132 = DIRECTION ( 'NONE',  ( -1.000000000000000000, 6.123031769111886291E-17, -3.749151804555343599E-33 ) ) ;
#6133 = CARTESIAN_POINT ( 'NONE',  ( -0.6929133858260003720, 1.404634042604554007E-18, -8.600618866843743437E-35 ) ) ;
#6134 = CARTESIAN_POINT ( 'NONE',  ( 0.3515748031481988889, -0.3285433070852992188, -0.09999999999959907626 ) ) ;
#6135 = DIRECTION ( 'NONE',  ( 0.0000000000000000000, 0.0000000000000000000, 1.000000000000000000 ) ) ;
#6136 = EDGE_CURVE ( 'NONE', #5033, #1085, #4333, .T. ) ;
#6137 = EDGE_CURVE ( 'NONE', #6110, #1611, #4734, .T. ) ;
#6138 = LINE ( 'NONE', #1216, #3202 ) ;
#6139 = CARTESIAN_POINT ( 'NONE',  ( 0.6338582677139994459, -0.3285433070852992188, -0.3283464566915989535 ) ) ;
#6140 = DIRECTION ( 'NONE',  ( 0.0000000000000000000, 0.0000000000000000000, 1.000000000000000000 ) ) ;
#6141 = ORIENTED_EDGE ( 'NONE', *, *, #5573, .T. ) ;
#6142 = EDGE_CURVE ( 'NONE', #6502, #2911, #3676, .T. ) ;
#6143 = CARTESIAN_POINT ( 'NONE',  ( 0.4057086613999993929, 0.0000000000000000000, 4.440892098500626162E-16 ) ) ;
#6144 = PLANE ( 'NONE',  #6995 ) ;
#6145 = DIRECTION ( 'NONE',  ( 0.0000000000000000000, 0.0000000000000000000, -1.000000000000000000 ) ) ;
#6146 = DIRECTION ( 'NONE',  ( 1.000000000000000000, 0.0000000000000000000, -0.0000000000000000000 ) ) ;
#6147 = DIRECTION ( 'NONE',  ( -1.000000000000000000, 0.0000000000000000000, 0.0000000000000000000 ) ) ;
#6148 = DIRECTION ( 'NONE',  ( 1.000000000000000000, -6.123031769111886291E-17, 3.749151804555343599E-33 ) ) ;
#6149 = ORIENTED_EDGE ( 'NONE', *, *, #3923, .T. ) ;
#6150 = ORIENTED_EDGE ( 'NONE', *, *, #484, .T. ) ;
#6151 = VECTOR ( 'NONE', #6170, 39.37007874015748143 ) ;
#6152 = DIRECTION ( 'NONE',  ( -0.4999999999486984259, 0.0000000000000000000, 0.8660254038140575705 ) ) ;
#6153 = CARTESIAN_POINT ( 'NONE',  ( 0.3297244094704998019, -0.3285433070852992188, 0.1610236220466032264 ) ) ;
#6154 = CARTESIAN_POINT ( 'NONE',  ( -0.5944881889760003091, 0.0000000000000000000, 0.0000000000000000000 ) ) ;
#6155 = ORIENTED_EDGE ( 'NONE', *, *, #1946, .F. ) ;
#6156 = VERTEX_POINT ( 'NONE', #4168 ) ;
#6157 = VECTOR ( 'NONE', #776, 39.37007874015748143 ) ;
#6158 = EDGE_LOOP ( 'NONE', ( #3242, #3280 ) ) ;
#6159 = VECTOR ( 'NONE', #2617, 39.37007874015748143 ) ;
#6160 = CARTESIAN_POINT ( 'NONE',  ( 0.3297244094704998019, 0.2559938388666494480, 0.1835730902654522656 ) ) ;
#6161 = EDGE_LOOP ( 'NONE', ( #3275, #4462 ) ) ;
#6162 = LINE ( 'NONE', #4981, #5190 ) ;
#6163 = AXIS2_PLACEMENT_3D ( 'NONE', #455, #5868, #4213 ) ;
#6164 =( NAMED_UNIT ( * ) SI_UNIT ( $, .STERADIAN. ) SOLID_ANGLE_UNIT ( ) );
#6165 = EDGE_CURVE ( 'NONE', #2920, #5946, #6911, .T. ) ;
#6166 = PLANE ( 'NONE',  #5409 ) ;
#6167 = FACE_OUTER_BOUND ( 'NONE', #3838, .T. ) ;
#6168 = ORIENTED_EDGE ( 'NONE', *, *, #5573, .F. ) ;
#6169 = LINE ( 'NONE', #1357, #5819 ) ;
#6170 = DIRECTION ( 'NONE',  ( 0.0000000000000000000, 0.0000000000000000000, -1.000000000000000000 ) ) ;
#6171 = FACE_OUTER_BOUND ( 'NONE', #602, .T. ) ;
#6172 = DIRECTION ( 'NONE',  ( 0.0000000000000000000, 0.4999999999997168376, 0.8660254037846019104 ) ) ;
#6173 = DIRECTION ( 'NONE',  ( 0.8660254038140342558, -3.061515884242069566E-17, -0.4999999999487388935 ) ) ;
#6174 = ORIENTED_EDGE ( 'NONE', *, *, #3223, .T. ) ;
#6175 = EDGE_CURVE ( 'NONE', #4149, #2371, #1181, .T. ) ;
#6176 = CARTESIAN_POINT ( 'NONE',  ( 0.5688976377929995110, 0.3285433070852992188, 4.440892098500626162E-16 ) ) ;
#6177 = DIRECTION ( 'NONE',  ( -6.123031769112244976E-17, -1.000000000000000000, 0.0000000000000000000 ) ) ;
#6178 = FACE_OUTER_BOUND ( 'NONE', #6797, .T. ) ;
#6179 = CARTESIAN_POINT ( 'NONE',  ( 1.205321214387282037E-18, -0.3582677165339993031, -0.2921259842507990534 ) ) ;
#6180 = CARTESIAN_POINT ( 'NONE',  ( 0.6574803149579997452, -0.3285433070852992188, -0.4543307086595991251 ) ) ;
#6181 = CARTESIAN_POINT ( 'NONE',  ( 0.5797244094694997685, -0.3104330708648994075, 0.1610236220466032264 ) ) ;
#6182 = EDGE_CURVE ( 'NONE', #6475, #707, #5321, .T. ) ;
#6183 = ADVANCED_FACE ( 'NONE', ( #6835 ), #3091, .T. ) ;
#6184 = ORIENTED_EDGE ( 'NONE', *, *, #4689, .T. ) ;
#6185 = ORIENTED_EDGE ( 'NONE', *, *, #237, .T. ) ;
#6186 = DIRECTION ( 'NONE',  ( -1.000000000000000000, -0.0000000000000000000, 0.0000000000000000000 ) ) ;
#6187 = PLANE ( 'NONE',  #778 ) ;
#6188 = DIRECTION ( 'NONE',  ( -0.0000000000000000000, -6.123031769111886291E-17, -1.000000000000000000 ) ) ;
#6189 = LINE ( 'NONE', #1307, #1591 ) ;
#6190 = ORIENTED_EDGE ( 'NONE', *, *, #6137, .T. ) ;
#6191 = AXIS2_PLACEMENT_3D ( 'NONE', #5663, #804, #3867 ) ;
#6192 = ORIENTED_EDGE ( 'NONE', *, *, #28, .F. ) ;
#6193 = CARTESIAN_POINT ( 'NONE',  ( -0.6889763779520006182, 0.1334614873917843170, 0.2137198127430366412 ) ) ;
#6194 = ORIENTED_EDGE ( 'NONE', *, *, #87, .F. ) ;
#6195 = AXIS2_PLACEMENT_3D ( 'NONE', #1628, #3171, #5349 ) ;
#6196 = DIRECTION ( 'NONE',  ( 0.0000000000000000000, 0.0000000000000000000, -1.000000000000000000 ) ) ;
#6197 = LENGTH_MEASURE_WITH_UNIT ( LENGTH_MEASURE( 0.02539999999999999897 ), #2957 );
#6198 = LINE ( 'NONE', #5678, #5642 ) ;
#6199 = SURFACE_STYLE_FILL_AREA ( #5241 ) ;
#6200 = VERTEX_POINT ( 'NONE', #2651 ) ;
#6201 = VECTOR ( 'NONE', #3373, 39.37007874015748143 ) ;
#6202 = DIRECTION ( 'NONE',  ( 1.000000000000000000, 6.123031769111886291E-17, -3.749151804555343599E-33 ) ) ;
#6203 = LINE ( 'NONE', #4561, #4897 ) ;
#6204 = CARTESIAN_POINT ( 'NONE',  ( -0.7294093914136738910, -0.09052780850317028449, -0.2254404141035080134 ) ) ;
#6205 = AXIS2_PLACEMENT_3D ( 'NONE', #663, #4400, #6674 ) ;
#6206 = CARTESIAN_POINT ( 'NONE',  ( 0.3297244094704998019, 0.2273686271854815644, 2.663551793822656786E-15 ) ) ;
#6207 = CARTESIAN_POINT ( 'NONE',  ( 0.4625058949115352647, 0.3285433070852992188, -0.3204724409435995014 ) ) ;
#6208 = ORIENTED_EDGE ( 'NONE', *, *, #6557, .F. ) ;
#6209 = CARTESIAN_POINT ( 'NONE',  ( -0.1530231857002073426, 0.0000000000000000000, 0.0000000000000000000 ) ) ;
#6210 = DIRECTION ( 'NONE',  ( 0.0000000000000000000, 1.000000000000000000, -6.123031769111886291E-17 ) ) ;
#6211 = EDGE_CURVE ( 'NONE', #4845, #5879, #6305, .T. ) ;
#6212 = DIRECTION ( 'NONE',  ( 0.0000000000000000000, 0.0000000000000000000, 1.000000000000000000 ) ) ;
#6213 = DIRECTION ( 'NONE',  ( -1.000000000000000000, -6.123031769111886291E-17, 3.749151804555343599E-33 ) ) ;
#6214 = CARTESIAN_POINT ( 'NONE',  ( 0.4675065665337347909, -0.3285433070852991633, -0.3118110236207990438 ) ) ;
#6215 = CARTESIAN_POINT ( 'NONE',  ( 0.4311023622030001334, -0.3285433070852992188, -0.4543307086595991251 ) ) ;
#6216 = VECTOR ( 'NONE', #5818, 39.37007874015748143 ) ;
#6217 = ORIENTED_EDGE ( 'NONE', *, *, #916, .F. ) ;
#6218 = ORIENTED_EDGE ( 'NONE', *, *, #4465, .T. ) ;
#6219 = CARTESIAN_POINT ( 'NONE',  ( 0.5797244094694997685, 0.04680900692053285850, 1.816260838008213680E-15 ) ) ;
#6220 = EDGE_CURVE ( 'NONE', #4544, #1975, #62, .T. ) ;
#6221 = CARTESIAN_POINT ( 'NONE',  ( -3.690110043838946645E-35, 0.3385826771639992572, -0.3118110236207992103 ) ) ;
#6222 = DIRECTION ( 'NONE',  ( 0.8660254038140342558, -3.061515884242069566E-17, -0.4999999999487388935 ) ) ;
#6223 = DIRECTION ( 'NONE',  ( 1.000000000000000000, -6.123031769111886291E-17, 3.749151804555343599E-33 ) ) ;
#6224 = ORIENTED_EDGE ( 'NONE', *, *, #1502, .T. ) ;
#6225 = ORIENTED_EDGE ( 'NONE', *, *, #2619, .T. ) ;
#6226 = CARTESIAN_POINT ( 'NONE',  ( 0.5648038521901559417, -0.2722931342309194980, 0.1172306266429769539 ) ) ;
#6227 = ORIENTED_EDGE ( 'NONE', *, *, #611, .F. ) ;
#6228 = EDGE_CURVE ( 'NONE', #5635, #3703, #4790, .T. ) ;
#6229 = DIRECTION ( 'NONE',  ( 0.0000000000000000000, -1.000000000000000000, 0.0000000000000000000 ) ) ;
#6230 = ORIENTED_EDGE ( 'NONE', *, *, #5997, .T. ) ;
#6231 = LENGTH_MEASURE_WITH_UNIT ( LENGTH_MEASURE( 0.02539999999999999897 ), #4094 );
#6232 = STYLED_ITEM ( 'NONE', ( #2648 ), #2672 ) ;
#6233 = ORIENTED_EDGE ( 'NONE', *, *, #6700, .T. ) ;
#6234 = DIRECTION ( 'NONE',  ( 0.0000000000000000000, 0.4999999999997168376, 0.8660254037846019104 ) ) ;
#6235 = EDGE_LOOP ( 'NONE', ( #6756, #5315, #6129, #3297 ) ) ;
#6236 = LINE ( 'NONE', #1427, #4101 ) ;
#6237 = CARTESIAN_POINT ( 'NONE',  ( -0.7158535582041731793, 0.2518175308233048804, -0.008721132139862716390 ) ) ;
#6238 = PLANE ( 'NONE',  #5278 ) ;
#6239 = DIRECTION ( 'NONE',  ( -1.000000000000000000, -0.0000000000000000000, 0.0000000000000000000 ) ) ;
#6240 = ORIENTED_EDGE ( 'NONE', *, *, #3467, .F. ) ;
#6241 = DIRECTION ( 'NONE',  ( -0.0000000000000000000, 6.123031769111886291E-17, 1.000000000000000000 ) ) ;
#6242 = VECTOR ( 'NONE', #1115, 39.37007874015748143 ) ;
#6243 = VECTOR ( 'NONE', #4618, 39.37007874015748143 ) ;
#6244 = DIRECTION ( 'NONE',  ( 0.0000000000000000000, 0.0000000000000000000, -1.000000000000000000 ) ) ;
#6245 = DIRECTION ( 'NONE',  ( 1.000000000000000000, 0.0000000000000000000, -0.0000000000000000000 ) ) ;
#6246 = DIRECTION ( 'NONE',  ( 1.000000000000000000, -0.0000000000000000000, -0.0000000000000000000 ) ) ;
#6247 = FACE_OUTER_BOUND ( 'NONE', #5350, .T. ) ;
#6248 = FACE_OUTER_BOUND ( 'NONE', #2683, .T. ) ;
#6249 = EDGE_CURVE ( 'NONE', #5034, #1271, #3606, .T. ) ;
#6250 = ADVANCED_FACE ( 'NONE', ( #506 ), #5207, .T. ) ;
#6251 = ORIENTED_EDGE ( 'NONE', *, *, #2789, .F. ) ;
#6252 = ORIENTED_EDGE ( 'NONE', *, *, #1860, .T. ) ;
#6253 = CIRCLE ( 'NONE', #1717, 0.03188976377939998358 ) ;
#6254 = CARTESIAN_POINT ( 'NONE',  ( 0.6015748031471988000, 0.3285433070852992188, -0.09999999999959906238 ) ) ;
#6255 = DIRECTION ( 'NONE',  ( 0.0000000000000000000, -6.123031769111886291E-17, -1.000000000000000000 ) ) ;
#6256 = DIRECTION ( 'NONE',  ( 1.000000000000000000, 6.123031769111886291E-17, -3.749151804555343599E-33 ) ) ;
#6257 = DIRECTION ( 'NONE',  ( -6.123031769111886291E-17, -1.000000000000000000, 0.0000000000000000000 ) ) ;
#6258 = ORIENTED_EDGE ( 'NONE', *, *, #3787, .T. ) ;
#6259 = CARTESIAN_POINT ( 'NONE',  ( 0.05984251968459908949, 0.0000000000000000000, 0.0000000000000000000 ) ) ;
#6260 = ORIENTED_EDGE ( 'NONE', *, *, #842, .F. ) ;
#6261 = LINE ( 'NONE', #891, #175 ) ;
#6262 = VERTEX_POINT ( 'NONE', #931 ) ;
#6263 = CARTESIAN_POINT ( 'NONE',  ( 0.7133858267687989141, 0.2722930320583651920, 2.220446049250313081E-15 ) ) ;
#6264 = AXIS2_PLACEMENT_3D ( 'NONE', #5028, #3890, #2265 ) ;
#6265 = VERTEX_POINT ( 'NONE', #4803 ) ;
#6266 = ADVANCED_FACE ( 'NONE', ( #2125 ), #4276, .T. ) ;
#6267 =( CONVERSION_BASED_UNIT ( 'INCH', #6231 ) LENGTH_UNIT ( ) NAMED_UNIT ( #110 ) );
#6268 = EDGE_LOOP ( 'NONE', ( #5705, #1652, #4876, #1424 ) ) ;
#6269 = VECTOR ( 'NONE', #3888, 39.37007874015748854 ) ;
#6270 = EDGE_CURVE ( 'NONE', #2090, #2178, #4880, .T. ) ;
#6271 = EDGE_CURVE ( 'NONE', #2157, #3951, #2757, .T. ) ;
#6272 = VERTEX_POINT ( 'NONE', #3248 ) ;
#6273 = DIRECTION ( 'NONE',  ( 2.651350529933818450E-17, 1.000000000000000000, -1.530757941964097993E-17 ) ) ;
#6274 = DIRECTION ( 'NONE',  ( 0.0000000000000000000, 0.0000000000000000000, -1.000000000000000000 ) ) ;
#6275 = CARTESIAN_POINT ( 'NONE',  ( -0.6929133858260003720, 1.404634042604553429E-18, -8.600618866843739160E-35 ) ) ;
#6276 = DIRECTION ( 'NONE',  ( 0.0000000000000000000, 6.123031769111886291E-17, 1.000000000000000000 ) ) ;
#6277 = ORIENTED_EDGE ( 'NONE', *, *, #6100, .T. ) ;
#6278 = AXIS2_PLACEMENT_3D ( 'NONE', #5626, #3975, #2452 ) ;
#6279 = ORIENTED_EDGE ( 'NONE', *, *, #6068, .F. ) ;
#6280 = LINE ( 'NONE', #4073, #5115 ) ;
#6281 = DIRECTION ( 'NONE',  ( -1.000000000000000000, 6.123031769111886291E-17, -3.749151804555343599E-33 ) ) ;
#6282 = FACE_OUTER_BOUND ( 'NONE', #3196, .T. ) ;
#6283 = DIRECTION ( 'NONE',  ( 0.0000000000000000000, -6.123031769111886291E-17, -1.000000000000000000 ) ) ;
#6284 = LINE ( 'NONE', #2632, #5023 ) ;
#6285 = CARTESIAN_POINT ( 'NONE',  ( 0.0000000000000000000, 0.0000000000000000000, 4.440892098500626162E-16 ) ) ;
#6286 = VECTOR ( 'NONE', #6592, 39.37007874015748143 ) ;
#6287 = VERTEX_POINT ( 'NONE', #5994 ) ;
#6288 = ORIENTED_EDGE ( 'NONE', *, *, #6986, .T. ) ;
#6289 = DIRECTION ( 'NONE',  ( 0.0000000000000000000, 0.7071067811865474617, -0.7071067811865474617 ) ) ;
#6290 = EDGE_CURVE ( 'NONE', #2170, #687, #48, .T. ) ;
#6291 = ADVANCED_FACE ( 'NONE', ( #1139 ), #4376, .T. ) ;
#6292 = PLANE ( 'NONE',  #6422 ) ;
#6293 = AXIS2_PLACEMENT_3D ( 'NONE', #1822, #3967, #6140 ) ;
#6294 = DIRECTION ( 'NONE',  ( 0.0000000000000000000, 0.7071067811865474617, 0.7071067811865474617 ) ) ;
#6295 = DIRECTION ( 'NONE',  ( 1.000000000000000000, 6.123031769111886291E-17, -3.749151804555343599E-33 ) ) ;
#6296 = CARTESIAN_POINT ( 'NONE',  ( -0.6929133858260003720, 0.1254757207119661933, 0.2185039370070001041 ) ) ;
#6297 = CARTESIAN_POINT ( 'NONE',  ( 0.3838582677149995348, -0.3104330708652991433, -0.3283464566915989535 ) ) ;
#6298 = VERTEX_POINT ( 'NONE', #1206 ) ;
#6299 = CARTESIAN_POINT ( 'NONE',  ( 0.3297244094704998019, -0.2785433070854992366, 0.1610236220466032264 ) ) ;
#6300 = EDGE_CURVE ( 'NONE', #3033, #3025, #1100, .T. ) ;
#6301 = CIRCLE ( 'NONE', #5973, 0.2165354330699997554 ) ;
#6302 = VERTEX_POINT ( 'NONE', #4448 ) ;
#6303 = ORIENTED_EDGE ( 'NONE', *, *, #2525, .T. ) ;
#6304 = ORIENTED_EDGE ( 'NONE', *, *, #1595, .F. ) ;
#6305 = LINE ( 'NONE', #3714, #6159 ) ;
#6306 = ORIENTED_EDGE ( 'NONE', *, *, #327, .T. ) ;
#6307 = AXIS2_PLACEMENT_3D ( 'NONE', #933, #4202, #3641 ) ;
#6308 = VECTOR ( 'NONE', #1387, 39.37007874015748143 ) ;
#6309 = CARTESIAN_POINT ( 'NONE',  ( 0.07972440947149994628, 0.3104330708648994630, 0.1610236220466032264 ) ) ;
#6310 = ADVANCED_FACE ( 'NONE', ( #3316 ), #6055, .F. ) ;
#6311 = CARTESIAN_POINT ( 'NONE',  ( 0.6015748031471988000, 0.3285433070852992188, -0.3118110236207991548 ) ) ;
#6312 = LINE ( 'NONE', #6840, #5882 ) ;
#6313 = DIRECTION ( 'NONE',  ( 0.0000000000000000000, 0.0000000000000000000, 1.000000000000000000 ) ) ;
#6314 = DIRECTION ( 'NONE',  ( 4.329637285359677707E-17, -0.7071067811865475727, -0.7071067811865475727 ) ) ;
#6315 = AXIS2_PLACEMENT_3D ( 'NONE', #2746, #1692, #3697 ) ;
#6316 = ORIENTED_EDGE ( 'NONE', *, *, #6521, .F. ) ;
#6317 = ORIENTED_EDGE ( 'NONE', *, *, #5181, .F. ) ;
#6318 = DIRECTION ( 'NONE',  ( 0.0000000000000000000, -0.7071067811865443531, -0.7071067811865507924 ) ) ;
#6319 = AXIS2_PLACEMENT_3D ( 'NONE', #6430, #2110, #5447 ) ;
#6320 = CIRCLE ( 'NONE', #3485, 0.02362204724400002870 ) ;
#6321 = CARTESIAN_POINT ( 'NONE',  ( 0.6015748031471988000, -0.3385826771639992017, -0.2921259842507990534 ) ) ;
#6322 = DIRECTION ( 'NONE',  ( -1.000000000000000000, -0.0000000000000000000, 0.0000000000000000000 ) ) ;
#6323 = DIRECTION ( 'NONE',  ( 1.000000000000000000, 3.749151804555343599E-33, -2.295617560651552647E-49 ) ) ;
#6324 = LINE ( 'NONE', #6215, #3241 ) ;
#6325 = ORIENTED_EDGE ( 'NONE', *, *, #3489, .T. ) ;
#6326 = VERTEX_POINT ( 'NONE', #610 ) ;
#6327 = PLANE ( 'NONE',  #6768 ) ;
#6328 = CIRCLE ( 'NONE', #2363, 0.007874015748000031539 ) ;
#6329 = CARTESIAN_POINT ( 'NONE',  ( -0.7387937305823460976, 0.2085742236117288928, -0.06552914022995581789 ) ) ;
#6330 = CARTESIAN_POINT ( 'NONE',  ( 0.7352362204694999903, -0.2785433070854992366, 0.1610236220466032264 ) ) ;
#6331 = ORIENTED_EDGE ( 'NONE', *, *, #1374, .T. ) ;
#6332 = CIRCLE ( 'NONE', #4170, 0.02362204724400002870 ) ;
#6333 = ORIENTED_EDGE ( 'NONE', *, *, #4437, .T. ) ;
#6334 = PLANE ( 'NONE',  #5945 ) ;
#6335 = ORIENTED_EDGE ( 'NONE', *, *, #3870, .F. ) ;
#6336 = CARTESIAN_POINT ( 'NONE',  ( 0.1024547350074636043, -0.3285433070852991633, -0.3204724409435995014 ) ) ;
#6337 = EDGE_LOOP ( 'NONE', ( #3365, #5915, #2321, #3536 ) ) ;
#6338 = FACE_OUTER_BOUND ( 'NONE', #1207, .T. ) ;
#6339 = ORIENTED_EDGE ( 'NONE', *, *, #5314, .T. ) ;
#6340 = ADVANCED_FACE ( 'NONE', ( #6543 ), #1702, .T. ) ;
#6341 = ADVANCED_FACE ( 'NONE', ( #2691 ), #3210, .T. ) ;
#6342 = ORIENTED_EDGE ( 'NONE', *, *, #1728, .F. ) ;
#6343 = DIRECTION ( 'NONE',  ( 0.0000000000000000000, 1.000000000000000000, 0.0000000000000000000 ) ) ;
#6344 = ORIENTED_EDGE ( 'NONE', *, *, #1068, .F. ) ;
#6345 = FACE_OUTER_BOUND ( 'NONE', #4872, .T. ) ;
#6346 = FACE_OUTER_BOUND ( 'NONE', #6021, .T. ) ;
#6347 = LINE ( 'NONE', #5391, #1698 ) ;
#6348 = FACE_OUTER_BOUND ( 'NONE', #4308, .T. ) ;
#6349 = AXIS2_PLACEMENT_3D ( 'NONE', #3429, #2331, #1246 ) ;
#6350 = EDGE_CURVE ( 'NONE', #2781, #5382, #5523, .T. ) ;
#6351 = CARTESIAN_POINT ( 'NONE',  ( 0.5797244094694997685, -0.3285433070852992188, 2.664535259100375303E-15 ) ) ;
#6352 = AXIS2_PLACEMENT_3D ( 'NONE', #3809, #3708, #4762 ) ;
#6353 = DIRECTION ( 'NONE',  ( 0.0000000000000000000, 1.000000000000000000, 0.0000000000000000000 ) ) ;
#6354 = DIRECTION ( 'NONE',  ( -0.0000000000000000000, 6.123031769111886291E-17, 1.000000000000000000 ) ) ;
#6355 = DIRECTION ( 'NONE',  ( -1.000000000000000000, -0.0000000000000000000, -0.0000000000000000000 ) ) ;
#6356 = EDGE_CURVE ( 'NONE', #1085, #5150, #2224, .T. ) ;
#6357 =( BOUNDED_CURVE ( )  B_SPLINE_CURVE ( 3, ( #4030, #3503, #2475, #3430 ),
 .UNSPECIFIED., .F., .T. ) 
 B_SPLINE_CURVE_WITH_KNOTS ( ( 4, 4 ),
 ( 4.712388980384687898, 7.853981633974481014 ),
 .UNSPECIFIED. ) 
 CURVE ( )  GEOMETRIC_REPRESENTATION_ITEM ( )  RATIONAL_B_SPLINE_CURVE ( ( 1.000000000000000000, 0.3333333333333333703, 0.3333333333333333703, 1.000000000000000000 ) ) 
 REPRESENTATION_ITEM ( '' )  );
#6358 = EDGE_CURVE ( 'NONE', #5371, #6374, #576, .T. ) ;
#6359 = ORIENTED_EDGE ( 'NONE', *, *, #5674, .F. ) ;
#6360 = VERTEX_POINT ( 'NONE', #4341 ) ;
#6361 = LINE ( 'NONE', #1620, #1795 ) ;
#6362 = AXIS2_PLACEMENT_3D ( 'NONE', #3408, #3974, #1296 ) ;
#6363 = AXIS2_PLACEMENT_3D ( 'NONE', #591, #191, #2771 ) ;
#6364 = DIRECTION ( 'NONE',  ( 1.000000000000000000, 0.0000000000000000000, 0.0000000000000000000 ) ) ;
#6365 = CARTESIAN_POINT ( 'NONE',  ( -0.7387937305823462086, 0.2140999488664507289, -0.04425462353983066616 ) ) ;
#6366 = CARTESIAN_POINT ( 'NONE',  ( 0.1015748031491998660, 0.3285433070852992188, -0.3118110236207991548 ) ) ;
#6367 = ORIENTED_EDGE ( 'NONE', *, *, #2854, .F. ) ;
#6368 = CARTESIAN_POINT ( 'NONE',  ( 0.6811023622019998225, -0.3285433070852992188, -0.3283464566915989535 ) ) ;
#6369 = EDGE_LOOP ( 'NONE', ( #4473, #2396, #6277, #2462, #3535, #1527, #3914, #6303, #6714, #176, #3597, #4629, #3448 ) ) ;
#6370 = CARTESIAN_POINT ( 'NONE',  ( 0.2133858267707999523, -0.3285433070852992188, -0.09999999999959907626 ) ) ;
#6371 = VERTEX_POINT ( 'NONE', #5489 ) ;
#6372 = CARTESIAN_POINT ( 'NONE',  ( 0.07972440947149994628, -0.2431879680263148991, 0.1963789611057866480 ) ) ;
#6373 = VERTEX_POINT ( 'NONE', #109 ) ;
#6374 = VERTEX_POINT ( 'NONE', #2816 ) ;
#6375 = DIRECTION ( 'NONE',  ( 1.000000000000000000, 6.123031769111886291E-17, -3.749151804555343599E-33 ) ) ;
#6376 = FACE_BOUND ( 'NONE', #6051, .T. ) ;
#6377 = VECTOR ( 'NONE', #16, 39.37007874015748143 ) ;
#6378 = EDGE_CURVE ( 'NONE', #3808, #2726, #641, .T. ) ;
#6379 = PLANE ( 'NONE',  #729 ) ;
#6380 = EDGE_CURVE ( 'NONE', #6963, #780, #1568, .T. ) ;
#6381 = DIRECTION ( 'NONE',  ( 0.0000000000000000000, 0.0000000000000000000, 1.000000000000000000 ) ) ;
#6382 = DIRECTION ( 'NONE',  ( 0.0000000000000000000, -6.123031769111886291E-17, -1.000000000000000000 ) ) ;
#6383 = DIRECTION ( 'NONE',  ( -1.000000000000000000, -6.123031769111886291E-17, 3.749151804555343599E-33 ) ) ;
#6384 = ORIENTED_EDGE ( 'NONE', *, *, #3694, .F. ) ;
#6385 = ORIENTED_EDGE ( 'NONE', *, *, #5976, .F. ) ;
#6386 = VECTOR ( 'NONE', #5698, 39.37007874015748143 ) ;
#6387 = CARTESIAN_POINT ( 'NONE',  ( 0.6024547350054634265, 0.3104330708652991433, -0.3204724409435995014 ) ) ;
#6388 = CARTESIAN_POINT ( 'NONE',  ( 1.205321214387282037E-18, 0.3582677165339993031, -0.2921259842507990534 ) ) ;
#6389 = LINE ( 'NONE', #519, #1468 ) ;
#6390 = VECTOR ( 'NONE', #6677, 39.37007874015748143 ) ;
#6391 = LINE ( 'NONE', #3725, #3324 ) ;
#6392 = CARTESIAN_POINT ( 'NONE',  ( 0.0000000000000000000, 0.3285433070852992188, -0.3118110983511730439 ) ) ;
#6393 = ORIENTED_EDGE ( 'NONE', *, *, #2741, .F. ) ;
#6394 = STYLED_ITEM ( 'NONE', ( #4968 ), #6689 ) ;
#6395 = ORIENTED_EDGE ( 'NONE', *, *, #4774, .F. ) ;
#6396 = CARTESIAN_POINT ( 'NONE',  ( 0.1338582677159996237, 0.3285433070852992188, -0.3283464566915989535 ) ) ;
#6397 = ADVANCED_FACE ( 'NONE', ( #6474 ), #1633, .F. ) ;
#6398 = CARTESIAN_POINT ( 'NONE',  ( 0.1015748031491998660, -0.3285433070852992188, -0.3118110236207991548 ) ) ;
#6399 = EDGE_CURVE ( 'NONE', #6454, #1318, #1669, .T. ) ;
#6400 = CARTESIAN_POINT ( 'NONE',  ( 0.3524547350064635154, 0.3285433070852992188, -0.3204724409435995014 ) ) ;
#6401 = FACE_BOUND ( 'NONE', #1515, .T. ) ;
#6402 =( BOUNDED_CURVE ( )  B_SPLINE_CURVE ( 3, ( #580, #3912, #2730, #6514 ),
 .UNSPECIFIED., .F., .T. ) 
 B_SPLINE_CURVE_WITH_KNOTS ( ( 4, 4 ),
 ( 4.712388980384687898, 7.853981633974481014 ),
 .UNSPECIFIED. ) 
 CURVE ( )  GEOMETRIC_REPRESENTATION_ITEM ( )  RATIONAL_B_SPLINE_CURVE ( ( 1.000000000000000000, 0.3333333333333333703, 0.3333333333333333703, 1.000000000000000000 ) ) 
 REPRESENTATION_ITEM ( '' )  );
#6403 = ORIENTED_EDGE ( 'NONE', *, *, #4808, .T. ) ;
#6404 = CARTESIAN_POINT ( 'NONE',  ( 0.6811023622020000445, 0.3285433070852992188, -0.4543307086595991251 ) ) ;
#6405 = ORIENTED_EDGE ( 'NONE', *, *, #632, .T. ) ;
#6406 = ORIENTED_EDGE ( 'NONE', *, *, #5487, .T. ) ;
#6407 = CARTESIAN_POINT ( 'NONE',  ( 0.3297244094704998019, -0.2273686271854815366, 2.663551793822656786E-15 ) ) ;
#6408 = ORIENTED_EDGE ( 'NONE', *, *, #6130, .F. ) ;
#6409 = COLOUR_RGB ( '',0.7529411764705882248, 0.7529411764705882248, 0.7529411764705882248 ) ;
#6410 = CARTESIAN_POINT ( 'NONE',  ( 0.2352362204714992522, -0.2785433070854992366, 0.1610236220466032264 ) ) ;
#6411 = AXIS2_PLACEMENT_3D ( 'NONE', #2837, #4439, #6602 ) ;
#6412 = DIRECTION ( 'NONE',  ( 1.000000000000000000, -0.0000000000000000000, -0.0000000000000000000 ) ) ;
#6413 = CARTESIAN_POINT ( 'NONE',  ( -0.6889763779520006182, 0.0000000000000000000, 0.0000000000000000000 ) ) ;
#6414 = DIRECTION ( 'NONE',  ( 1.000000000000000000, 0.0000000000000000000, 0.0000000000000000000 ) ) ;
#6415 = FACE_OUTER_BOUND ( 'NONE', #3267, .T. ) ;
#6416 = ORIENTED_EDGE ( 'NONE', *, *, #4831, .F. ) ;
#6417 = AXIS2_PLACEMENT_3D ( 'NONE', #5389, #4278, #3180 ) ;
#6418 = VECTOR ( 'NONE', #5249, 39.37007874015748143 ) ;
#6419 = DIRECTION ( 'NONE',  ( 1.000000000000000000, 0.0000000000000000000, 0.0000000000000000000 ) ) ;
#6420 = CARTESIAN_POINT ( 'NONE',  ( 0.6889763779499995522, 0.3104330708652991433, -0.3283464566915989535 ) ) ;
#6421 = CARTESIAN_POINT ( 'NONE',  ( -0.7387937305823458756, 0.06919917601328584578, 0.2077324597776412929 ) ) ;
#6422 = AXIS2_PLACEMENT_3D ( 'NONE', #883, #5153, #1971 ) ;
#6423 = DIRECTION ( 'NONE',  ( -1.000000000000000000, -0.0000000000000000000, 0.0000000000000000000 ) ) ;
#6424 = CARTESIAN_POINT ( 'NONE',  ( 0.4852362204704991910, 0.3285433070852992188, 2.664535259100375303E-15 ) ) ;
#6425 = EDGE_CURVE ( 'NONE', #4080, #6360, #6838, .T. ) ;
#6426 = VERTEX_POINT ( 'NONE', #3385 ) ;
#6427 = AXIS2_PLACEMENT_3D ( 'NONE', #4537, #1571, #3715 ) ;
#6428 = EDGE_CURVE ( 'NONE', #4565, #3204, #5093, .T. ) ;
#6429 = CARTESIAN_POINT ( 'NONE',  ( 0.3515748031481988889, 0.3285433070852991633, -0.3118110485309237290 ) ) ;
#6430 = CARTESIAN_POINT ( 'NONE',  ( 0.1015748031491998660, -0.3285433070852992188, -0.09999999999959907626 ) ) ;
#6431 = LINE ( 'NONE', #5910, #516 ) ;
#6432 = LINE ( 'NONE', #5477, #4928 ) ;
#6433 = VECTOR ( 'NONE', #3891, 39.37007874015748143 ) ;
#6434 = AXIS2_PLACEMENT_3D ( 'NONE', #6299, #4091, #323 ) ;
#6435 = APPLICATION_CONTEXT ( 'automotive_design' ) ;
#6436 = ADVANCED_FACE ( 'NONE', ( #4519 ), #5706, .F. ) ;
#6437 = EDGE_LOOP ( 'NONE', ( #2084, #6063, #6936, #4731 ) ) ;
#6438 = EDGE_CURVE ( 'NONE', #1911, #6360, #2884, .T. ) ;
#6439 = DIRECTION ( 'NONE',  ( -3.749151804555343599E-33, 1.000000000000000000, -6.123031769111886291E-17 ) ) ;
#6440 = ORIENTED_EDGE ( 'NONE', *, *, #5615, .T. ) ;
#6441 = AXIS2_PLACEMENT_3D ( 'NONE', #1500, #17, #5857 ) ;
#6442 = CARTESIAN_POINT ( 'NONE',  ( 0.3515748031481988889, -0.3385826771639992572, -0.2921259842507990534 ) ) ;
#6443 = SHAPE_DEFINITION_REPRESENTATION ( #2478, #2458 ) ;
#6444 = ADVANCED_FACE ( 'NONE', ( #3421 ), #1383, .T. ) ;
#6445 = ORIENTED_EDGE ( 'NONE', *, *, #29, .F. ) ;
#6446 = CARTESIAN_POINT ( 'NONE',  ( 0.0000000000000000000, 0.0000000000000000000, 4.440892098500626162E-16 ) ) ;
#6447 = ADVANCED_FACE ( 'NONE', ( #6127 ), #2922, .T. ) ;
#6448 = VERTEX_POINT ( 'NONE', #852 ) ;
#6449 = CARTESIAN_POINT ( 'NONE',  ( 0.4311023622029998559, -0.3285433070852992188, -0.3283464566915989535 ) ) ;
#6450 = LINE ( 'NONE', #6610, #1856 ) ;
#6451 = DIRECTION ( 'NONE',  ( 1.000000000000000000, 4.592273826835630491E-17, 2.651350530114042352E-17 ) ) ;
#6452 = CARTESIAN_POINT ( 'NONE',  ( 0.7125058949105342876, -0.3285433070852992188, -0.3204724409435995014 ) ) ;
#6453 = DIRECTION ( 'NONE',  ( -0.0000000000000000000, 1.000000000000000000, 0.0000000000000000000 ) ) ;
#6454 = VERTEX_POINT ( 'NONE', #3984 ) ;
#6455 = CARTESIAN_POINT ( 'NONE',  ( 0.1889763779519997300, -0.3285433070852992188, -0.3283464566915989535 ) ) ;
#6456 = CARTESIAN_POINT ( 'NONE',  ( 0.6015748031471988000, -0.3582677165339994141, -0.2921259842507990534 ) ) ;
#6457 = PLANE ( 'NONE',  #2663 ) ;
#6458 = DIRECTION ( 'NONE',  ( -1.000000000000000000, 0.0000000000000000000, 0.0000000000000000000 ) ) ;
#6459 = ORIENTED_EDGE ( 'NONE', *, *, #5348, .T. ) ;
#6460 = ORIENTED_EDGE ( 'NONE', *, *, #4901, .F. ) ;
#6461 = LINE ( 'NONE', #3236, #6643 ) ;
#6462 = FACE_OUTER_BOUND ( 'NONE', #1312, .T. ) ;
#6463 = EDGE_CURVE ( 'NONE', #4348, #224, #710, .T. ) ;
#6464 = CARTESIAN_POINT ( 'NONE',  ( -0.6929133858260003720, 1.404634042604553429E-18, -8.600618866843739160E-35 ) ) ;
#6465 = EDGE_CURVE ( 'NONE', #2052, #5888, #166, .T. ) ;
#6466 = ORIENTED_EDGE ( 'NONE', *, *, #3264, .T. ) ;
#6467 = CIRCLE ( 'NONE', #4428, 0.3070866141720003384 ) ;
#6468 = ORIENTED_EDGE ( 'NONE', *, *, #5899, .F. ) ;
#6469 = CARTESIAN_POINT ( 'NONE',  ( 0.5974540777651312640, -0.3285433070852991633, -0.3118110236207992103 ) ) ;
#6470 = EDGE_CURVE ( 'NONE', #5282, #6869, #5719, .T. ) ;
#6471 = ORIENTED_EDGE ( 'NONE', *, *, #5181, .T. ) ;
#6472 = DIRECTION ( 'NONE',  ( 0.0000000000000000000, 0.0000000000000000000, 1.000000000000000000 ) ) ;
#6473 = VERTEX_POINT ( 'NONE', #6759 ) ;
#6474 = FACE_OUTER_BOUND ( 'NONE', #4039, .T. ) ;
#6475 = VERTEX_POINT ( 'NONE', #6226 ) ;
#6476 = PLANE ( 'NONE',  #4145 ) ;
#6477 = CARTESIAN_POINT ( 'NONE',  ( 0.4389763779509996411, -0.3285433070852992188, -0.3204724409435995014 ) ) ;
#6478 = ADVANCED_FACE ( 'NONE', ( #248 ), #2428, .T. ) ;
#6479 = CARTESIAN_POINT ( 'NONE',  ( 0.5974541065288656583, -0.3385826771640010335, -0.3118110236207991548 ) ) ;
#6480 = ADVANCED_FACE ( 'NONE', ( #1877 ), #2845, .T. ) ;
#6481 = DIRECTION ( 'NONE',  ( -1.000000000000000000, -0.0000000000000000000, 0.0000000000000000000 ) ) ;
#6482 = CARTESIAN_POINT ( 'NONE',  ( -1.815213748867246900E-17, -0.2964566929122000039, 4.440892098500626162E-16 ) ) ;
#6483 = ORIENTED_EDGE ( 'NONE', *, *, #1343, .F. ) ;
#6484 = VERTEX_POINT ( 'NONE', #816 ) ;
#6485 = FACE_BOUND ( 'NONE', #4024, .T. ) ;
#6486 = AXIS2_PLACEMENT_3D ( 'NONE', #5577, #2855, #6665 ) ;
#6487 = LINE ( 'NONE', #6950, #6242 ) ;
#6488 = DIRECTION ( 'NONE',  ( -1.000000000000000000, -0.0000000000000000000, -0.0000000000000000000 ) ) ;
#6489 = CARTESIAN_POINT ( 'NONE',  ( 0.7352362204694999903, 0.2785433070854992366, 0.1610236220466032264 ) ) ;
#6490 = VECTOR ( 'NONE', #4990, 39.37007874015748143 ) ;
#6491 = AXIS2_PLACEMENT_3D ( 'NONE', #681, #3325, #1247 ) ;
#6492 = ORIENTED_EDGE ( 'NONE', *, *, #689, .T. ) ;
#6493 = LINE ( 'NONE', #4296, #4840 ) ;
#6494 = VECTOR ( 'NONE', #2182, 39.37007874015748854 ) ;
#6495 = DIRECTION ( 'NONE',  ( 1.000000000000000000, 0.0000000000000000000, -0.0000000000000000000 ) ) ;
#6496 = AXIS2_PLACEMENT_3D ( 'NONE', #2365, #1276, #3526 ) ;
#6497 = FACE_OUTER_BOUND ( 'NONE', #428, .T. ) ;
#6498 = DIRECTION ( 'NONE',  ( 1.000000000000000000, 6.123031769111886291E-17, -3.749151804555343599E-33 ) ) ;
#6499 = AXIS2_PLACEMENT_3D ( 'NONE', #1335, #6147, #3483 ) ;
#6500 = ORIENTED_EDGE ( 'NONE', *, *, #6529, .F. ) ;
#6501 = EDGE_CURVE ( 'NONE', #5271, #5898, #5014, .T. ) ;
#6502 = VERTEX_POINT ( 'NONE', #1313 ) ;
#6503 = PLANE ( 'NONE',  #2233 ) ;
#6504 = VERTEX_POINT ( 'NONE', #177 ) ;
#6505 = PRODUCT_CONTEXT ( 'NONE', #6076, 'mechanical' ) ;
#6506 = EDGE_LOOP ( 'NONE', ( #1797, #737, #706, #4748 ) ) ;
#6507 = ORIENTED_EDGE ( 'NONE', *, *, #1881, .F. ) ;
#6508 = AXIS2_PLACEMENT_3D ( 'NONE', #3363, #829, #2302 ) ;
#6509 = CARTESIAN_POINT ( 'NONE',  ( 0.2501567777284592342, 0.2722930320583651920, 0.1172306448981628862 ) ) ;
#6510 = ORIENTED_EDGE ( 'NONE', *, *, #5091, .T. ) ;
#6511 = EDGE_CURVE ( 'NONE', #3033, #2178, #1809, .T. ) ;
#6512 = EDGE_CURVE ( 'NONE', #6326, #6373, #215, .T. ) ;
#6513 = DIRECTION ( 'NONE',  ( 1.000000000000000000, 0.0000000000000000000, -0.0000000000000000000 ) ) ;
#6514 = CARTESIAN_POINT ( 'NONE',  ( 0.06889763779499968877, 0.2964566929122000039, 4.641337016453230828E-16 ) ) ;
#6515 = DIRECTION ( 'NONE',  ( 1.000000000000000000, 0.0000000000000000000, -0.0000000000000000000 ) ) ;
#6516 = ORIENTED_EDGE ( 'NONE', *, *, #5223, .T. ) ;
#6517 = ORIENTED_EDGE ( 'NONE', *, *, #1946, .T. ) ;
#6518 = PLANE ( 'NONE',  #2299 ) ;
#6519 = EDGE_CURVE ( 'NONE', #2052, #791, #1349, .T. ) ;
#6520 = VECTOR ( 'NONE', #99, 39.37007874015748143 ) ;
#6521 = EDGE_CURVE ( 'NONE', #3258, #6371, #4725, .T. ) ;
#6522 = DIRECTION ( 'NONE',  ( 0.0000000000000000000, -0.5000000000055685456, -0.8660254037812236128 ) ) ;
#6523 = CARTESIAN_POINT ( 'NONE',  ( 0.07972440947149996016, 0.2559938388666496145, 0.1835730902654524599 ) ) ;
#6524 = CARTESIAN_POINT ( 'NONE',  ( -1.682345300830385748E-32, -0.3582677165339995806, -0.2921259842507990534 ) ) ;
#6525 = CARTESIAN_POINT ( 'NONE',  ( -0.6929133858260003720, 0.0000000000000000000, 0.0000000000000000000 ) ) ;
#6526 = VERTEX_POINT ( 'NONE', #3097 ) ;
#6527 = CIRCLE ( 'NONE', #3466, 0.1659448819000000075 ) ;
#6528 = DIRECTION ( 'NONE',  ( 0.0000000000000000000, -1.000000000000000000, 6.123031769111886291E-17 ) ) ;
#6529 = EDGE_CURVE ( 'NONE', #3105, #5382, #5739, .T. ) ;
#6530 = ORIENTED_EDGE ( 'NONE', *, *, #5515, .T. ) ;
#6531 = VECTOR ( 'NONE', #3251, 39.37007874015748143 ) ;
#6532 = VECTOR ( 'NONE', #4926, 39.37007874015748854 ) ;
#6533 = DIRECTION ( 'NONE',  ( 0.0000000000000000000, -6.123031769111886291E-17, -1.000000000000000000 ) ) ;
#6534 = FACE_OUTER_BOUND ( 'NONE', #6968, .T. ) ;
#6535 = CARTESIAN_POINT ( 'NONE',  ( 0.4633858267697994471, 0.3582677165339994141, -0.2921259842507990534 ) ) ;
#6536 = VECTOR ( 'NONE', #3979, 39.37007874015748143 ) ;
#6537 = VERTEX_POINT ( 'NONE', #5344 ) ;
#6538 = ORIENTED_EDGE ( 'NONE', *, *, #1088, .F. ) ;
#6539 = FACE_OUTER_BOUND ( 'NONE', #1494, .T. ) ;
#6540 = EDGE_LOOP ( 'NONE', ( #2796, #2777, #2294, #4122, #4767, #4835, #138, #5046, #4526, #1463 ) ) ;
#6541 = VERTEX_POINT ( 'NONE', #497 ) ;
#6542 = CIRCLE ( 'NONE', #3822, 0.1261811023500000184 ) ;
#6543 = FACE_OUTER_BOUND ( 'NONE', #3368, .T. ) ;
#6544 = ORIENTED_EDGE ( 'NONE', *, *, #524, .F. ) ;
#6545 = CARTESIAN_POINT ( 'NONE',  ( 0.3297244094704998019, -0.2559938388666494480, 0.1835730902654522656 ) ) ;
#6546 = CARTESIAN_POINT ( 'NONE',  ( 0.7125058949105342876, 0.3285433070852991633, -0.3204724409435995014 ) ) ;
#6547 = EDGE_CURVE ( 'NONE', #6111, #4080, #5200, .T. ) ;
#6548 = CARTESIAN_POINT ( 'NONE',  ( 0.0000000000000000000, -0.3285433070852992188, -0.3118110236207991548 ) ) ;
#6549 = EDGE_CURVE ( 'NONE', #5199, #340, #1979, .T. ) ;
#6550 = LINE ( 'NONE', #2888, #3624 ) ;
#6551 = ORIENTED_EDGE ( 'NONE', *, *, #2103, .T. ) ;
#6552 = FACE_BOUND ( 'NONE', #657, .T. ) ;
#6553 = CARTESIAN_POINT ( 'NONE',  ( 0.1811023622040002223, -0.3104330708652991433, -0.3720363413119387452 ) ) ;
#6554 = LINE ( 'NONE', #3326, #2355 ) ;
#6555 = DIRECTION ( 'NONE',  ( 1.000000000000000000, 6.123031769111886291E-17, -3.749151804555343599E-33 ) ) ;
#6556 = FACE_OUTER_BOUND ( 'NONE', #3340, .T. ) ;
#6557 = EDGE_CURVE ( 'NONE', #3861, #1611, #5832, .T. ) ;
#6558 = ORIENTED_EDGE ( 'NONE', *, *, #638, .F. ) ;
#6559 = VERTEX_POINT ( 'NONE', #6297 ) ;
#6560 = LINE ( 'NONE', #1716, #1955 ) ;
#6561 = ORIENTED_EDGE ( 'NONE', *, *, #2704, .F. ) ;
#6562 = CARTESIAN_POINT ( 'NONE',  ( 0.6338582677139994459, -0.3285433070852992188, -0.3283464566915989535 ) ) ;
#6563 = FACE_OUTER_BOUND ( 'NONE', #590, .T. ) ;
#6564 = FACE_OUTER_BOUND ( 'NONE', #4139, .T. ) ;
#6565 = LINE ( 'NONE', #6082, #1555 ) ;
#6566 = EDGE_CURVE ( 'NONE', #5054, #3873, #2049, .T. ) ;
#6567 = VECTOR ( 'NONE', #181, 39.37007874015748143 ) ;
#6568 = EDGE_CURVE ( 'NONE', #6800, #3173, #2576, .T. ) ;
#6569 = EDGE_LOOP ( 'NONE', ( #4716, #2463, #3178, #5586 ) ) ;
#6570 = ORIENTED_EDGE ( 'NONE', *, *, #437, .T. ) ;
#6571 = DIRECTION ( 'NONE',  ( -0.8660254038140575705, -3.061515884241821815E-17, -0.4999999999486984259 ) ) ;
#6572 = ORIENTED_EDGE ( 'NONE', *, *, #3604, .F. ) ;
#6573 = ORIENTED_EDGE ( 'NONE', *, *, #3747, .F. ) ;
#6574 = VECTOR ( 'NONE', #4753, 39.37007874015748143 ) ;
#6575 = ORIENTED_EDGE ( 'NONE', *, *, #5098, .F. ) ;
#6576 = DIRECTION ( 'NONE',  ( -6.123031769111886291E-17, -1.000000000000000000, 6.123031769111886291E-17 ) ) ;
#6577 = ORIENTED_EDGE ( 'NONE', *, *, #5515, .F. ) ;
#6578 = CARTESIAN_POINT ( 'NONE',  ( 0.0000000000000000000, 0.3385826771639992572, -0.2921259842507990534 ) ) ;
#6579 = AXIS2_PLACEMENT_3D ( 'NONE', #5220, #376, #2521 ) ;
#6580 = VECTOR ( 'NONE', #2830, 39.37007874015748143 ) ;
#6581 = LINE ( 'NONE', #5413, #2562 ) ;
#6582 = CARTESIAN_POINT ( 'NONE',  ( -0.6929133858260003720, -0.2518175308232990517, -0.008721132140004682690 ) ) ;
#6583 = CARTESIAN_POINT ( 'NONE',  ( -0.7387937305823458756, -0.09760346512093576177, -0.1957082222176846353 ) ) ;
#6584 = ORIENTED_EDGE ( 'NONE', *, *, #6557, .T. ) ;
#6585 = ORIENTED_EDGE ( 'NONE', *, *, #1985, .T. ) ;
#6586 = CARTESIAN_POINT ( 'NONE',  ( 0.5648038521901562747, 0.2722930320583657471, 0.1172306448981619842 ) ) ;
#6587 = VECTOR ( 'NONE', #3971, 39.37007874015748143 ) ;
#6588 = EDGE_CURVE ( 'NONE', #3464, #3487, #4692, .T. ) ;
#6589 = EDGE_CURVE ( 'NONE', #3574, #5388, #389, .T. ) ;
#6590 = LINE ( 'NONE', #3504, #2411 ) ;
#6591 = CARTESIAN_POINT ( 'NONE',  ( 0.3838582677149995348, -0.3285433070852992188, -0.3283464566915989535 ) ) ;
#6592 = DIRECTION ( 'NONE',  ( 1.000000000000000000, 6.123031769111886291E-17, -3.749151804555343599E-33 ) ) ;
#6593 = CARTESIAN_POINT ( 'NONE',  ( 0.6338582677139994459, 0.3285433070852992188, -0.3283464566915989535 ) ) ;
#6594 = VERTEX_POINT ( 'NONE', #6368 ) ;
#6595 = ORIENTED_EDGE ( 'NONE', *, *, #1148, .T. ) ;
#6596 = ORIENTED_EDGE ( 'NONE', *, *, #384, .T. ) ;
#6597 = LENGTH_MEASURE_WITH_UNIT ( LENGTH_MEASURE( 0.02539999999999999897 ), #6631 );
#6598 = ADVANCED_FACE ( 'NONE', ( #6793, #5880 ), #1944, .T. ) ;
#6599 = CARTESIAN_POINT ( 'NONE',  ( 0.4633858267697990030, -0.3285433070852992188, -0.3118110236207991548 ) ) ;
#6600 = VECTOR ( 'NONE', #1322, 39.37007874015748143 ) ;
#6601 = LINE ( 'NONE', #1128, #164 ) ;
#6602 = DIRECTION ( 'NONE',  ( 0.0000000000000000000, 0.0000000000000000000, -1.000000000000000000 ) ) ;
#6603 = CIRCLE ( 'NONE', #4104, 0.007874015748000031539 ) ;
#6604 = VERTEX_POINT ( 'NONE', #6828 ) ;
#6605 = ORIENTED_EDGE ( 'NONE', *, *, #5478, .T. ) ;
#6606 = EDGE_CURVE ( 'NONE', #5847, #2033, #6261, .T. ) ;
#6607 = VECTOR ( 'NONE', #5601, 39.37007874015748143 ) ;
#6608 = EDGE_CURVE ( 'NONE', #4827, #3392, #3559, .T. ) ;
#6609 = CARTESIAN_POINT ( 'NONE',  ( 0.3524547350064635154, -0.3285433070852992188, -0.3204724409435995014 ) ) ;
#6610 = CARTESIAN_POINT ( 'NONE',  ( 0.6574803293988269459, 0.3104330708652991433, -0.3204724409435990573 ) ) ;
#6611 = VECTOR ( 'NONE', #4251, 39.37007874015748143 ) ;
#6612 = ORIENTED_EDGE ( 'NONE', *, *, #5135, .F. ) ;
#6613 = VERTEX_POINT ( 'NONE', #1522 ) ;
#6614 = VECTOR ( 'NONE', #5546, 39.37007874015748143 ) ;
#6615 = VERTEX_POINT ( 'NONE', #5310 ) ;
#6616 = CARTESIAN_POINT ( 'NONE',  ( 0.3297244094704998019, 0.3104330708648994630, 0.1610236220466032264 ) ) ;
#6617 = VERTEX_POINT ( 'NONE', #3024 ) ;
#6618 = CARTESIAN_POINT ( 'NONE',  ( -0.7387937305823457645, -0.1056347180059842156, -0.1912727812297275454 ) ) ;
#6619 = DIRECTION ( 'NONE',  ( -1.000000000000000000, -3.061515884555943146E-17, -3.061515884555943146E-17 ) ) ;
#6620 = CARTESIAN_POINT ( 'NONE',  ( 0.0000000000000000000, 0.3582677165339997472, -0.2921259842507990534 ) ) ;
#6621 = CARTESIAN_POINT ( 'NONE',  ( -0.6181102362200001643, 0.0000000000000000000, 0.0000000000000000000 ) ) ;
#6622 = ORIENTED_EDGE ( 'NONE', *, *, #682, .F. ) ;
#6623 = ORIENTED_EDGE ( 'NONE', *, *, #4335, .T. ) ;
#6624 = FACE_BOUND ( 'NONE', #1817, .T. ) ;
#6625 = DIRECTION ( 'NONE',  ( 1.000000000000000000, 6.123031769111886291E-17, -3.749151804555343599E-33 ) ) ;
#6626 = LINE ( 'NONE', #2337, #6659 ) ;
#6627 = DIRECTION ( 'NONE',  ( 1.000000000000000000, 0.0000000000000000000, 0.0000000000000000000 ) ) ;
#6628 = CARTESIAN_POINT ( 'NONE',  ( 0.6259842519659999382, -0.3285433070852992188, -0.3204724409435995014 ) ) ;
#6629 = VERTEX_POINT ( 'NONE', #5776 ) ;
#6630 = ORIENTED_EDGE ( 'NONE', *, *, #1057, .F. ) ;
#6631 =( LENGTH_UNIT ( ) NAMED_UNIT ( * ) SI_UNIT ( $, .METRE. ) );
#6632 = DIRECTION ( 'NONE',  ( -1.000000000000000000, 0.0000000000000000000, 0.0000000000000000000 ) ) ;
#6633 = DIRECTION ( 'NONE',  ( -0.0000000000000000000, 1.000000000000000000, -6.123031769111886291E-17 ) ) ;
#6634 = AXIS2_PLACEMENT_3D ( 'NONE', #1326, #4426, #2895 ) ;
#6635 = DIRECTION ( 'NONE',  ( 0.0000000000000000000, 0.0000000000000000000, 1.000000000000000000 ) ) ;
#6636 = CARTESIAN_POINT ( 'NONE',  ( 0.7352362204694999903, 0.2431879680263150656, 0.1963789611057868423 ) ) ;
#6637 = ADVANCED_FACE ( 'NONE', ( #6861 ), #6334, .T. ) ;
#6638 = AXIS2_PLACEMENT_3D ( 'NONE', #3635, #3671, #3101 ) ;
#6639 = EDGE_LOOP ( 'NONE', ( #4303, #1412, #5287, #6331, #4270, #5456, #735, #2493, #3528 ) ) ;
#6640 = ORIENTED_EDGE ( 'NONE', *, *, #5358, .T. ) ;
#6641 = FACE_OUTER_BOUND ( 'NONE', #216, .T. ) ;
#6642 = CARTESIAN_POINT ( 'NONE',  ( -0.5198818897637003111, 2.296212748392106741E-17, 0.1874999999992503497 ) ) ;
#6643 = VECTOR ( 'NONE', #6930, 39.37007874015748143 ) ;
#6644 = CIRCLE ( 'NONE', #6883, 0.04999999999980000998 ) ;
#6645 = ORIENTED_EDGE ( 'NONE', *, *, #5924, .F. ) ;
#6646 = EDGE_CURVE ( 'NONE', #791, #3638, #2978, .T. ) ;
#6647 = ORIENTED_EDGE ( 'NONE', *, *, #3904, .F. ) ;
#6648 = EDGE_CURVE ( 'NONE', #165, #4902, #6956, .T. ) ;
#6649 = ORIENTED_EDGE ( 'NONE', *, *, #2277, .F. ) ;
#6650 = DIRECTION ( 'NONE',  ( 0.0000000000000000000, -1.000000000000000000, 0.0000000000000000000 ) ) ;
#6651 = ORIENTED_EDGE ( 'NONE', *, *, #5571, .T. ) ;
#6652 = VECTOR ( 'NONE', #5255, 39.37007874015748143 ) ;
#6653 = CIRCLE ( 'NONE', #3593, 0.01968503937000001119 ) ;
#6654 = CARTESIAN_POINT ( 'NONE',  ( -0.7387937305823458756, -0.2085710973114924538, 0.06623878660367196747 ) ) ;
#6655 = LINE ( 'NONE', #5096, #1666 ) ;
#6656 = CARTESIAN_POINT ( 'NONE',  ( 0.07972440947149994628, -0.3104330708648994075, 0.1610236220466032264 ) ) ;
#6657 = EDGE_CURVE ( 'NONE', #3173, #4348, #3166, .T. ) ;
#6658 = CARTESIAN_POINT ( 'NONE',  ( -0.7387937305823455425, -0.07214399065248011667, -0.2064542167049095711 ) ) ;
#6659 = VECTOR ( 'NONE', #3433, 39.37007874015748143 ) ;
#6660 = VECTOR ( 'NONE', #3845, 39.37007874015748143 ) ;
#6661 = EDGE_CURVE ( 'NONE', #4978, #3400, #1556, .T. ) ;
#6662 = EDGE_CURVE ( 'NONE', #2251, #3133, #661, .T. ) ;
#6663 = ORIENTED_EDGE ( 'NONE', *, *, #755, .F. ) ;
#6664 = CARTESIAN_POINT ( 'NONE',  ( 0.9263779527521984747, -3.188074612150488260E-17, 4.440892098500626162E-16 ) ) ;
#6665 = DIRECTION ( 'NONE',  ( 0.0000000000000000000, 1.000000000000000000, -6.123031769111886291E-17 ) ) ;
#6666 = DIRECTION ( 'NONE',  ( 1.000000000000000000, 0.0000000000000000000, 0.0000000000000000000 ) ) ;
#6667 = CARTESIAN_POINT ( 'NONE',  ( 0.7175065665327341469, -0.3104330708652991433, -0.3118110236207988217 ) ) ;
#6668 = PLANE ( 'NONE',  #4594 ) ;
#6669 = VERTEX_POINT ( 'NONE', #194 ) ;
#6670 = ORIENTED_EDGE ( 'NONE', *, *, #4601, .F. ) ;
#6671 = CARTESIAN_POINT ( 'NONE',  ( 0.1338582677160000955, 0.3285433070852992188, -0.3283464566915989535 ) ) ;
#6672 = ORIENTED_EDGE ( 'NONE', *, *, #4916, .T. ) ;
#6673 = DIRECTION ( 'NONE',  ( -1.000000000000000000, 6.123031769111886291E-17, -3.749151804555343599E-33 ) ) ;
#6674 = DIRECTION ( 'NONE',  ( -0.4999999999486984259, 0.0000000000000000000, 0.8660254038140575705 ) ) ;
#6675 = CARTESIAN_POINT ( 'NONE',  ( 0.6889763779499995522, -0.3285433070852991633, -0.3204724409435995014 ) ) ;
#6676 = DIRECTION ( 'NONE',  ( 1.000000000000000000, 0.0000000000000000000, 0.0000000000000000000 ) ) ;
#6677 = DIRECTION ( 'NONE',  ( -0.0000000000000000000, -1.000000000000000000, 6.123031769111886291E-17 ) ) ;
#6678 = CARTESIAN_POINT ( 'NONE',  ( 0.2460629921262373898, 0.3582677165339997472, 4.440892098500626162E-16 ) ) ;
#6679 = ORIENTED_EDGE ( 'NONE', *, *, #5135, .T. ) ;
#6680 = ORIENTED_EDGE ( 'NONE', *, *, #4806, .T. ) ;
#6681 = ADVANCED_FACE ( 'NONE', ( #2245 ), #3940, .T. ) ;
#6682 = DIRECTION ( 'NONE',  ( -1.000000000000000000, 6.123031769111886291E-17, -3.749151804555343599E-33 ) ) ;
#6683 = DIRECTION ( 'NONE',  ( 0.0000000000000000000, -6.123031769111886291E-17, -1.000000000000000000 ) ) ;
#6684 = ORIENTED_EDGE ( 'NONE', *, *, #4226, .T. ) ;
#6685 = ORIENTED_EDGE ( 'NONE', *, *, #3579, .F. ) ;
#6686 = ORIENTED_EDGE ( 'NONE', *, *, #3338, .T. ) ;
#6687 = DIRECTION ( 'NONE',  ( -0.0000000000000000000, -6.123031769111886291E-17, -1.000000000000000000 ) ) ;
#6688 = ORIENTED_EDGE ( 'NONE', *, *, #2677, .T. ) ;
#6689 = MANIFOLD_SOLID_BREP ( 'Imported1', #5341 ) ;
#6690 = EDGE_CURVE ( 'NONE', #3885, #6617, #2344, .T. ) ;
#6691 = DIRECTION ( 'NONE',  ( 0.0000000000000000000, 0.0000000000000000000, -1.000000000000000000 ) ) ;
#6692 = PRESENTATION_STYLE_ASSIGNMENT (( #818 ) ) ;
#6693 = LINE ( 'NONE', #6102, #698 ) ;
#6694 = VERTEX_POINT ( 'NONE', #3898 ) ;
#6695 = ORIENTED_EDGE ( 'NONE', *, *, #5516, .T. ) ;
#6696 = CARTESIAN_POINT ( 'NONE',  ( 0.1889763779519997300, -0.3285433070852992188, -0.3283464566915989535 ) ) ;
#6697 = CONICAL_SURFACE ( 'NONE', #6579, 0.1874999999965732966, 0.5235987755617378392 ) ;
#6698 = ADVANCED_FACE ( 'NONE', ( #2682 ), #4467, .T. ) ;
#6699 = VECTOR ( 'NONE', #6777, 39.37007874015748143 ) ;
#6700 = EDGE_CURVE ( 'NONE', #321, #5011, #4794, .T. ) ;
#6701 = CARTESIAN_POINT ( 'NONE',  ( 0.4852362204704991910, 0.2273686271854815644, 0.1038228542632961826 ) ) ;
#6702 = CARTESIAN_POINT ( 'NONE',  ( -0.7780295897548604733, 0.1166187696334925056, -0.06423745109902344319 ) ) ;
#6703 = DIRECTION ( 'NONE',  ( 6.123031769111886291E-17, -1.000000000000000000, 0.0000000000000000000 ) ) ;
#6704 = LINE ( 'NONE', #1854, #6532 ) ;
#6705 = VERTEX_POINT ( 'NONE', #6042 ) ;
#6706 = ORIENTED_EDGE ( 'NONE', *, *, #4590, .F. ) ;
#6707 = CARTESIAN_POINT ( 'NONE',  ( 0.3297244094704998019, 0.07242074860119973589, 1.832271301095619974E-15 ) ) ;
#6708 = CARTESIAN_POINT ( 'NONE',  ( 0.7133858267687989141, 0.2722930320583651920, 2.220446049250313081E-15 ) ) ;
#6709 = FACE_OUTER_BOUND ( 'NONE', #3028, .T. ) ;
#6710 = DIRECTION ( 'NONE',  ( -5.302701060231057106E-17, 0.8660254037846004671, 0.4999999999997196132 ) ) ;
#6711 = CARTESIAN_POINT ( 'NONE',  ( 0.6259842519659999382, 0.3285433070852992188, -0.3204724409435995014 ) ) ;
#6712 = CARTESIAN_POINT ( 'NONE',  ( 0.0000000000000000000, 0.3285433070852992188, -0.3204724409435990573 ) ) ;
#6713 = ORIENTED_EDGE ( 'NONE', *, *, #2947, .F. ) ;
#6714 = ORIENTED_EDGE ( 'NONE', *, *, #4292, .T. ) ;
#6715 = VECTOR ( 'NONE', #579, 39.37007874015748143 ) ;
#6716 = CARTESIAN_POINT ( 'NONE',  ( -0.7387937305823458756, 0.1254757207119675810, -0.2185039370070007703 ) ) ;
#6717 = AXIS2_PLACEMENT_3D ( 'NONE', #4701, #4131, #4200 ) ;
#6718 = CARTESIAN_POINT ( 'NONE',  ( 0.3524547350064635154, 0.3104330708652991433, -0.3204724409435995014 ) ) ;
#6719 = PLANE ( 'NONE',  #1925 ) ;
#6720 = ORIENTED_EDGE ( 'NONE', *, *, #285, .F. ) ;
#6721 = ORIENTED_EDGE ( 'NONE', *, *, #3925, .T. ) ;
#6722 = ADVANCED_FACE ( 'NONE', ( #6075 ), #1225, .T. ) ;
#6723 = ORIENTED_EDGE ( 'NONE', *, *, #1233, .F. ) ;
#6724 = AXIS2_PLACEMENT_3D ( 'NONE', #2985, #4586, #4622 ) ;
#6725 = DIRECTION ( 'NONE',  ( 1.000000000000000000, 6.123031769111886291E-17, -3.749151804555343599E-33 ) ) ;
#6726 = VERTEX_POINT ( 'NONE', #6114 ) ;
#6727 = PRODUCT ( 'Imported4', 'Imported4', '', ( #1565 ) ) ;
#6728 = CYLINDRICAL_SURFACE ( 'NONE', #566, 0.3070866141720003384 ) ;
#6729 = AXIS2_PLACEMENT_3D ( 'NONE', #430, #2641, #4755 ) ;
#6730 = DIRECTION ( 'NONE',  ( -1.000000000000000000, -3.749151804555343599E-33, 2.295617560651552647E-49 ) ) ;
#6731 = SHAPE_REPRESENTATION_RELATIONSHIP ( 'NONE' , 'NONE' ,  #1026, #6820 ) ;
#6732 = ADVANCED_FACE ( 'NONE', ( #5506 ), #156, .T. ) ;
#6733 = EDGE_CURVE ( 'NONE', #6705, #4385, #764, .T. ) ;
#6734 = ADVANCED_FACE ( 'NONE', ( #4795 ), #2117, .T. ) ;
#6735 = LINE ( 'NONE', #3962, #2643 ) ;
#6736 = LINE ( 'NONE', #1740, #3537 ) ;
#6737 = DIRECTION ( 'NONE',  ( 0.0000000000000000000, 1.000000000000000000, 0.0000000000000000000 ) ) ;
#6738 = CARTESIAN_POINT ( 'NONE',  ( 0.07972440947149994628, -0.07242074860119984692, 2.664535259100375303E-15 ) ) ;
#6739 = VERTEX_POINT ( 'NONE', #1330 ) ;
#6740 = EDGE_LOOP ( 'NONE', ( #4463, #3331, #1763, #6575 ) ) ;
#6741 = ADVANCED_FACE ( 'NONE', ( #5183 ), #2936, .F. ) ;
#6742 = CYLINDRICAL_SURFACE ( 'NONE', #603, 0.1556775442178812696 ) ;
#6743 = CYLINDRICAL_SURFACE ( 'NONE', #4747, 0.02362204724400002870 ) ;
#6744 = DIRECTION ( 'NONE',  ( 1.000000000000000000, -0.0000000000000000000, -0.0000000000000000000 ) ) ;
#6745 = CARTESIAN_POINT ( 'NONE',  ( 0.4852362204704991910, 0.2785433070854992366, 0.1610236220466032264 ) ) ;
#6746 = CARTESIAN_POINT ( 'NONE',  ( 0.6024547350054634265, 0.3285433070852992188, -0.3204724409435995014 ) ) ;
#6747 = FACE_OUTER_BOUND ( 'NONE', #991, .T. ) ;
#6748 = CARTESIAN_POINT ( 'NONE',  ( 0.5797244094694997685, -0.2559938388666496145, 0.1835730902654524321 ) ) ;
#6749 = VECTOR ( 'NONE', #4811, 39.37007874015748143 ) ;
#6750 = ADVANCED_FACE ( 'NONE', ( #2413 ), #1895, .T. ) ;
#6751 = EDGE_LOOP ( 'NONE', ( #3378, #3548, #6766, #4230 ) ) ;
#6752 = AXIS2_PLACEMENT_3D ( 'NONE', #2599, #1584, #1686 ) ;
#6753 = DIRECTION ( 'NONE',  ( 6.123031769111886291E-17, -1.000000000000000000, 0.0000000000000000000 ) ) ;
#6754 = CARTESIAN_POINT ( 'NONE',  ( 0.0000000000000000000, 8.881784197001252323E-16, -0.06594492574901833493 ) ) ;
#6755 = CARTESIAN_POINT ( 'NONE',  ( 0.6889763779499995522, 0.3285433070852992188, -0.3204724409435995014 ) ) ;
#6756 = ORIENTED_EDGE ( 'NONE', *, *, #6547, .T. ) ;
#6757 = VERTEX_POINT ( 'NONE', #6779 ) ;
#6758 = VECTOR ( 'NONE', #5130, 39.37007874015748143 ) ;
#6759 = CARTESIAN_POINT ( 'NONE',  ( 0.2352362204714992522, -0.3285433070852992188, 0.1610236220466032264 ) ) ;
#6760 = EDGE_LOOP ( 'NONE', ( #2734, #2616, #1443, #283, #3839, #6260, #4100, #3945 ) ) ;
#6761 = VECTOR ( 'NONE', #2567, 39.37007874015748143 ) ;
#6762 = CARTESIAN_POINT ( 'NONE',  ( -0.7387937305823457645, -0.2054271104384352564, -0.07542277412350947841 ) ) ;
#6763 = VECTOR ( 'NONE', #3751, 39.37007874015748143 ) ;
#6764 = ORIENTED_EDGE ( 'NONE', *, *, #6380, .F. ) ;
#6765 = LINE ( 'NONE', #3601, #6758 ) ;
#6766 = ORIENTED_EDGE ( 'NONE', *, *, #5844, .T. ) ;
#6767 = VECTOR ( 'NONE', #1592, 39.37007874015748143 ) ;
#6768 = AXIS2_PLACEMENT_3D ( 'NONE', #882, #5667, #6289 ) ;
#6769 = DIRECTION ( 'NONE',  ( -0.4999999999487850788, 0.0000000000000000000, -0.8660254038140076105 ) ) ;
#6770 = EDGE_CURVE ( 'NONE', #932, #6615, #872, .T. ) ;
#6771 = CARTESIAN_POINT ( 'NONE',  ( -0.7224473023387730786, 0.2560284877653626889, 0.03281296362791819715 ) ) ;
#6772 = ADVANCED_FACE ( 'NONE', ( #4603 ), #5109, .F. ) ;
#6773 = CARTESIAN_POINT ( 'NONE',  ( -0.7387937305823458756, 0.2518175308233017162, -0.008721132139862584551 ) ) ;
#6774 = VECTOR ( 'NONE', #4991, 39.37007874015748143 ) ;
#6775 = DIRECTION ( 'NONE',  ( 6.123031769111886291E-17, -1.000000000000000000, 0.0000000000000000000 ) ) ;
#6776 = ORIENTED_EDGE ( 'NONE', *, *, #3477, .F. ) ;
#6777 = DIRECTION ( 'NONE',  ( 0.0000000000000000000, 1.000000000000000000, -6.123031769111886291E-17 ) ) ;
#6778 = VECTOR ( 'NONE', #5139, 39.37007874015748854 ) ;
#6779 = CARTESIAN_POINT ( 'NONE',  ( 0.8114173228314003339, 0.3385826771639992017, -0.3118110236207992103 ) ) ;
#6780 = CARTESIAN_POINT ( 'NONE',  ( 0.5797244094694997685, -0.2431879680263148991, 0.1963789611057866480 ) ) ;
#6781 = DIRECTION ( 'NONE',  ( -0.0000000000000000000, 1.000000000000000000, -6.123031769111886291E-17 ) ) ;
#6782 = CYLINDRICAL_SURFACE ( 'NONE', #1334, 0.2964566929122000039 ) ;
#6783 = ORIENTED_EDGE ( 'NONE', *, *, #3009, .F. ) ;
#6784 = ORIENTED_EDGE ( 'NONE', *, *, #3853, .T. ) ;
#6785 = DIRECTION ( 'NONE',  ( -0.0000000000000000000, -0.7071067811865474617, 0.7071067811865474617 ) ) ;
#6786 = FACE_OUTER_BOUND ( 'NONE', #2222, .T. ) ;
#6787 = EDGE_CURVE ( 'NONE', #436, #6302, #5725, .T. ) ;
#6788 = CARTESIAN_POINT ( 'NONE',  ( 0.1015748031491998660, 0.3285433070852992188, -0.3118110236207991548 ) ) ;
#6789 = ADVANCED_FACE ( 'NONE', ( #5659 ), #3007, .T. ) ;
#6790 = CARTESIAN_POINT ( 'NONE',  ( 0.3297244094704998019, -0.3285433070852991633, 1.575011241300965445E-15 ) ) ;
#6791 = ORIENTED_EDGE ( 'NONE', *, *, #2017, .F. ) ;
#6792 = DIRECTION ( 'NONE',  ( -1.000000000000000000, -0.0000000000000000000, -0.0000000000000000000 ) ) ;
#6793 = FACE_OUTER_BOUND ( 'NONE', #3240, .T. ) ;
#6794 = ORIENTED_EDGE ( 'NONE', *, *, #3837, .F. ) ;
#6795 = CARTESIAN_POINT ( 'NONE',  ( 0.7352362204694999903, 0.3104330708648994630, 0.1610236220466032264 ) ) ;
#6796 = CARTESIAN_POINT ( 'NONE',  ( -0.6929133858260003720, 0.2518175308233049914, 0.008721132139860501148 ) ) ;
#6797 = EDGE_LOOP ( 'NONE', ( #1806, #2280, #2022, #5956 ) ) ;
#6798 = ORIENTED_EDGE ( 'NONE', *, *, #1747, .T. ) ;
#6799 = LINE ( 'NONE', #332, #2414 ) ;
#6800 = VERTEX_POINT ( 'NONE', #3578 ) ;
#6801 = CARTESIAN_POINT ( 'NONE',  ( 0.4311023622029995783, -0.3285433070852992188, -0.3283464566915989535 ) ) ;
#6802 = DIRECTION ( 'NONE',  ( -1.000000000000000000, -6.123031769111886291E-17, 3.749151804555343599E-33 ) ) ;
#6803 = DIRECTION ( 'NONE',  ( -0.0000000000000000000, 1.000000000000000000, 0.0000000000000000000 ) ) ;
#6804 = VERTEX_POINT ( 'NONE', #5759 ) ;
#6805 = VERTEX_POINT ( 'NONE', #4041 ) ;
#6806 = ADVANCED_FACE ( 'NONE', ( #4568 ), #6743, .T. ) ;
#6807 = VECTOR ( 'NONE', #1963, 39.37007874015748143 ) ;
#6808 = EDGE_CURVE ( 'NONE', #211, #3208, #3476, .T. ) ;
#6809 = DIRECTION ( 'NONE',  ( 0.0000000000000000000, -6.123031769111886291E-17, -1.000000000000000000 ) ) ;
#6810 = CARTESIAN_POINT ( 'NONE',  ( 0.6259842519659999382, -0.3285433070852991633, -0.3204724409435995014 ) ) ;
#6811 = LINE ( 'NONE', #2972, #1912 ) ;
#6812 = LINE ( 'NONE', #347, #3549 ) ;
#6813 = VECTOR ( 'NONE', #1366, 39.37007874015748143 ) ;
#6814 = EDGE_CURVE ( 'NONE', #6975, #6287, #592, .T. ) ;
#6815 = EDGE_CURVE ( 'NONE', #1204, #1160, #5218, .T. ) ;
#6816 = EDGE_CURVE ( 'NONE', #3246, #4440, #4536, .T. ) ;
#6817 = VERTEX_POINT ( 'NONE', #5691 ) ;
#6818 = DIRECTION ( 'NONE',  ( 2.651350529933675469E-17, -1.000000000000000000, 1.530757941963850550E-17 ) ) ;
#6819 = DIRECTION ( 'NONE',  ( 0.0000000000000000000, 1.000000000000000000, 0.0000000000000000000 ) ) ;
#6820 = ADVANCED_BREP_SHAPE_REPRESENTATION ( '', ( #2009, #1149 ), #2733 ) ;
#6821 = LINE ( 'NONE', #6788, #5017 ) ;
#6822 = DIRECTION ( 'NONE',  ( 1.000000000000000000, 0.0000000000000000000, 0.0000000000000000000 ) ) ;
#6823 = ORIENTED_EDGE ( 'NONE', *, *, #326, .F. ) ;
#6824 = LINE ( 'NONE', #3056, #3292 ) ;
#6825 = EDGE_CURVE ( 'NONE', #1902, #1601, #833, .T. ) ;
#6826 = VERTEX_POINT ( 'NONE', #2447 ) ;
#6827 = ADVANCED_FACE ( 'NONE', ( #6167 ), #4985, .T. ) ;
#6828 = CARTESIAN_POINT ( 'NONE',  ( 0.07972440947149994628, 0.3285433070852992188, 0.1610236220466032264 ) ) ;
#6829 = ORIENTED_EDGE ( 'NONE', *, *, #2055, .F. ) ;
#6830 = CARTESIAN_POINT ( 'NONE',  ( 0.4389763779509996411, 0.3104330708652991433, -0.3283464566915989535 ) ) ;
#6831 = ORIENTED_EDGE ( 'NONE', *, *, #1243, .T. ) ;
#6832 = PRESENTATION_STYLE_ASSIGNMENT (( #2510 ) ) ;
#6833 = AXIS2_PLACEMENT_3D ( 'NONE', #4776, #5901, #1472 ) ;
#6834 = ORIENTED_EDGE ( 'NONE', *, *, #5974, .F. ) ;
#6835 = FACE_OUTER_BOUND ( 'NONE', #5406, .T. ) ;
#6836 = ORIENTED_EDGE ( 'NONE', *, *, #2593, .F. ) ;
#6837 = CIRCLE ( 'NONE', #4788, 0.03188976377939998358 ) ;
#6838 = CIRCLE ( 'NONE', #3096, 0.007874015748000031539 ) ;
#6839 = LINE ( 'NONE', #2998, #619 ) ;
#6840 = CARTESIAN_POINT ( 'NONE',  ( 0.4675065665337347909, -0.3385826771640010335, -0.3118110236207991548 ) ) ;
#6841 = CARTESIAN_POINT ( 'NONE',  ( 0.1015748031491998660, -0.3285433070852991633, -0.3118110236207990438 ) ) ;
#6842 = CARTESIAN_POINT ( 'NONE',  ( 0.3838582677149996458, -0.3104330708652991433, -0.4543307086595991251 ) ) ;
#6843 = ORIENTED_EDGE ( 'NONE', *, *, #475, .F. ) ;
#6844 =( GEOMETRIC_REPRESENTATION_CONTEXT ( 3 ) GLOBAL_UNCERTAINTY_ASSIGNED_CONTEXT ( ( #6890 ) ) GLOBAL_UNIT_ASSIGNED_CONTEXT ( ( #127, #3332, #2272 ) ) REPRESENTATION_CONTEXT ( 'NONE', 'WORKASPACE' ) );
#6845 = FACE_OUTER_BOUND ( 'NONE', #1585, .T. ) ;
#6846 = CARTESIAN_POINT ( 'NONE',  ( 0.8114173228314000008, 0.2964566929121998373, 4.458996087168407045E-16 ) ) ;
#6847 = LINE ( 'NONE', #5661, #2798 ) ;
#6848 = DIRECTION ( 'NONE',  ( 1.000000000000000000, 0.0000000000000000000, 0.0000000000000000000 ) ) ;
#6849 = FACE_OUTER_BOUND ( 'NONE', #2687, .T. ) ;
#6850 = EDGE_LOOP ( 'NONE', ( #6685, #6084, #5670, #6086 ) ) ;
#6851 = PLANE ( 'NONE',  #5518 ) ;
#6852 = AXIS2_PLACEMENT_3D ( 'NONE', #3611, #2555, #4174 ) ;
#6853 = CYLINDRICAL_SURFACE ( 'NONE', #3881, 0.02362204724400002870 ) ;
#6854 = EDGE_CURVE ( 'NONE', #5123, #2054, #77, .T. ) ;
#6855 = DIRECTION ( 'NONE',  ( 0.0000000000000000000, 0.0000000000000000000, 1.000000000000000000 ) ) ;
#6856 = EDGE_CURVE ( 'NONE', #4646, #381, #418, .T. ) ;
#6857 = ADVANCED_FACE ( 'NONE', ( #3356 ), #1317, .F. ) ;
#6858 = ORIENTED_EDGE ( 'NONE', *, *, #87, .T. ) ;
#6859 = VERTEX_POINT ( 'NONE', #1815 ) ;
#6860 = CIRCLE ( 'NONE', #3684, 0.01968503937000001119 ) ;
#6861 = FACE_OUTER_BOUND ( 'NONE', #1265, .T. ) ;
#6862 = ORIENTED_EDGE ( 'NONE', *, *, #4424, .T. ) ;
#6863 = LINE ( 'NONE', #2469, #1561 ) ;
#6864 = CIRCLE ( 'NONE', #5055, 0.01968503937000001119 ) ;
#6865 = EDGE_CURVE ( 'NONE', #2054, #5123, #680, .T. ) ;
#6866 = ORIENTED_EDGE ( 'NONE', *, *, #4337, .F. ) ;
#6867 = DIRECTION ( 'NONE',  ( 0.0000000000000000000, 1.000000000000000000, 0.0000000000000000000 ) ) ;
#6868 = ORIENTED_EDGE ( 'NONE', *, *, #6521, .T. ) ;
#6869 = VERTEX_POINT ( 'NONE', #2927 ) ;
#6870 = CARTESIAN_POINT ( 'NONE',  ( -0.3901574803154005955, 0.0000000000000000000, 0.1261811023500000184 ) ) ;
#6871 = ORIENTED_EDGE ( 'NONE', *, *, #2479, .T. ) ;
#6872 = AXIS2_PLACEMENT_3D ( 'NONE', #6207, #1432, #2032 ) ;
#6873 = CARTESIAN_POINT ( 'NONE',  ( 0.0000000000000000000, -0.04680900692053314299, 4.688921863164611502E-16 ) ) ;
#6874 = CARTESIAN_POINT ( 'NONE',  ( -0.7545962357442164148, 0.1655014285602894042, 0.1812642928065203163 ) ) ;
#6875 = EDGE_CURVE ( 'NONE', #6448, #4130, #2937, .T. ) ;
#6876 = LINE ( 'NONE', #5361, #3602 ) ;
#6877 = EDGE_CURVE ( 'NONE', #4190, #1911, #6693, .T. ) ;
#6878 = DIRECTION ( 'NONE',  ( 0.0000000000000000000, 0.7071067811865474617, 0.7071067811865474617 ) ) ;
#6879 = CARTESIAN_POINT ( 'NONE',  ( 0.2125058949125353536, -0.3104330708652991433, -0.3204724409435995014 ) ) ;
#6880 = EDGE_CURVE ( 'NONE', #308, #5775, #2293, .T. ) ;
#6881 = VECTOR ( 'NONE', #4789, 39.37007874015748143 ) ;
#6882 = ORIENTED_EDGE ( 'NONE', *, *, #3871, .T. ) ;
#6883 = AXIS2_PLACEMENT_3D ( 'NONE', #1491, #5276, #840 ) ;
#6884 = ORIENTED_EDGE ( 'NONE', *, *, #5191, .F. ) ;
#6885 = DIRECTION ( 'NONE',  ( 0.0000000000000000000, 1.000000000000000000, -6.123031769111886291E-17 ) ) ;
#6886 = AXIS2_PLACEMENT_3D ( 'NONE', #3901, #3409, #1791 ) ;
#6887 = CIRCLE ( 'NONE', #4383, 0.01968503937000001119 ) ;
#6888 = PLANE ( 'NONE',  #4988 ) ;
#6889 = DIRECTION ( 'NONE',  ( -1.000000000000000000, -6.123031769111886291E-17, 3.749151804555343599E-33 ) ) ;
#6890 = UNCERTAINTY_MEASURE_WITH_UNIT (LENGTH_MEASURE( 1.000000000000000082E-05 ), #127, 'distance_accuracy_value', 'NONE');
#6891 = CARTESIAN_POINT ( 'NONE',  ( -1.512945118011449956E-33, 0.0000000000000000000, 0.0000000000000000000 ) ) ;
#6892 = CARTESIAN_POINT ( 'NONE',  ( 0.6889763779499995522, -0.3285433070852992188, -0.3283464566915989535 ) ) ;
#6893 = VECTOR ( 'NONE', #5792, 39.37007874015748143 ) ;
#6894 = EDGE_LOOP ( 'NONE', ( #1926, #6500, #4162, #5288 ) ) ;
#6895 = ORIENTED_EDGE ( 'NONE', *, *, #1382, .T. ) ;
#6896 = DIRECTION ( 'NONE',  ( 1.000000000000000000, -6.123031769111886291E-17, 3.749151804555343599E-33 ) ) ;
#6897 = CIRCLE ( 'NONE', #1133, 0.1261811023500000184 ) ;
#6898 = DIRECTION ( 'NONE',  ( 0.0000000000000000000, 0.0000000000000000000, -1.000000000000000000 ) ) ;
#6899 = DIRECTION ( 'NONE',  ( 0.0000000000000000000, 1.000000000000000000, -6.123031769111886291E-17 ) ) ;
#6900 = LINE ( 'NONE', #2048, #6574 ) ;
#6901 = VECTOR ( 'NONE', #3417, 39.37007874015748143 ) ;
#6902 = ORIENTED_EDGE ( 'NONE', *, *, #4570, .F. ) ;
#6903 = CARTESIAN_POINT ( 'NONE',  ( 0.0000000000000000000, 0.3285433070852992188, -0.3118110983511730439 ) ) ;
#6904 = EDGE_CURVE ( 'NONE', #608, #3312, #3849, .T. ) ;
#6905 = ORIENTED_EDGE ( 'NONE', *, *, #4866, .T. ) ;
#6906 = FACE_OUTER_BOUND ( 'NONE', #838, .T. ) ;
#6907 = ORIENTED_EDGE ( 'NONE', *, *, #2017, .T. ) ;
#6908 = DIRECTION ( 'NONE',  ( 1.000000000000000000, 0.0000000000000000000, 0.0000000000000000000 ) ) ;
#6909 = ORIENTED_EDGE ( 'NONE', *, *, #6854, .T. ) ;
#6910 = ORIENTED_EDGE ( 'NONE', *, *, #4335, .F. ) ;
#6911 = LINE ( 'NONE', #5747, #1073 ) ;
#6912 = ORIENTED_EDGE ( 'NONE', *, *, #2901, .F. ) ;
#6913 = DIRECTION ( 'NONE',  ( 0.0000000000000000000, -1.000000000000000000, 6.123031769111886291E-17 ) ) ;
#6914 = CARTESIAN_POINT ( 'NONE',  ( -0.7921592251156935882, -0.1295225950779387847, 0.01530317195078860146 ) ) ;
#6915 = DIRECTION ( 'NONE',  ( 0.0000000000000000000, 1.000000000000000000, -6.123031769111886291E-17 ) ) ;
#6916 = DIRECTION ( 'NONE',  ( 0.0000000000000000000, 0.0000000000000000000, -1.000000000000000000 ) ) ;
#6917 = VECTOR ( 'NONE', #5145, 39.37007874015748143 ) ;
#6918 = ORIENTED_EDGE ( 'NONE', *, *, #1121, .T. ) ;
#6919 = ORIENTED_EDGE ( 'NONE', *, *, #2870, .F. ) ;
#6920 = DIRECTION ( 'NONE',  ( 0.0000000000000000000, 0.0000000000000000000, 1.000000000000000000 ) ) ;
#6921 = ADVANCED_FACE ( 'NONE', ( #3960 ), #752, .F. ) ;
#6922 = EDGE_CURVE ( 'NONE', #3574, #5599, #6550, .T. ) ;
#6923 = PLANE ( 'NONE',  #1726 ) ;
#6924 = PLANE ( 'NONE',  #5658 ) ;
#6925 = CARTESIAN_POINT ( 'NONE',  ( 0.6015748031471988000, -0.3285433070852992188, -0.09999999999959907626 ) ) ;
#6926 = DIRECTION ( 'NONE',  ( -1.000000000000000000, 0.0000000000000000000, 0.0000000000000000000 ) ) ;
#6927 = ORIENTED_EDGE ( 'NONE', *, *, #2540, .F. ) ;
#6928 = CARTESIAN_POINT ( 'NONE',  ( -0.7387937305823458756, -0.1334614873947926050, -0.2137198127411585602 ) ) ;
#6929 = CIRCLE ( 'NONE', #3860, 0.007874015748000031539 ) ;
#6930 = DIRECTION ( 'NONE',  ( 0.0000000000000000000, -6.123031769111886291E-17, -1.000000000000000000 ) ) ;
#6931 = DIRECTION ( 'NONE',  ( 0.0000000000000000000, 0.7071067811865474617, -0.7071067811865474617 ) ) ;
#6932 = CARTESIAN_POINT ( 'NONE',  ( 0.3297244094704998019, 0.2785433070854992366, 0.1610236220466032264 ) ) ;
#6933 = CIRCLE ( 'NONE', #5806, 0.6251968503911999875 ) ;
#6934 = ORIENTED_EDGE ( 'NONE', *, *, #1323, .T. ) ;
#6935 = DIRECTION ( 'NONE',  ( 0.0000000000000000000, 0.0000000000000000000, 1.000000000000000000 ) ) ;
#6936 = ORIENTED_EDGE ( 'NONE', *, *, #124, .T. ) ;
#6937 = LINE ( 'NONE', #894, #1220 ) ;
#6938 = ORIENTED_EDGE ( 'NONE', *, *, #4044, .T. ) ;
#6939 = CARTESIAN_POINT ( 'NONE',  ( 0.7133858267687989141, 0.3285433070852992188, -0.09999999999959907626 ) ) ;
#6940 = ORIENTED_EDGE ( 'NONE', *, *, #2185, .T. ) ;
#6941 = ORIENTED_EDGE ( 'NONE', *, *, #339, .F. ) ;
#6942 = DIRECTION ( 'NONE',  ( 0.0000000000000000000, 1.000000000000000000, 0.0000000000000000000 ) ) ;
#6943 = CARTESIAN_POINT ( 'NONE',  ( 0.5974541065288656583, -0.3385826771640010335, -0.3118110236207991548 ) ) ;
#6944 = DIRECTION ( 'NONE',  ( 0.0000000000000000000, 0.0000000000000000000, 1.000000000000000000 ) ) ;
#6945 = EDGE_CURVE ( 'NONE', #2781, #5005, #243, .T. ) ;
#6946 = VERTEX_POINT ( 'NONE', #2785 ) ;
#6947 = VECTOR ( 'NONE', #5982, 39.37007874015748143 ) ;
#6948 = DIRECTION ( 'NONE',  ( -0.0000000000000000000, 0.7071067811865443531, -0.7071067811865507924 ) ) ;
#6949 = AXIS2_PLACEMENT_3D ( 'NONE', #1767, #2398, #3917 ) ;
#6950 = CARTESIAN_POINT ( 'NONE',  ( 0.0000000000000000000, 0.3582677165339997472, 4.440892098500626162E-16 ) ) ;
#6951 = CARTESIAN_POINT ( 'NONE',  ( -0.7387937305823457645, 2.561107494060246767E-17, 0.2185039370069999654 ) ) ;
#6952 = AXIS2_PLACEMENT_3D ( 'NONE', #1262, #2313, #770 ) ;
#6953 = LINE ( 'NONE', #4713, #5142 ) ;
#6954 = LINE ( 'NONE', #6424, #2783 ) ;
#6955 = ORIENTED_EDGE ( 'NONE', *, *, #4422, .T. ) ;
#6956 = CIRCLE ( 'NONE', #3217, 0.03188976377939998358 ) ;
#6957 = ORIENTED_EDGE ( 'NONE', *, *, #3787, .F. ) ;
#6958 = CARTESIAN_POINT ( 'NONE',  ( -8.881784197001252323E-16, -0.3385826771639992572, -0.3118110236207991548 ) ) ;
#6959 = DIRECTION ( 'NONE',  ( 0.0000000000000000000, 0.0000000000000000000, 1.000000000000000000 ) ) ;
#6960 = LINE ( 'NONE', #3731, #849 ) ;
#6961 = DIRECTION ( 'NONE',  ( 1.000000000000000000, 0.0000000000000000000, 0.0000000000000000000 ) ) ;
#6962 = VECTOR ( 'NONE', #6035, 39.37007874015748143 ) ;
#6963 = VERTEX_POINT ( 'NONE', #2370 ) ;
#6964 = DIRECTION ( 'NONE',  ( 0.0000000000000000000, 0.0000000000000000000, 1.000000000000000000 ) ) ;
#6965 = ORIENTED_EDGE ( 'NONE', *, *, #6854, .F. ) ;
#6966 = VECTOR ( 'NONE', #2697, 39.37007874015748854 ) ;
#6967 = DIRECTION ( 'NONE',  ( 0.0000000000000000000, -1.000000000000000000, 0.0000000000000000000 ) ) ;
#6968 = EDGE_LOOP ( 'NONE', ( #1277, #2770, #4169, #6335, #6721, #2340, #3961, #792 ) ) ;
#6969 = CARTESIAN_POINT ( 'NONE',  ( 0.1338582677159998735, 0.3104330708652991433, -0.3283464566915989535 ) ) ;
#6970 = APPLICATION_PROTOCOL_DEFINITION ( 'draft international standard', 'automotive_design', 1998, #2802 ) ;
#6971 = ORIENTED_EDGE ( 'NONE', *, *, #242, .F. ) ;
#6972 = VECTOR ( 'NONE', #36, 39.37007874015748143 ) ;
#6973 = VERTEX_POINT ( 'NONE', #4523 ) ;
#6974 = DIRECTION ( 'NONE',  ( -0.9993908270190796639, -2.136907270382444484E-18, -0.03489949670296078887 ) ) ;
#6975 = VERTEX_POINT ( 'NONE', #4951 ) ;
#6976 = CARTESIAN_POINT ( 'NONE',  ( 0.1338582677159996237, 0.3285433070852992188, -0.4543307086595991251 ) ) ;
#6977 = VECTOR ( 'NONE', #4861, 39.37007874015748143 ) ;
#6978 = CARTESIAN_POINT ( 'NONE',  ( -0.5944881889760003091, 0.0000000000000000000, -0.2165354330699997554 ) ) ;
#6979 = CARTESIAN_POINT ( 'NONE',  ( 0.1574803149599999230, 0.3285433070852992188, -0.4543307086595991251 ) ) ;
#6980 = LINE ( 'NONE', #2131, #1441 ) ;
#6981 = DIRECTION ( 'NONE',  ( 0.9993908270192757293, -2.136907270038746878E-18, -0.03489949669734759841 ) ) ;
#6982 = AXIS2_PLACEMENT_3D ( 'NONE', #6578, #82, #2694 ) ;
#6983 = ORIENTED_EDGE ( 'NONE', *, *, #5711, .F. ) ;
#6984 = AXIS2_PLACEMENT_3D ( 'NONE', #4597, #6314, #939 ) ;
#6985 = DIRECTION ( 'NONE',  ( 0.0000000000000000000, -0.7071067811865443531, 0.7071067811865507924 ) ) ;
#6986 = EDGE_CURVE ( 'NONE', #5637, #6298, #3990, .T. ) ;
#6987 = EDGE_CURVE ( 'NONE', #1902, #5033, #4415, .T. ) ;
#6988 = CARTESIAN_POINT ( 'NONE',  ( 0.2352362204714993354, 0.2559938388666496145, 0.1835730902654524321 ) ) ;
#6989 = DIRECTION ( 'NONE',  ( 0.0000000000000000000, 6.123031769111886291E-17, 1.000000000000000000 ) ) ;
#6990 = AXIS2_PLACEMENT_3D ( 'NONE', #1834, #1874, #4407 ) ;
#6991 = DIRECTION ( 'NONE',  ( -1.000000000000000000, -6.123031769111886291E-17, 3.749151804555343599E-33 ) ) ;
#6992 = FACE_OUTER_BOUND ( 'NONE', #5057, .T. ) ;
#6993 = ORIENTED_EDGE ( 'NONE', *, *, #6880, .T. ) ;
#6994 = ORIENTED_EDGE ( 'NONE', *, *, #2227, .T. ) ;
#6995 = AXIS2_PLACEMENT_3D ( 'NONE', #1789, #4434, #766 ) ;
#6996 = CYLINDRICAL_SURFACE ( 'NONE', #5308, 0.2964566929122000039 ) ;
#6997 = LINE ( 'NONE', #6398, #1117 ) ;
#6998 = VECTOR ( 'NONE', #1964, 39.37007874015748143 ) ;
#6999 = NEXT_ASSEMBLY_USAGE_OCCURRENCE ( 'NAUO1', ' ', ' ', #3303, #4640, $ ) ;
#7000 = NEXT_ASSEMBLY_USAGE_OCCURRENCE ( 'NAUO2', ' ', ' ', #3303, #1411, $ ) ;
ENDSEC;
END-ISO-10303-21;
